seed,frame,cls,uc,v
42,334,1,52.1,549.5
42,334,0,571.0,514.5
42,334,0,596.0,473.5
42,334,0,597.0,474.0
42,334,1,155.8,625.0
42,334,1,387.5,554.0
42,334,1,581.0,508.0
42,334,0,541.5,542.5
42,334,1,624.5,445.0
42,334,1,157.6,569.0
42,334,0,611.0,460.5
42,334,0,503.5,591.5
42,334,0,610.5,460.2
42,334,0,619.5,449.8
42,334,1,623.5,447.8
42,335,1,11.7,558.5
42,335,1,119.2,636.0
42,335,0,563.0,473.5
42,335,1,358.0,528.5
42,335,0,472.8,582.5
42,335,1,547.0,507.5
42,335,0,564.0,474.0
42,335,0,577.0,460.5
42,335,0,539.0,513.5
42,335,0,30.5,467.8
42,335,0,510.2,541.5
42,335,1,121.1,569.0
42,336,1,90.9,638.0
42,336,1,334.5,639.0
42,336,1,620.0,369.0
42,336,0,452.5,588.0
42,336,1,566.0,439.0
42,336,0,541.0,472.0
42,336,0,517.0,510.5
42,336,1,94.2,570.0
42,336,0,489.0,540.0
42,336,0,541.0,472.2
42,336,1,525.5,506.5
42,336,0,19.6,442.5
42,336,1,337.0,542.0
42,336,0,582.0,418.0
42,336,0,542.0,472.2
42,336,0,583.0,417.0
42,336,0,554.0,458.5
42,336,0,519.5,509.2
42,337,1,45.3,640.0
42,337,1,301.0,640.0
42,337,0,419.2,587.5
42,337,0,517.5,458.0
42,337,1,580.0,370.5
42,337,0,504.8,471.5
42,337,0,455.2,539.0
42,337,1,490.5,504.0
42,337,0,482.0,509.0
42,337,0,518.0,458.0
42,337,0,517.0,457.8
42,337,1,304.5,543.5
42,337,1,530.0,436.5
42,337,0,637.0,454.0
42,338,1,265.4,640.0
42,338,1,7.5,421.5
42,338,1,456.5,504.0
42,338,0,385.0,589.5
42,338,1,635.0,521.0
42,338,0,421.5,541.0
42,338,0,471.5,475.5
42,338,0,482.8,460.0
42,338,0,447.0,508.0
42,338,0,616.0,484.0
42,339,1,590.0,525.5
42,339,1,223.0,639.0
42,339,0,445.5,461.8
42,339,0,621.5,565.5
42,339,0,412.0,514.0
42,339,1,420.0,508.0
42,339,1,503.5,378.2
42,339,0,349.5,596.0
42,339,0,434.2,475.2
42,339,0,572.5,485.5
42,339,1,226.4,541.5
42,339,1,456.2,443.5
42,339,1,591.0,503.5
42,340,1,162.8,640.0
42,340,0,566.0,555.5
42,340,1,537.5,522.5
42,340,1,375.0,506.8
42,340,1,455.5,379.0
42,340,0,389.8,476.8
42,340,0,637.0,552.0
42,340,0,302.8,607.5
42,340,0,366.8,514.5
42,340,0,340.5,547.0
42,341,1,124.5,640.0
42,341,1,506.0,522.0
42,341,1,426.0,383.0
42,341,0,535.0,554.0
42,341,0,360.8,477.0
42,341,1,347.0,512.0
42,341,0,372.8,465.5
42,341,1,505.8,523.5
42,341,0,273.0,608.0
42,341,0,574.0,596.0
42,341,0,362.0,478.0
42,341,0,312.2,559.0
42,342,1,103.4,640.0
42,342,0,520.5,564.0
42,342,1,493.8,522.5
42,342,0,560.0,587.0
42,342,0,327.8,523.5
42,342,0,361.0,467.0
42,342,1,334.5,517.0
42,342,0,636.0,525.0
42,342,0,594.0,564.0
42,342,0,634.0,527.0
42,342,0,631.0,528.5
42,342,1,372.0,445.0
42,343,1,81.1,640.0
42,343,1,402.5,384.5
42,343,1,325.0,517.0
42,343,0,339.0,481.5
42,343,1,481.5,525.5
42,343,0,550.0,594.0
42,343,0,316.5,525.0
42,343,0,511.0,560.0
42,343,0,350.0,468.0
42,343,1,324.0,516.0
42,344,1,66.2,638.5
42,344,0,507.0,561.0
42,344,1,477.8,523.5
42,344,1,396.5,385.0
42,344,0,312.2,524.0
42,344,0,547.0,594.0
42,344,1,318.8,521.5
42,344,0,461.5,487.8
42,344,0,240.2,627.5
42,344,0,580.5,568.0
42,345,1,59.7,639.5
42,345,1,395.5,382.5
42,345,0,506.8,564.5
42,345,0,88.3,523.0
42,345,1,477.0,525.5
42,345,0,237.9,626.0
42,345,0,332.8,487.8
42,345,0,344.0,471.0
42,345,0,280.5,571.0
42,345,0,310.0,529.0
42,345,1,317.5,524.0
42,345,0,545.5,551.5
42,345,0,547.0,598.0
42,346,1,46.5,640.0
42,346,1,394.5,386.2
42,346,1,475.5,527.5
42,346,1,314.8,526.0
42,346,0,341.8,474.0
42,346,0,506.2,569.0
42,346,0,547.5,598.5
42,346,0,331.0,488.5
42,346,0,277.5,582.0
42,346,0,330.0,487.2
42,346,1,50.9,545.0
42,347,1,37.0,640.0
42,347,1,475.0,530.5
42,347,1,314.0,528.5
42,347,0,505.8,572.0
42,347,0,328.5,487.8
42,347,1,391.5,385.5
42,347,0,341.0,477.5
42,348,1,24.8,640.0
42,348,1,474.0,537.0
42,348,1,311.0,532.5
42,348,1,389.0,389.2
42,348,0,505.5,576.0
42,348,0,73.6,544.5
42,348,0,302.8,538.0
42,348,0,327.5,500.5
42,348,0,549.0,625.0
42,348,0,587.0,578.0
42,349,1,22.5,640.0
42,349,1,475.5,538.0
42,349,1,312.5,531.5
42,349,1,390.0,388.5
42,349,0,303.0,540.5
42,349,0,73.1,540.0
42,349,0,328.0,497.2
42,349,1,25.4,519.0
42,349,0,552.0,581.0
42,349,0,552.5,614.0
42,349,0,142.5,485.0
42,350,1,11.3,534.0
42,350,1,471.5,540.5
42,350,0,550.5,628.5
42,350,1,306.5,536.0
42,350,0,505.0,586.5
42,350,1,22.1,531.0
42,350,0,322.8,500.0
42,350,0,453.0,497.5
42,350,0,219.6,638.0
42,350,0,22.0,532.0
42,350,0,334.5,484.5
42,351,1,465.0,544.0
42,351,1,380.0,393.0
42,351,1,300.5,537.5
42,351,0,588.0,594.5
42,351,0,316.5,500.2
42,351,0,544.0,576.0
42,351,0,260.2,536.5
42,352,1,462.0,542.5
42,352,1,296.0,539.0
42,352,1,374.2,394.0
42,352,1,461.0,542.0
42,352,0,204.8,636.0
42,352,0,542.0,583.5
42,352,0,311.2,497.5
42,352,0,323.8,484.5
42,352,1,333.8,459.5
42,352,0,286.5,545.0
42,353,1,457.2,545.5
42,353,1,456.5,543.5
42,353,1,290.2,541.0
42,353,1,329.8,466.0
42,353,1,372.0,393.5
42,353,0,306.0,504.0
42,353,0,197.5,639.0
42,354,1,458.0,549.5
42,354,0,590.0,605.0
42,354,1,290.2,542.5
42,354,1,372.0,394.8
42,354,0,494.0,592.5
42,354,1,330.0,465.2
42,354,0,542.0,588.5
42,354,0,318.0,486.5
42,354,0,306.0,502.5
42,355,1,458.8,551.0
42,355,1,371.5,392.2
42,355,0,496.0,595.5
42,355,0,317.2,484.2
42,355,0,22.8,556.5
42,355,0,304.8,500.5
42,355,1,288.8,542.5
42,355,0,545.5,591.0
42,356,1,368.5,389.2
42,356,1,456.5,550.0
42,356,1,286.0,544.5
42,356,1,326.0,461.5
42,356,0,187.9,639.5
42,356,0,10.9,557.5
42,356,1,126.2,498.0
42,356,1,325.0,458.5
42,356,0,493.5,599.0
42,357,1,363.5,390.0
42,357,1,451.8,550.0
42,357,1,280.0,541.0
42,357,0,296.5,496.0
42,357,0,309.2,483.5
42,357,0,489.8,598.5
42,357,0,270.2,554.0
42,358,1,359.0,386.0
42,358,1,450.0,547.0
42,358,1,276.5,538.0
42,358,0,171.9,637.0
42,358,0,489.2,600.5
42,358,0,231.6,609.0
42,358,0,294.0,494.2
42,358,0,293.5,494.0
42,358,0,428.5,503.2
42,359,1,360.0,384.5
42,359,1,449.5,544.0
42,359,0,293.5,493.2
42,359,1,276.0,538.0
42,359,0,230.0,609.0
42,359,0,305.5,478.0
42,359,0,171.6,638.0
42,360,1,449.5,541.0
42,360,1,358.0,379.5
42,360,1,316.8,447.0
42,360,0,292.0,491.5
42,360,1,274.5,538.0
42,360,0,548.5,631.0
42,360,0,490.5,594.0
42,360,1,273.2,539.5
42,361,1,356.0,381.0
42,361,1,447.0,540.5
42,361,0,157.4,635.0
42,361,1,270.0,538.0
42,361,0,301.0,475.5
42,362,0,279.5,493.2
42,362,1,439.2,541.0
42,362,1,348.5,377.5
42,362,0,143.5,633.0
42,362,0,211.5,611.0
42,362,0,292.5,474.5
42,362,0,261.5,537.0
42,362,1,261.5,536.0
42,362,0,388.5,429.0
42,363,1,340.0,376.0
42,363,1,429.5,546.0
42,363,0,125.8,631.0
42,363,1,430.0,540.5
42,363,1,295.8,449.0
42,363,0,198.2,617.0
42,363,0,534.0,635.5
42,363,0,470.8,588.0
42,363,1,250.0,539.5
42,363,0,407.0,490.2
42,364,1,335.5,372.2
42,364,1,244.9,539.5
42,364,1,424.0,537.5
42,364,0,264.0,492.0
42,364,0,263.0,489.5
42,364,0,593.0,635.0
42,364,0,277.5,472.5
42,365,0,108.0,637.0
42,365,1,332.0,376.5
42,365,1,422.0,537.0
42,365,0,230.5,548.0
42,365,0,465.0,589.0
42,365,0,260.5,488.2
42,365,1,240.6,541.0
42,366,1,329.0,371.0
42,366,1,421.2,536.0
42,366,1,286.0,445.0
42,366,0,259.0,491.5
42,366,0,227.4,544.5
42,366,0,463.5,589.0
42,366,0,398.8,484.0
42,366,0,184.4,619.0
42,366,1,238.5,538.5
42,367,1,420.5,534.0
42,367,1,327.5,368.5
42,367,0,98.6,638.0
42,367,0,182.8,624.5
42,367,0,257.6,488.0
42,367,1,284.5,443.0
42,367,0,226.0,535.0
42,368,1,420.5,527.5
42,368,1,327.0,365.0
42,368,0,180.5,617.0
42,368,1,237.1,529.0
42,369,0,251.2,478.5
42,369,1,324.0,363.5
42,369,0,83.5,639.0
42,369,1,230.2,536.5
42,369,1,279.0,441.0
42,369,0,172.0,625.0
42,369,1,230.1,534.5
42,369,1,416.0,525.0
42,370,0,249.8,480.2
42,370,0,79.2,640.0
42,370,1,229.4,535.0
42,370,1,415.0,519.0
42,370,0,3.9,614.0
42,370,1,278.0,437.5
42,370,0,171.5,619.0
42,370,1,277.2,438.5
42,370,0,217.0,541.0
42,371,0,250.0,480.0
42,371,1,229.2,536.0
42,371,1,416.5,520.5
42,371,1,323.8,359.0
42,371,1,229.1,536.0
42,371,1,277.8,434.0
42,371,1,278.5,433.5
42,371,0,168.8,630.0
42,371,0,76.2,639.0
42,372,0,248.4,477.5
42,372,1,415.0,520.5
42,372,1,276.8,434.0
42,372,0,263.0,462.5
42,372,0,213.8,545.5
42,372,0,165.8,637.0
42,372,1,226.5,534.0
42,373,0,247.8,480.0
42,373,0,164.9,634.0
42,373,0,263.0,462.0
42,373,1,276.8,434.5
42,373,0,213.1,547.0
42,374,0,246.2,481.0
42,374,1,275.0,437.0
42,374,1,414.8,522.5
42,374,1,373.0,430.5
42,374,0,261.2,463.2
42,375,1,413.8,521.0
42,375,0,245.1,481.0
42,375,0,390.5,473.2
42,376,0,243.5,479.0
42,376,0,259.5,463.0
42,376,1,221.2,535.5
42,376,1,219.2,539.5
42,376,1,272.5,435.0
42,376,1,414.0,523.0
42,376,1,273.5,433.2
42,377,0,243.9,477.8
42,377,1,272.5,437.2
42,377,1,273.5,435.5
42,377,0,259.5,460.5
42,377,1,221.1,531.5
42,377,0,268.5,444.5
42,377,1,415.2,522.0
42,377,1,219.0,537.0
42,378,0,242.8,478.2
42,378,1,415.0,523.0
42,378,1,271.5,437.5
42,378,0,46.5,639.0
42,379,1,218.0,539.0
42,379,0,241.8,481.8
42,379,1,271.0,426.5
42,380,1,315.8,355.0
42,380,1,215.0,539.5
42,380,1,270.0,431.0
42,380,1,413.2,524.5
42,380,0,148.5,636.0
42,380,1,270.0,433.2
42,380,1,369.0,427.8
42,381,1,315.5,357.2
42,381,1,213.2,541.5
42,381,1,412.0,532.0
42,381,1,268.2,432.8
42,381,0,237.8,481.0
42,381,1,367.5,426.5
42,381,0,235.5,456.5
42,381,0,198.4,556.5
42,382,1,315.2,357.8
42,382,1,212.5,539.0
42,382,0,237.5,482.2
42,382,1,268.0,425.5
42,382,1,213.0,538.5
42,382,0,636.0,573.0
42,382,0,197.8,543.0
42,382,1,5.0,524.0
42,383,1,316.0,354.5
42,383,0,237.1,477.8
42,383,1,212.1,537.5
42,383,0,355.2,403.5
42,383,0,197.8,537.5
42,383,1,413.5,528.5
42,383,1,368.0,426.5
42,383,1,369.0,428.0
42,383,1,4.0,525.5
42,384,0,234.0,484.0
42,384,1,312.2,353.0
42,384,1,412.0,533.5
42,384,1,265.5,434.0
42,384,1,207.9,543.0
42,384,1,366.0,432.8
42,385,1,316.0,352.0
42,385,0,233.6,482.0
42,385,1,207.5,545.5
42,385,1,413.0,535.0
42,385,1,266.0,435.0
42,386,1,312.8,355.2
42,386,0,231.5,480.0
42,386,1,411.8,538.5
42,386,1,263.8,430.5
42,386,0,249.2,461.8
42,386,1,365.5,433.5
42,386,1,205.8,542.0
42,387,1,312.2,350.5
42,387,0,232.2,480.2
42,387,1,414.0,536.0
42,387,1,265.2,436.2
42,387,1,205.0,548.0
42,387,0,250.0,461.5
42,388,1,311.5,351.5
42,388,1,203.0,548.0
42,388,1,262.0,434.5
42,388,1,413.0,541.0
42,388,0,230.8,483.0
42,388,0,247.1,464.0
42,389,1,310.5,352.0
42,389,1,262.0,435.0
42,389,1,201.0,551.0
42,389,1,412.2,545.5
42,389,1,261.5,437.5
42,390,1,199.5,552.5
42,390,1,411.0,546.0
42,390,1,260.0,434.0
42,390,1,308.5,355.0
42,390,1,361.5,436.2
42,390,0,182.8,566.0
42,390,0,226.8,484.0
42,391,1,309.0,356.0
42,391,1,199.0,555.0
42,391,1,412.0,548.0
42,392,1,411.0,548.5
42,392,1,361.5,436.5
42,392,1,307.5,358.5
42,392,1,196.2,553.5
42,392,0,114.9,639.0
42,392,1,258.1,437.0
42,393,1,361.5,436.0
42,393,1,411.0,546.5
42,393,1,308.0,356.5
42,393,0,112.8,638.0
42,393,1,258.2,429.5
42,394,1,304.5,354.5
42,394,1,408.0,548.5
42,394,1,254.5,434.8
42,394,1,190.2,559.5
42,394,0,219.5,487.5
42,395,1,305.0,351.8
42,395,1,409.0,547.0
42,395,1,189.6,554.5
42,395,0,219.2,487.2
42,395,1,251.2,427.5
42,395,0,101.2,639.0
42,395,1,359.0,431.0
42,396,1,302.2,355.0
42,396,0,217.2,490.5
42,396,1,408.0,545.5
42,396,1,186.1,561.0
42,396,1,253.0,437.0
42,396,1,357.5,432.2
42,397,1,305.5,353.5
42,397,0,219.0,487.5
42,397,1,411.0,547.0
42,397,1,360.2,430.5
42,397,1,187.0,561.0
42,397,1,254.5,433.0
42,398,1,300.8,355.2
42,398,1,184.0,565.5
42,398,0,215.2,493.0
42,398,1,408.5,549.5
42,398,1,357.2,432.5
42,398,1,251.5,433.8
42,398,1,248.0,441.2
42,398,1,251.8,436.0
42,398,0,261.0,421.0
42,398,1,246.2,434.0
42,398,1,251.8,435.5
42,399,0,217.6,495.0
42,399,1,303.5,351.5
42,399,1,411.5,549.5
42,399,1,254.2,434.0
42,399,1,185.0,565.0
42,399,0,262.5,421.5
42,399,1,359.8,433.5
42,400,1,301.0,354.0
42,400,1,409.5,552.5
42,400,1,181.8,567.5
42,400,1,250.9,432.0
42,400,0,260.5,422.5
42,400,1,357.5,432.0
42,400,0,244.8,453.5
42,400,1,249.2,437.0
42,400,0,213.9,491.8
42,400,0,233.8,471.0
42,401,1,303.5,355.8
42,401,1,253.5,440.5
42,401,1,411.8,551.5
42,401,0,215.4,495.0
42,401,1,182.5,570.5
42,401,0,246.0,452.0
42,401,0,235.2,471.5
42,402,1,299.5,354.5
42,402,1,176.2,570.0
42,402,1,248.6,439.2
42,402,1,409.2,548.5
42,402,0,210.9,493.0
42,402,0,232.0,470.5
42,402,1,356.0,432.5
42,402,1,243.5,436.0
42,402,1,249.2,440.0
42,403,1,301.2,354.2
42,403,1,411.8,550.5
42,403,1,357.8,431.8
42,403,1,178.8,569.5
42,403,1,251.1,429.2
42,403,0,213.6,493.8
42,404,1,301.2,351.0
42,404,1,412.0,552.0
42,404,1,176.4,570.0
42,404,0,211.9,492.2
42,404,1,358.0,429.2
42,404,1,250.2,431.0
42,405,1,301.0,351.0
42,405,1,175.9,575.0
42,405,0,211.8,491.5
42,405,1,413.5,552.0
42,405,1,251.0,431.2
42,406,1,301.2,351.5
42,406,1,173.0,579.5
42,406,1,413.5,553.5
42,406,1,358.5,433.0
42,406,0,232.8,474.0
42,406,1,249.8,437.0
42,406,0,210.5,498.0
42,407,1,412.0,553.5
42,407,1,300.0,349.5
42,407,1,171.2,581.0
42,407,1,242.0,437.5
42,407,1,247.2,441.0
42,407,1,357.5,431.0
42,407,1,248.8,442.0
42,408,1,299.5,349.5
42,408,1,169.2,583.0
42,408,1,413.0,554.5
42,408,1,247.5,438.0
42,408,0,207.2,496.5
42,408,1,357.5,431.0
42,409,1,165.4,583.0
42,409,1,411.8,554.5
42,409,1,298.0,350.0
42,409,1,245.6,440.2
42,409,1,354.2,421.0
42,409,1,244.8,442.5
42,409,0,204.8,499.5
42,410,1,411.5,551.5
42,410,1,164.0,583.0
42,410,1,245.2,437.5
42,410,1,298.0,350.0
42,410,1,353.8,424.2
42,410,1,244.4,438.5
42,410,1,354.5,427.5
42,410,0,203.8,495.8
42,410,0,378.2,478.2
42,410,0,237.8,450.0
42,411,1,298.5,343.2
42,411,1,246.0,437.5
42,411,1,413.2,552.5
42,411,1,245.2,438.2
42,411,1,163.4,583.0
42,411,1,355.0,420.8
42,411,0,203.8,494.2
42,411,1,238.6,439.5
42,412,1,299.5,343.0
42,412,1,245.9,434.0
42,412,1,163.8,582.0
42,412,1,246.5,433.5
42,412,0,265.0,402.2
42,412,1,357.5,420.5
42,412,0,257.4,414.2
42,412,0,204.9,492.0
42,412,1,356.5,416.0
42,413,1,303.5,337.5
42,413,1,168.5,582.0
42,413,1,361.8,419.2
42,413,1,422.2,558.5
42,413,1,251.4,432.5
42,413,0,262.0,411.5
42,414,1,306.5,336.0
42,414,1,168.8,581.0
42,414,1,253.6,432.0
42,414,1,424.5,552.0
42,414,1,365.5,418.5
42,414,0,389.5,473.0
42,414,1,364.8,419.5
42,414,1,366.0,420.5
42,415,1,305.0,337.5
42,415,1,167.5,582.5
42,415,1,424.5,552.5
42,415,1,252.5,430.5
42,415,0,389.0,473.5
42,415,1,251.4,425.8
42,416,1,428.2,553.0
42,416,1,307.8,337.0
42,416,1,169.8,582.0
42,416,1,254.5,427.0
42,416,0,391.5,475.0
42,416,0,634.0,597.0
42,416,1,366.2,411.0
42,416,0,212.0,489.5
42,417,1,428.0,552.0
42,417,1,307.2,332.0
42,417,1,166.8,580.5
42,417,1,253.8,429.5
42,417,1,365.2,414.0
42,417,0,264.0,406.8
42,417,1,365.5,412.2
42,417,0,390.5,469.5
42,418,1,428.8,554.0
42,418,1,305.8,331.5
42,418,1,166.0,583.0
42,418,1,253.0,428.5
42,418,1,365.2,414.5
42,418,0,209.9,489.0
42,418,0,390.8,469.5
42,418,0,264.0,407.5
42,418,1,252.1,426.2
42,418,1,365.5,412.5
42,419,1,436.8,550.0
42,419,1,258.5,420.0
42,419,0,215.8,485.0
42,419,1,171.4,581.0
42,419,1,312.0,328.8
42,419,1,371.5,408.5
42,419,1,257.2,417.8
42,420,1,262.0,423.5
42,420,0,218.2,484.0
42,420,1,261.0,423.8
42,420,1,440.0,545.0
42,420,1,172.4,583.5
42,420,1,374.0,404.5
42,420,1,314.5,329.5
42,420,1,254.4,419.5
42,420,0,280.5,390.0
42,420,0,273.0,402.5
42,421,1,268.2,420.5
42,421,1,381.5,405.0
42,421,0,408.0,466.2
42,421,1,178.8,580.0
42,421,1,267.5,423.0
42,421,1,267.0,415.0
42,421,1,382.2,410.0
42,422,0,277.0,403.5
42,422,1,175.5,587.5
42,422,0,222.0,486.0
42,422,1,265.8,424.5
42,422,0,406.0,467.2
42,422,1,380.2,410.0
42,422,0,245.5,458.5
42,422,0,258.8,435.5
42,422,1,382.0,413.0
42,422,1,381.0,413.5
42,422,0,632.0,350.8
42,422,0,196.2,546.5
42,423,1,324.0,329.2
42,423,1,182.2,588.0
42,423,1,385.5,408.0
42,423,1,455.0,562.5
42,423,0,227.5,487.0
42,424,1,325.8,323.2
42,424,1,181.5,588.5
42,424,1,455.8,551.0
42,424,1,386.2,408.2
42,424,1,272.8,423.5
42,424,1,271.5,425.2
42,424,0,283.8,403.0
42,424,0,227.2,487.5
42,425,1,456.2,568.0
42,425,1,323.5,329.2
42,425,1,385.2,411.8
42,425,1,270.0,425.0
42,425,1,179.5,593.5
42,426,1,461.5,572.0
42,426,1,272.8,425.5
42,426,1,328.0,332.8
42,426,1,273.5,428.0
42,426,1,389.2,417.5
42,426,0,17.6,638.0
42,426,0,284.5,407.0
42,426,1,180.5,597.0
42,426,1,180.1,595.5
42,426,0,373.0,383.5
42,427,1,465.0,577.0
42,427,1,328.5,334.8
42,427,1,181.0,600.5
42,427,1,274.0,426.5
42,427,1,391.0,419.0
42,427,0,15.8,638.0
42,427,1,273.2,423.0
42,427,0,419.5,483.0
42,427,0,229.0,492.0
42,427,1,181.5,603.5
42,427,1,390.0,415.2
42,428,1,466.5,580.5
42,428,1,330.0,339.2
42,428,1,179.9,602.5
42,428,1,274.0,430.5
42,428,1,391.0,418.5
42,428,0,420.0,484.5
42,428,0,286.0,410.0
42,428,1,273.0,433.0
42,429,1,467.5,580.5
42,429,1,179.5,610.0
42,429,1,327.8,334.5
42,429,0,285.0,412.0
42,429,1,390.5,419.5
42,429,1,273.2,428.2
42,429,1,390.0,415.5
42,429,1,274.0,431.0
42,429,0,420.5,486.5
42,429,1,272.2,434.0
42,429,0,228.4,499.0
42,429,0,293.8,400.0
42,430,1,331.2,337.8
42,430,1,393.2,418.5
42,430,1,472.0,584.5
42,430,1,276.2,432.8
42,430,1,179.4,607.5
42,430,1,275.0,428.5
42,430,0,423.0,484.5
42,430,0,228.9,497.0
42,430,0,268.5,446.0
42,431,1,176.8,616.5
42,431,1,329.5,338.8
42,431,1,392.5,421.5
42,431,0,422.8,487.5
42,431,1,472.2,590.5
42,431,1,275.0,430.0
42,431,1,274.0,430.0
42,431,0,227.6,502.0
42,431,1,273.0,434.5
42,431,1,391.5,416.0
42,431,0,294.2,401.0
42,431,0,201.2,570.0
42,431,0,286.2,412.0
42,432,1,330.0,341.5
42,432,1,392.8,423.2
42,432,1,175.1,620.0
42,432,0,422.8,489.2
42,432,0,227.0,501.8
42,432,1,273.8,433.8
42,432,0,286.2,415.0
42,432,1,472.5,588.5
42,432,0,87.9,520.0
42,432,1,274.5,436.5
42,432,0,71.7,534.5
42,433,1,331.0,342.0
42,433,1,393.5,425.0
42,433,1,174.8,623.5
42,433,1,275.5,440.2
42,433,0,227.6,508.5
42,433,0,425.2,494.0
42,433,1,474.5,589.0
42,433,0,286.5,417.5
42,433,1,274.8,437.0
42,433,1,274.5,443.0
42,433,1,175.0,625.0
42,434,1,393.0,427.0
42,434,1,330.2,343.0
42,434,0,425.0,493.5
42,434,0,285.8,419.8
42,434,1,475.8,591.5
42,434,0,226.5,509.5
42,434,1,171.5,630.0
42,434,0,17.0,576.5
42,434,1,273.0,436.0
42,435,1,330.5,344.0
42,435,1,477.5,605.5
42,435,0,426.5,495.5
42,435,1,394.0,428.2
42,435,1,274.5,440.0
42,435,1,273.5,439.0
42,435,1,170.8,633.5
42,436,1,331.5,346.0
42,436,1,395.8,427.0
42,436,1,274.5,443.0
42,436,0,428.2,502.0
42,436,0,286.5,424.0
42,436,1,167.8,632.0
42,436,1,483.0,617.0
42,436,0,6.4,599.0
42,436,1,273.5,438.5
42,436,0,296.0,407.0
42,437,1,397.0,431.2
42,437,1,331.5,347.5
42,437,0,430.8,502.0
42,437,1,486.2,613.5
42,437,0,224.8,521.0
42,437,1,274.0,445.5
42,437,0,286.5,425.5
42,437,1,273.0,448.2
42,437,0,378.5,399.5
42,437,0,295.5,411.2
42,437,0,377.8,399.2
42,438,1,331.5,345.0
42,438,1,274.8,447.5
42,438,1,398.0,433.5
42,438,0,587.0,574.0
42,438,1,273.5,450.5
42,438,1,488.0,629.0
42,438,0,432.5,499.5
42,438,1,489.0,630.0
42,438,0,379.2,398.0
42,439,1,331.0,354.5
42,439,1,399.0,440.5
42,439,0,221.8,538.5
42,439,1,493.0,610.0
42,439,1,489.5,632.5
42,439,1,274.0,459.5
42,439,0,434.0,514.5
42,439,0,379.0,402.8
42,439,0,468.8,579.0
42,440,1,331.8,361.8
42,440,1,274.5,463.0
42,440,0,438.5,522.5
42,440,0,221.0,547.0
42,440,1,400.5,443.2
42,440,1,500.8,633.5
42,440,0,380.8,411.5
42,440,0,297.0,425.0
42,441,1,332.5,358.2
42,441,1,275.5,465.5
42,441,0,439.5,524.0
42,441,0,220.6,547.0
42,441,1,401.5,449.8
42,441,1,150.2,638.0
42,441,1,499.5,624.0
42,441,0,288.5,442.2
42,442,1,140.8,639.5
42,442,1,331.5,361.5
42,442,1,274.0,473.2
42,442,0,440.2,528.5
42,442,1,402.0,452.2
42,442,0,217.0,559.0
42,442,0,297.0,430.5
42,443,1,335.0,366.0
42,443,1,277.2,477.2
42,443,0,219.1,562.5
42,443,1,407.0,460.8
42,443,0,290.8,449.5
42,443,1,278.0,476.5
42,443,0,447.0,533.5
42,443,1,139.2,639.5
42,443,0,300.0,437.0
42,444,1,404.5,463.0
42,444,1,331.2,368.8
42,444,1,274.0,481.5
42,444,1,512.9,640.0
42,444,0,215.0,572.5
42,444,0,421.5,462.0
42,444,1,273.2,484.5
42,444,0,445.0,536.5
42,444,0,287.2,455.5
42,444,0,296.8,438.0
42,445,1,408.8,466.5
42,445,1,337.0,370.0
42,445,1,525.5,635.5
42,445,0,290.0,459.5
42,445,1,277.0,486.5
42,445,0,215.5,577.5
42,445,0,451.0,554.5
42,445,1,528.0,639.0
42,445,0,386.5,428.0
42,445,1,131.9,639.0
42,445,0,390.5,428.0
42,446,1,336.2,374.5
42,446,1,408.5,469.0
42,446,0,213.0,581.5
42,446,1,531.0,629.5
42,446,1,276.0,487.2
42,446,0,288.5,458.2
42,446,0,452.5,559.0
42,446,1,531.5,638.5
42,446,0,391.0,430.2
42,446,0,386.5,428.2
42,446,1,274.8,480.2
42,447,1,337.5,374.5
42,447,0,455.5,562.0
42,447,1,275.5,488.0
42,447,1,536.0,640.0
42,447,1,409.5,472.5
42,447,1,542.0,639.5
42,447,0,211.0,583.0
42,447,0,289.0,462.0
42,447,1,119.8,640.0
42,447,0,387.0,431.5
42,447,1,275.0,492.0
42,447,0,391.5,431.5
42,447,0,288.5,460.5
42,448,1,337.5,376.8
42,448,1,113.6,640.0
42,448,1,410.2,476.0
42,448,1,275.0,489.5
42,448,1,549.0,640.0
42,448,0,457.8,569.5
42,448,0,209.2,586.0
42,448,0,288.5,461.5
42,448,1,115.1,640.0
42,448,0,386.8,430.5
42,449,1,549.5,638.0
42,449,1,339.0,375.5
42,449,1,413.5,472.5
42,449,1,111.1,640.0
42,449,0,291.0,460.0
42,449,1,277.0,489.5
42,449,0,462.0,566.0
42,449,0,210.5,591.5
42,449,1,276.5,490.0
42,449,0,300.8,446.0
42,449,0,389.5,431.0
42,449,1,556.5,640.0
42,449,1,110.1,640.0
42,449,0,290.5,457.8
42,449,0,266.5,499.0
42,449,1,554.5,639.5
42,450,1,337.5,372.8
42,450,1,561.0,639.5
42,450,0,463.5,567.0
42,450,1,414.0,476.0
42,450,1,275.5,490.0
42,450,0,206.9,595.0
42,450,1,562.5,636.0
42,450,0,289.0,460.0
42,450,1,100.1,639.0
42,450,0,389.5,429.5
42,450,0,299.5,446.5
42,450,0,394.5,430.5
42,451,1,338.0,373.5
42,451,1,415.0,482.5
42,451,0,466.5,578.0
42,451,1,273.5,496.5
42,451,0,288.2,463.0
42,451,0,389.5,434.2
42,451,1,573.0,640.0
42,451,1,274.0,493.5
42,451,0,204.0,602.5
42,451,0,299.2,447.5
42,451,0,265.5,502.5
42,451,0,299.0,448.5
42,451,0,394.8,434.0
42,452,1,337.0,372.0
42,452,1,414.5,481.0
42,452,0,202.2,604.0
42,452,1,86.4,640.0
42,452,1,272.8,497.5
42,452,0,467.0,579.0
42,452,1,570.0,637.0
42,452,0,287.8,463.5
42,452,0,394.2,431.8
42,452,0,388.8,432.0
42,453,1,579.0,639.0
42,453,1,333.5,371.0
42,453,1,70.9,640.0
42,453,1,413.0,476.0
42,453,1,583.0,639.5
42,453,0,468.0,578.0
42,453,1,270.0,489.0
42,453,1,268.2,495.0
42,453,0,436.5,461.0
42,453,0,285.8,462.5
42,453,0,387.0,427.0
42,454,1,52.4,639.5
42,454,1,582.5,637.5
42,454,1,332.8,368.8
42,454,1,412.0,471.0
42,454,1,266.2,495.5
42,454,0,283.8,461.5
42,454,0,391.0,426.5
42,454,0,468.5,584.0
42,454,1,587.5,639.5
42,454,0,386.2,425.0
42,455,1,579.0,638.0
42,455,1,325.0,367.5
42,455,1,257.8,498.8
42,455,1,404.0,479.0
42,455,0,274.0,460.0
42,455,1,585.0,639.5
42,456,1,391.5,478.0
42,456,1,581.5,640.0
42,456,0,260.0,463.5
42,456,1,314.0,368.0
42,456,1,243.9,495.0
42,456,0,364.5,427.2
42,456,1,278.0,436.0
42,457,1,590.0,637.0
42,457,1,388.8,484.0
42,457,1,309.5,368.2
42,457,1,238.2,500.5
42,457,1,236.5,501.0
42,457,0,151.2,638.0
42,457,0,256.2,469.5
42,457,0,362.5,431.0
42,457,0,368.5,434.5
42,458,1,306.0,372.0
42,458,1,593.5,638.5
42,458,1,386.5,486.0
42,458,1,233.8,505.0
42,458,1,235.0,502.0
42,458,1,271.0,438.8
42,458,0,265.2,450.2
42,458,0,365.5,432.5
42,459,1,303.0,371.0
42,459,1,596.0,639.0
42,459,1,383.5,483.5
42,459,0,249.0,472.8
42,459,1,231.0,508.5
42,459,0,362.5,433.0
42,459,0,356.2,433.0
42,459,1,230.5,509.5
42,459,0,409.0,468.8
42,460,1,613.5,639.0
42,460,1,382.5,486.5
42,460,1,300.0,369.0
42,460,1,226.1,505.0
42,460,1,265.0,441.0
42,460,1,381.2,475.2
42,460,0,245.0,468.0
42,460,0,353.5,430.5
42,460,0,359.8,432.5
42,460,0,127.8,639.0
42,461,1,232.0,502.5
42,461,1,395.5,484.0
42,461,0,252.8,462.5
42,461,1,310.0,357.5
42,461,0,371.5,425.5
42,461,0,265.0,445.0
42,461,0,121.6,638.5
42,461,0,364.5,424.5
42,462,1,397.0,487.0
42,462,1,596.0,640.0
42,462,1,232.9,503.0
42,462,1,312.5,360.5
42,462,0,254.0,464.8
42,462,0,373.5,426.2
42,462,1,234.0,499.0
42,462,0,372.5,425.5
42,462,0,428.8,468.8
42,463,1,398.0,487.5
42,463,1,232.8,502.5
42,463,0,253.6,464.5
42,463,1,312.8,361.5
42,463,0,373.5,426.5
42,463,0,372.5,425.5
42,463,1,234.1,498.5
42,463,0,254.2,466.0
42,463,0,429.0,472.0
42,464,1,398.2,485.5
42,464,1,232.6,503.0
42,464,1,313.5,361.8
42,464,0,253.8,462.5
42,464,0,374.0,426.8
42,464,0,373.5,427.5
42,464,1,234.0,500.0
42,465,1,398.8,485.5
42,465,1,232.9,501.8
42,465,1,314.0,356.0
42,465,0,254.2,461.0
42,465,0,374.2,425.5
42,465,1,234.1,499.2
42,465,0,267.8,441.5
42,466,1,398.5,486.2
42,466,1,232.5,503.5
42,466,1,313.8,358.5
42,466,0,253.8,465.0
42,466,0,374.0,427.5
42,466,1,233.5,499.0
42,466,0,373.2,428.0
42,467,1,400.5,487.5
42,467,1,233.8,502.5
42,467,1,314.5,356.8
42,467,1,616.0,639.5
42,467,0,375.0,429.0
42,467,0,434.0,474.0
42,467,0,255.2,466.5
42,467,1,234.8,497.5
42,468,1,403.2,494.5
42,468,1,232.5,517.0
42,468,1,314.5,360.0
42,468,0,377.0,431.5
42,468,0,376.2,430.8
42,468,0,370.5,429.0
42,468,0,436.5,477.0
42,469,1,408.0,496.2
42,469,1,232.1,517.0
42,469,0,255.6,472.5
42,469,0,380.5,431.0
42,469,0,270.2,446.5
42,469,1,232.1,509.2
42,469,1,278.2,434.5
42,469,0,390.8,427.0
42,470,1,409.5,500.0
42,470,1,231.0,521.5
42,470,0,381.0,433.0
42,470,0,254.8,473.5
42,470,0,174.2,511.0
42,470,0,600.5,569.0
42,470,0,270.0,450.0
42,471,1,410.5,500.5
42,471,1,228.8,526.0
42,471,0,381.5,432.8
42,471,0,614.0,578.5
42,471,0,254.0,474.5
42,471,0,449.5,508.5
42,471,0,380.5,430.5
42,471,0,391.5,444.0
42,471,0,269.0,450.5
42,472,1,229.5,523.5
42,472,1,413.2,500.5
42,472,0,255.0,473.2
42,472,0,384.0,434.2
42,472,1,278.5,435.0
42,472,0,455.0,493.0
42,472,0,270.0,449.8
42,473,1,227.8,530.5
42,473,1,414.8,499.5
42,473,0,5.8,640.0
42,473,0,254.0,474.8
42,473,0,384.5,431.5
42,473,1,278.0,437.0
42,473,0,270.0,451.0
42,474,1,227.0,533.5
42,474,1,413.8,502.5
42,474,0,385.0,433.5
42,474,1,278.0,436.0
42,474,0,460.5,597.0
42,474,0,253.0,476.0
42,474,1,376.0,430.0
42,475,1,420.5,514.5
42,475,1,227.8,534.5
42,475,0,387.8,436.2
42,475,1,322.0,356.2
42,475,0,469.0,514.0
42,475,1,279.5,436.0
42,475,0,254.0,476.5
42,475,0,399.2,444.5
42,476,1,419.5,524.5
42,476,0,387.0,442.5
42,476,1,278.0,445.5
42,476,0,252.0,488.5
42,476,0,268.5,459.0
42,476,1,378.5,440.5
42,476,0,470.5,551.0
42,476,1,224.0,531.5
42,476,0,399.0,449.5
42,477,1,423.0,520.0
42,477,0,388.5,439.8
42,477,0,474.0,520.5
42,477,1,278.8,445.0
42,477,0,252.4,488.5
42,477,1,224.0,532.0
42,477,1,379.5,435.5
42,477,0,269.5,457.0
42,477,1,380.2,435.5
42,477,0,151.9,630.0
42,477,1,320.8,362.5
42,478,1,421.2,527.0
42,478,1,219.2,550.0
42,478,0,386.5,445.0
42,478,1,378.0,440.5
42,478,0,399.0,451.5
42,478,0,249.1,490.5
42,478,0,476.0,539.0
42,478,0,145.8,636.0
42,479,1,428.5,534.0
42,479,0,391.0,448.5
42,479,1,279.8,450.5
42,479,1,321.5,372.0
42,479,0,269.8,464.5
42,479,0,404.0,458.0
42,479,0,404.0,465.5
42,479,1,383.0,443.0
42,479,0,252.4,496.0
42,479,1,223.0,543.5
42,479,0,485.5,542.0
42,479,0,392.2,450.5
42,480,1,427.2,528.0
42,480,1,214.0,562.5
42,480,0,389.5,439.5
42,480,1,381.0,434.8
42,480,1,379.5,435.5
42,480,0,248.0,494.0
42,480,0,265.2,468.0
42,481,1,210.0,569.0
42,481,1,429.0,538.0
42,481,0,495.0,537.5
42,481,0,389.5,445.5
42,481,1,318.5,366.2
42,481,1,379.0,439.5
42,481,0,122.8,639.5
42,482,1,206.8,572.5
42,482,1,434.0,545.0
42,482,0,391.2,446.0
42,482,0,405.5,451.2
42,482,1,381.5,440.5
42,482,0,505.5,550.0
42,482,0,422.0,460.0
42,482,0,263.0,464.0
42,483,1,207.4,579.0
42,483,1,441.5,558.0
42,483,0,523.0,637.5
42,483,1,323.5,367.5
42,483,0,397.0,450.5
42,483,0,429.2,469.5
42,483,0,618.0,618.5
42,483,0,109.1,639.0
42,483,0,411.5,459.0
42,483,1,385.8,446.8
42,483,0,524.0,601.0
42,483,1,277.5,452.0
42,484,1,443.8,555.5
42,484,1,386.0,444.0
42,484,1,323.0,367.0
42,484,0,100.0,629.0
42,484,0,397.5,449.2
42,484,1,204.2,578.0
42,485,1,198.9,574.5
42,485,0,398.0,448.8
42,485,1,321.5,359.5
42,485,1,386.5,441.0
42,485,0,262.0,468.0
42,485,0,548.0,635.5
42,485,1,448.5,564.5
42,485,0,414.0,456.5
42,485,1,274.5,447.0
42,486,0,556.0,638.0
42,486,0,397.0,448.0
42,486,0,434.0,465.0
42,486,0,258.5,468.0
42,486,1,385.0,440.0
42,486,0,413.0,459.2
42,486,0,259.0,465.5
42,487,0,439.5,471.0
42,487,1,188.6,613.0
42,487,0,400.5,454.5
42,487,1,272.5,457.5
42,487,1,387.8,446.0
42,487,1,320.8,364.5
42,488,1,185.2,579.0
42,488,1,322.2,364.2
42,488,0,442.5,465.2
42,488,1,273.0,456.0
42,488,1,460.5,583.0
42,488,0,420.0,459.5
42,488,0,235.0,515.5
42,488,1,391.5,445.5
42,489,0,406.5,463.0
42,489,1,184.0,593.5
42,489,1,324.5,370.8
42,489,1,392.2,452.5
42,489,0,424.5,490.8
42,489,0,405.5,456.5
42,489,1,392.5,452.2
42,489,0,448.2,484.0
42,489,1,467.0,600.0
42,489,0,541.0,525.5
42,489,1,182.6,625.0
42,489,0,38.5,541.0
42,490,1,184.0,594.0
42,490,0,406.8,460.2
42,490,1,324.5,371.2
42,490,1,393.2,453.8
42,490,0,425.0,475.8
42,490,1,182.9,625.0
42,490,1,394.5,453.0
42,491,0,406.5,463.0
42,491,1,181.1,628.0
42,491,1,392.8,454.5
42,491,1,324.2,378.0
42,491,0,138.6,581.0
42,491,0,627.0,625.0
42,491,0,425.0,484.0
42,491,1,395.0,455.2
42,491,0,549.0,536.5
42,491,1,396.5,455.2
42,492,1,175.0,625.0
42,492,0,408.5,467.5
42,492,1,325.2,369.8
42,492,0,455.5,489.0
42,492,0,407.5,461.5
42,492,0,566.5,549.0
42,492,1,394.2,455.5
42,493,1,174.1,630.5
42,493,0,461.5,491.5
42,493,0,410.8,465.5
42,493,1,326.5,367.2
42,493,1,396.5,454.5
42,493,0,581.0,557.5
42,493,0,258.5,485.5
42,493,1,483.5,623.0
42,494,0,593.0,579.5
42,494,0,410.0,472.5
42,494,1,325.5,373.5
42,494,1,167.8,634.5
42,494,0,118.9,591.0
42,494,0,463.0,505.2
42,494,0,401.0,464.5
42,494,1,394.5,459.5
42,494,1,396.0,462.0
42,495,1,489.2,640.0
42,495,0,413.0,480.5
42,495,0,112.8,621.0
42,495,1,326.0,371.0
42,495,0,607.0,592.5
42,495,0,466.5,533.0
42,495,1,164.6,622.5
42,495,1,271.5,474.5
42,495,1,397.0,468.5
42,496,1,492.5,635.0
42,496,0,413.5,482.2
42,496,1,159.5,526.5
42,496,0,107.6,632.0
42,496,1,325.0,374.0
42,496,1,271.5,475.8
42,496,0,468.0,522.0
42,496,0,436.0,520.5
42,496,1,397.5,467.5
42,496,1,398.5,466.8
42,496,0,618.0,599.0
42,496,0,468.2,567.0
42,497,1,492.0,635.5
42,497,0,411.5,483.5
42,497,1,324.0,375.5
42,497,0,625.0,609.0
42,497,0,468.0,516.5
42,497,1,155.0,638.0
42,497,1,269.0,481.2
42,497,1,395.0,467.8
42,497,0,400.2,474.8
42,497,0,252.5,505.5
42,498,1,499.2,637.0
42,498,0,439.5,519.5
42,498,0,472.0,513.0
42,498,0,415.5,482.0
42,498,1,326.5,378.5
42,498,0,100.1,638.0
42,498,1,156.2,622.5
42,498,1,403.5,476.0
42,498,1,399.2,469.0
42,498,1,272.0,481.5
42,498,1,400.5,474.0
42,498,0,404.5,472.5
42,498,0,254.9,507.0
42,499,1,500.5,638.0
42,499,0,472.0,514.5
42,499,0,439.5,522.0
42,499,0,414.5,484.5
42,499,0,93.5,637.0
42,499,1,324.0,386.0
42,499,1,398.0,473.2
42,499,1,152.1,638.0
42,499,0,404.5,477.5
42,499,1,270.0,484.2
42,499,1,399.5,473.5
42,499,0,618.5,629.0
42,500,1,144.2,637.0
42,500,1,500.0,637.5
42,500,0,412.5,488.5
42,500,0,471.5,520.5
42,500,0,82.5,639.0
42,500,0,437.5,519.0
42,500,1,266.5,482.0
42,500,1,322.8,375.0
42,500,1,395.0,472.5
42,500,0,400.2,477.5
42,500,1,436.8,518.5
42,501,1,141.4,639.0
42,501,0,415.0,488.0
42,501,1,506.0,637.0
42,501,0,475.8,517.0
42,501,1,322.5,380.5
42,501,0,440.5,528.5
42,501,1,503.8,583.0
42,501,1,266.5,481.0
42,501,1,397.0,474.5
42,501,0,404.0,476.5
42,501,0,73.0,640.0
42,502,0,67.8,638.0
42,502,0,477.8,518.0
42,502,0,416.0,488.5
42,502,0,441.0,525.0
42,502,1,322.5,382.5
42,502,1,398.0,474.0
42,502,1,137.2,635.0
42,502,1,267.0,484.0
42,502,0,630.0,599.0
42,502,1,506.2,630.0
42,502,0,404.5,476.5
42,503,1,510.0,596.0
42,503,0,56.9,636.0
42,503,0,415.5,486.2
42,503,0,441.5,526.5
42,503,1,322.0,373.5
42,503,1,130.6,640.0
42,503,1,264.8,478.5
42,503,1,397.8,470.8
42,503,0,414.5,479.0
42,503,0,481.0,534.5
42,503,0,403.8,471.5
42,503,1,441.8,528.5
42,503,1,129.2,528.0
42,504,0,46.6,640.0
42,504,0,484.0,556.0
42,504,1,125.5,640.0
42,504,1,398.0,471.5
42,504,1,323.0,374.0
42,504,1,516.5,619.5
42,504,0,443.8,522.0
42,504,0,417.0,488.5
42,504,1,264.0,478.0
42,504,1,398.2,469.5
42,505,1,523.5,638.0
42,505,0,33.0,640.0
42,505,0,417.2,487.5
42,505,0,445.2,508.0
42,505,1,118.6,640.0
42,505,0,488.5,551.0
42,505,1,397.5,471.8
42,505,0,207.4,567.0
42,505,0,404.5,471.5
42,505,1,398.5,469.0
42,505,1,262.5,478.5
42,506,0,26.7,640.0
42,506,1,526.0,639.0
42,506,0,491.5,542.5
42,506,1,114.9,639.0
42,506,0,446.0,510.5
42,506,0,418.0,488.2
42,506,1,398.0,469.0
42,506,0,404.5,471.0
42,506,1,524.0,584.5
42,506,1,262.5,479.8
42,506,1,397.5,470.5
42,507,1,110.2,638.0
42,507,1,531.0,637.5
42,507,0,493.8,556.0
42,507,0,16.7,639.5
42,507,0,419.5,491.5
42,507,1,322.8,373.5
42,507,1,399.0,468.0
42,507,0,404.8,474.5
42,507,1,171.5,222.0
42,507,1,262.8,480.8
42,507,0,448.5,528.0
42,508,0,418.8,493.0
42,508,1,538.0,637.0
42,508,0,497.5,581.5
42,508,1,98.8,630.0
42,508,0,405.0,478.0
42,508,0,419.5,495.0
42,508,0,201.5,578.5
42,508,1,397.8,473.5
42,508,0,448.0,516.5
42,508,1,170.0,212.0
42,509,0,501.5,564.0
42,509,0,422.0,497.2
42,509,1,542.0,603.0
42,509,1,98.7,631.0
42,509,0,406.5,481.5
42,509,1,261.5,485.0
42,509,1,168.5,211.1
42,509,0,451.5,556.0
42,509,1,400.5,477.0
42,510,0,502.5,583.0
42,510,1,543.0,587.0
42,510,0,420.2,502.2
42,510,0,405.0,484.5
42,510,1,90.1,633.0
42,510,0,451.0,551.5
42,510,0,419.5,500.0
42,510,1,166.5,211.2
42,510,1,543.5,637.0
42,511,1,549.5,639.0
42,511,0,507.5,571.5
42,511,0,421.2,505.2
42,511,1,84.9,636.0
42,511,1,549.0,609.0
42,511,0,452.8,561.0
42,511,1,398.5,482.0
42,511,0,405.0,486.5
42,511,1,398.5,477.5
42,512,1,561.0,636.0
42,512,1,75.1,639.0
42,512,0,424.5,505.5
42,512,0,514.5,591.5
42,512,1,401.0,482.0
42,513,0,424.8,507.0
42,513,1,560.0,639.5
42,513,0,517.0,609.5
42,513,1,70.6,629.0
42,513,1,565.0,618.0
42,513,1,401.0,483.5
42,513,1,563.0,639.0
42,513,0,409.5,483.0
42,513,0,426.0,507.5
42,514,0,427.8,511.0
42,514,0,522.5,600.0
42,514,1,568.0,638.5
42,514,1,572.5,626.5
42,514,1,67.5,640.0
42,514,0,462.0,580.5
42,514,0,410.5,490.8
42,514,0,462.0,541.0
42,515,0,526.5,633.0
42,515,1,571.0,638.5
42,515,0,428.2,516.0
42,515,1,62.9,632.0
42,515,0,464.0,586.0
42,515,1,577.0,613.5
42,515,1,404.0,491.0
42,516,1,573.0,640.0
42,516,0,426.5,514.0
42,516,0,526.0,636.0
42,516,0,461.5,582.0
42,516,1,400.5,489.0
42,516,1,50.6,638.5
42,516,1,44.9,638.5
42,517,1,577.0,638.0
42,517,0,529.0,626.0
42,517,1,43.9,639.0
42,517,0,428.0,514.0
42,517,1,162.6,228.9
42,517,1,402.0,489.2
42,517,1,254.9,493.0
42,517,0,464.0,584.5
42,518,1,585.0,639.0
42,518,0,429.0,514.0
42,518,1,590.0,639.5
42,518,0,534.0,636.5
42,518,1,36.8,640.0
42,518,1,404.2,491.0
42,518,1,163.2,228.0
42,518,0,430.2,516.5
42,518,0,411.5,495.0
42,518,0,466.0,578.5
42,519,1,591.0,640.0
42,519,0,538.0,637.0
42,519,0,430.0,519.0
42,519,1,404.0,493.5
42,519,0,412.2,496.5
42,519,0,431.5,521.0
42,520,0,544.5,639.5
42,520,1,15.2,640.0
42,520,1,602.0,640.0
42,520,0,431.0,522.5
42,520,0,413.8,506.0
42,520,1,471.8,593.5
42,520,0,433.5,526.0
42,520,1,404.5,496.5
42,521,0,551.5,640.0
42,521,1,613.0,640.0
42,521,0,435.0,530.5
42,521,1,6.6,639.0
42,521,1,406.5,499.5
42,522,0,557.0,638.0
42,522,1,617.0,640.0
42,522,0,436.5,533.0
42,522,0,435.5,532.5
42,522,1,4.2,590.0
42,522,1,408.0,502.0
42,522,0,416.8,510.0
42,522,1,3.2,542.0
42,523,0,558.0,637.0
42,523,0,434.8,540.0
42,523,1,621.0,637.5
42,523,0,433.5,535.0
42,523,1,405.0,506.5
42,524,0,562.5,639.0
42,524,0,436.0,547.0
42,524,0,434.0,544.0
42,524,1,405.5,513.0
42,525,0,571.0,640.0
42,525,0,438.5,548.5
42,525,0,417.8,521.5
42,525,1,407.8,512.5
42,526,0,581.0,639.0
42,526,0,420.0,523.5
42,526,0,442.0,547.5
42,527,0,587.0,640.0
42,527,0,441.8,553.0
42,527,0,419.2,527.5
42,527,1,408.8,518.0
42,527,1,248.0,533.0
42,528,0,596.0,639.5
42,528,0,420.2,529.0
42,528,0,442.0,556.0
42,528,1,409.8,520.0
42,529,0,605.5,640.0
42,529,0,443.8,556.0
42,529,0,422.0,529.0
42,529,1,411.2,519.0
42,529,0,492.5,639.0
42,530,0,617.0,639.5
42,530,0,424.5,532.0
42,530,0,447.0,554.5
42,530,1,414.0,521.0
42,530,0,497.2,637.0
42,530,1,247.8,533.0
42,531,0,450.8,570.5
42,531,0,427.0,537.0
42,532,0,456.5,570.0
42,532,0,428.5,540.5
42,532,0,633.0,581.0
42,532,0,512.0,638.0
42,532,1,417.0,529.5
42,532,0,454.5,564.0
42,533,0,457.0,571.0
42,533,0,428.8,540.5
42,533,0,635.0,576.0
42,533,1,417.0,530.5
42,533,1,244.2,545.0
42,534,0,429.2,541.5
42,534,0,459.5,576.0
42,534,1,417.0,531.0
42,534,1,240.0,549.5
42,534,0,518.0,639.0
42,534,1,460.5,577.0
42,535,0,520.0,639.0
42,535,0,460.0,575.0
42,535,0,430.0,540.0
42,535,1,239.8,549.0
42,535,1,417.0,529.5
42,535,1,149.4,276.5
42,535,1,318.5,425.8
42,536,0,520.9,639.0
42,536,0,463.5,574.5
42,536,0,460.5,574.0
42,536,1,240.0,549.5
42,537,0,521.5,639.0
42,537,0,463.0,574.5
42,537,1,239.2,549.0
42,537,0,430.8,538.5
42,537,0,460.0,574.0
42,537,1,417.5,528.5
42,538,0,462.0,576.5
42,538,0,519.9,639.5
42,538,1,148.4,275.5
42,538,0,429.8,541.0
42,538,1,237.0,550.0
42,538,1,317.5,413.5
42,538,1,416.8,529.0
42,538,1,236.8,548.5
42,538,1,149.0,269.5
42,539,0,463.0,579.0
42,539,0,525.0,640.0
42,539,1,317.5,421.0
42,539,1,237.4,552.0
42,539,1,148.8,278.8
42,539,0,459.8,576.0
42,539,0,108.0,637.0
42,539,1,236.8,550.5
42,540,0,464.0,585.0
42,540,0,528.0,640.0
42,540,1,146.0,275.0
42,540,1,236.0,557.5
42,540,1,317.2,406.0
42,540,0,460.5,584.5
42,540,1,418.0,533.5
42,540,0,432.0,542.5
42,540,1,236.0,555.5
42,541,0,531.0,639.5
42,541,0,466.0,588.5
42,541,0,463.5,584.5
42,541,1,146.0,278.2
42,541,1,317.5,405.0
42,541,0,432.8,542.0
42,541,1,418.0,533.0
42,541,1,234.5,557.5
42,542,0,538.5,639.5
42,542,0,467.5,590.5
42,542,1,317.0,428.0
42,542,1,144.2,276.0
42,542,0,91.3,640.0
42,542,0,435.5,540.5
42,542,1,231.5,557.0
42,543,0,472.2,597.0
42,543,0,545.0,637.5
42,543,1,146.5,276.5
42,543,0,438.0,554.0
42,544,0,471.8,599.0
42,544,1,144.1,272.5
42,544,0,438.0,555.0
42,544,0,544.0,628.0
42,544,1,318.2,419.0
42,544,0,634.0,639.0
42,544,0,4.8,640.0
42,545,0,545.0,639.0
42,545,1,68.1,416.0
42,545,0,473.5,602.0
42,545,1,140.6,268.8
42,545,1,142.1,268.0
42,545,0,438.2,554.5
42,545,1,315.5,435.5
42,546,0,553.0,639.0
42,546,0,474.0,606.0
42,546,0,439.5,557.0
42,546,1,142.1,263.0
42,546,1,70.1,413.8
42,546,1,316.5,435.5
42,546,1,316.5,395.5
42,546,1,196.2,269.5
42,547,0,560.0,640.0
42,547,1,142.0,263.5
42,547,0,442.5,560.5
42,547,1,59.1,415.5
42,547,0,479.5,612.5
42,547,1,319.0,431.8
42,548,0,443.8,565.0
42,548,0,482.0,616.5
42,548,0,570.0,638.0
42,548,1,141.2,260.5
42,548,1,318.5,436.0
42,548,1,44.4,556.5
42,549,0,482.0,622.0
42,549,1,139.2,255.2
42,549,0,444.0,558.5
42,549,1,316.2,439.0
42,549,1,316.2,395.0
42,549,1,49.1,413.5
42,549,1,141.2,252.1
42,550,1,39.9,404.0
42,550,0,483.8,620.5
42,550,1,138.0,233.5
42,550,0,444.0,564.5
42,550,1,314.5,383.8
42,551,1,38.4,409.2
42,551,0,488.0,620.5
42,551,1,138.2,235.5
42,551,1,139.8,239.0
42,551,1,316.2,389.8
42,551,1,204.2,268.0
42,552,0,489.0,628.0
42,552,1,131.2,239.0
42,552,1,311.8,386.5
42,552,1,133.1,246.0
42,553,0,489.5,631.0
42,553,1,133.0,246.6
42,553,1,310.5,390.0
42,553,1,134.2,248.2
42,554,1,133.2,253.8
42,554,0,494.0,637.0
42,554,0,451.0,576.0
42,554,0,56.9,627.5
42,554,1,315.0,391.0
42,555,1,131.4,260.0
42,555,0,499.5,639.5
42,555,0,452.0,585.5
42,555,1,313.8,388.0
42,555,1,133.2,257.5
42,555,1,216.9,590.0
42,555,1,430.0,560.5
42,556,0,452.5,583.0
42,556,1,310.8,383.2
42,556,0,502.5,639.5
42,556,1,214.0,592.5
42,556,1,130.4,257.8
42,556,1,218.8,448.0
42,557,0,452.5,582.5
42,557,1,309.0,387.5
42,557,0,26.3,640.0
42,557,0,499.0,640.0
42,557,1,210.2,599.5
42,557,1,424.8,566.5
42,557,1,427.2,571.0
42,557,1,218.9,427.0
42,558,0,452.0,599.0
42,558,1,308.8,392.0
42,558,0,502.0,640.0
42,558,1,218.4,412.0
42,558,1,205.1,603.5
42,559,0,456.0,588.0
42,559,1,309.2,389.2
42,559,1,205.8,607.5
42,559,0,122.7,630.0
42,559,0,504.8,640.0
42,560,1,306.0,402.0
42,560,0,453.0,600.0
42,560,0,503.5,639.0
42,560,1,119.8,262.5
42,560,0,119.9,639.5
42,560,1,201.6,612.0
42,560,1,199.2,611.5
42,561,0,457.5,593.5
42,561,1,309.5,390.5
42,561,1,122.6,259.5
42,561,1,202.0,613.0
42,561,1,434.5,575.5
42,562,0,459.0,589.0
42,562,1,307.5,393.5
42,562,1,435.8,575.5
42,562,0,634.0,491.0
42,562,1,201.9,620.5
42,562,0,112.6,638.0
42,563,0,460.0,592.5
42,563,1,307.8,383.5
42,563,1,435.5,579.0
42,563,0,105.9,640.0
42,563,1,120.9,244.2
42,563,1,198.8,616.5
42,564,1,308.2,386.0
42,564,1,122.1,233.6
42,564,1,437.0,579.0
42,564,0,462.5,578.5
42,564,1,214.0,363.0
42,564,0,103.4,640.0
42,565,1,311.0,386.5
42,565,0,467.0,589.0
42,565,0,102.2,640.0
42,565,1,122.6,236.2
42,565,1,125.1,243.5
42,565,1,125.2,238.0
42,566,0,467.2,587.5
42,566,1,309.8,394.5
42,566,0,526.0,639.0
42,566,0,634.0,628.0
42,566,1,28.3,207.2
42,566,1,441.0,592.0
42,566,0,96.2,640.0
42,567,0,86.9,639.5
42,567,1,308.0,385.8
42,567,0,467.8,589.5
42,567,1,211.5,365.2
42,568,0,84.8,640.0
42,568,1,307.8,385.0
42,568,0,470.5,586.0
42,568,1,211.0,364.2
42,569,0,82.0,640.0
42,569,0,473.5,591.0
42,569,1,309.8,384.0
42,569,1,119.6,259.5
42,569,0,537.0,640.0
42,569,1,212.2,362.5
42,570,0,71.1,640.0
42,570,1,304.8,383.5
42,570,1,115.4,249.0
42,570,0,472.8,592.5
42,570,0,3.4,634.5
42,571,0,474.0,591.5
42,571,0,66.4,640.0
42,571,1,307.0,383.8
42,571,1,117.0,249.0
42,571,0,632.5,484.0
42,572,1,307.0,394.5
42,572,1,115.2,249.6
42,572,0,478.8,616.5
42,572,0,62.9,639.0
42,572,0,555.5,640.0
42,573,1,114.6,245.0
42,573,1,306.8,388.2
42,573,0,56.8,639.5
42,573,0,479.2,614.0
42,573,1,189.8,638.0
42,574,1,304.8,382.8
42,574,0,45.9,640.0
42,574,1,112.2,245.8
42,574,0,3.5,638.5
42,574,0,479.0,614.0
42,575,0,485.0,626.0
42,575,1,112.8,246.2
42,575,1,308.5,386.0
42,575,1,452.0,612.5
42,575,0,39.2,639.5
42,575,1,188.1,640.0
42,575,1,115.5,248.0
42,576,1,112.9,249.2
42,576,0,490.0,616.0
42,576,1,309.0,381.8
42,576,0,568.0,640.0
42,576,1,454.0,617.5
42,576,0,37.8,640.0
42,576,1,116.6,247.8
42,577,1,114.2,252.8
42,577,1,309.0,382.5
42,577,0,491.0,612.0
42,577,0,570.0,639.5
42,578,0,490.0,623.0
42,578,1,308.5,386.0
42,578,1,111.9,245.8
42,578,0,65.5,619.0
42,578,0,571.0,639.5
42,579,1,111.4,240.6
42,579,1,308.2,389.5
42,579,0,492.5,629.5
42,579,1,459.8,623.0
42,579,0,60.5,626.5
42,580,0,9.2,639.5
42,580,1,108.8,240.4
42,580,1,307.5,383.0
42,580,0,493.5,627.5
42,580,0,56.9,627.5
42,580,1,170.8,639.0
42,581,0,53.6,630.5
42,581,1,171.4,638.0
42,581,1,308.5,386.0
42,581,1,109.0,236.8
42,581,0,497.0,632.0
42,582,1,307.5,387.5
42,582,1,111.1,231.8
42,582,1,108.6,232.6
42,582,0,500.0,631.0
42,582,0,598.0,640.0
42,583,1,308.0,386.5
42,583,0,601.0,640.0
42,583,1,110.2,230.2
42,583,0,499.2,628.0
42,583,0,599.0,640.0
42,584,1,306.0,380.5
42,584,1,110.0,230.1
42,584,1,107.1,231.5
42,584,0,499.8,633.0
42,584,0,606.0,640.0
42,585,1,308.5,382.0
42,585,1,110.8,230.0
42,585,1,108.2,232.8
42,586,1,305.2,380.8
42,586,1,105.1,231.8
42,586,1,458.0,626.0
42,586,1,465.0,621.0
42,586,1,107.6,231.5
42,586,1,6.1,192.2
42,586,0,637.0,621.0
42,587,0,622.0,639.5
42,587,1,306.2,383.8
42,587,1,103.0,226.1
42,587,1,106.6,224.9
42,588,1,306.8,384.2
42,588,0,630.0,640.0
42,588,1,105.0,219.1
42,588,1,465.0,632.0
42,588,1,107.9,217.5
42,589,1,305.0,383.0
42,589,1,99.9,223.2
42,589,0,627.0,639.5
42,589,1,460.5,629.0
42,590,1,305.5,383.5
42,590,1,100.2,217.0
42,590,0,514.5,634.0
42,591,1,306.0,382.2
42,591,1,104.5,210.8
42,591,0,515.0,633.0
42,591,1,151.8,590.5
42,592,0,517.0,633.0
42,592,1,303.8,373.8
42,592,1,99.6,197.0
42,592,1,101.4,196.5
42,593,1,304.0,376.0
42,593,0,521.0,635.0
42,593,1,101.1,192.4
42,593,1,150.6,601.0
42,594,1,305.0,375.0
42,594,1,148.5,582.0
42,594,1,149.5,639.0
42,595,1,306.2,373.5
42,595,1,99.8,183.0
42,595,0,527.0,637.0
42,595,1,102.4,181.5
42,596,1,306.5,373.2
42,596,1,145.5,639.5
42,597,1,306.0,374.0
42,597,1,143.8,640.0
42,598,1,306.0,375.0
42,598,1,141.0,640.0
42,599,1,306.0,379.5
42,599,1,98.4,228.0
42,599,1,136.5,639.5
42,600,1,305.2,368.0
42,600,1,98.3,217.6
42,600,1,133.9,609.0
42,601,1,304.0,365.0
42,601,0,14.8,639.0
42,601,1,133.0,609.5
42,602,1,305.2,368.5
42,602,1,131.7,637.0
42,602,0,12.1,639.0
42,603,1,304.8,367.5
42,604,1,488.8,640.0
42,604,1,304.5,368.0
42,604,1,501.2,630.5
42,604,1,484.0,639.0
42,605,1,487.2,639.5
42,605,1,304.5,370.5
42,605,1,503.5,635.0
42,605,1,126.8,629.5
42,605,0,5.6,640.0
42,606,1,301.5,369.5
42,606,1,90.9,210.8
42,606,1,489.8,640.0
42,606,1,508.8,632.5
42,607,1,305.0,362.2
42,607,1,486.5,640.0
42,607,1,496.0,628.0
42,607,0,558.0,638.0
42,607,1,94.4,208.9
42,607,1,119.2,621.5
42,607,1,505.5,626.0
42,608,1,303.5,366.5
42,608,1,114.5,639.5
42,608,1,490.2,625.5
42,608,1,485.8,640.0
42,608,1,91.8,203.8
42,608,0,560.0,640.0
42,608,1,117.8,636.5
42,608,1,506.2,623.0
42,609,1,492.8,637.5
42,609,1,113.5,639.0
42,609,1,303.8,365.0
42,609,0,566.5,638.0
42,609,1,492.0,633.0
42,609,1,91.2,200.8
42,610,1,106.6,639.5
42,610,1,300.5,367.5
42,610,1,489.5,639.0
42,610,1,86.2,197.0
42,610,1,493.2,629.5
42,610,0,568.0,639.5
42,611,1,301.0,368.8
42,611,1,106.0,639.0
42,611,0,571.0,639.0
42,611,1,83.5,201.0
42,611,1,492.0,638.0
42,611,1,107.4,638.0
42,611,1,479.0,279.8
42,612,1,300.2,369.5
42,612,0,575.0,639.0
42,612,1,103.6,639.0
42,612,1,86.1,199.8
42,612,1,493.0,636.0
42,613,1,299.2,364.5
42,613,1,100.7,623.0
42,613,1,82.1,198.0
42,613,1,496.0,634.5
42,613,1,85.3,193.5
42,613,1,480.5,280.0
42,614,1,299.5,364.8
42,614,0,585.0,640.0
42,614,1,98.4,640.0
42,614,1,499.2,638.0
42,614,1,483.8,278.2
42,615,1,299.5,368.0
42,615,0,591.0,640.0
42,615,1,94.1,633.0
42,615,1,485.5,277.0
42,615,1,502.5,636.0
42,615,1,186.8,300.0
42,616,1,299.5,369.0
42,616,0,594.0,640.0
42,616,1,91.8,636.0
42,616,1,502.5,637.0
42,616,0,591.0,640.0
42,617,1,297.5,369.0
42,617,1,502.0,635.0
42,617,1,86.5,639.0
42,617,0,597.0,639.5
42,617,1,184.5,295.8
42,617,1,185.8,318.5
42,618,1,298.5,367.5
42,618,0,601.0,640.0
42,618,1,505.5,637.0
42,618,1,83.0,631.5
42,618,1,88.9,631.5
42,618,1,185.8,294.5
42,618,1,84.0,639.0
42,618,1,490.5,275.2
42,619,1,77.4,639.0
42,619,1,296.0,371.5
42,619,1,79.5,637.0
42,619,1,506.5,638.0
42,619,1,182.0,289.8
42,619,1,490.5,275.0
42,619,0,606.5,640.0
42,620,1,297.5,369.5
42,620,1,78.5,639.0
42,620,1,81.5,637.0
42,620,0,619.5,640.0
42,620,1,183.5,292.8
42,620,1,82.1,420.5
42,621,1,295.8,370.5
42,621,1,70.6,638.0
42,621,1,511.5,630.0
42,621,1,182.2,296.5
42,621,1,493.5,278.5
42,621,0,619.0,640.0
42,621,1,184.8,316.5
42,621,1,71.9,639.0
42,622,1,296.2,370.0
42,622,0,625.5,640.0
42,622,1,181.8,297.2
42,622,1,68.8,640.0
42,622,1,71.3,640.0
42,622,1,513.5,639.0
42,623,1,297.0,370.8
42,623,0,628.0,640.0
42,623,1,183.1,292.0
42,623,1,65.9,640.0
42,623,1,515.1,639.0
42,623,1,516.9,640.0
42,623,1,185.0,316.0
42,623,1,517.0,640.0
42,624,1,298.0,370.2
42,624,1,517.5,638.0
42,624,0,635.0,640.0
42,624,1,182.8,270.0
42,624,1,185.8,317.5
42,625,1,299.5,371.5
42,625,1,523.1,638.5
42,625,1,525.5,640.0
42,625,1,184.8,292.5
42,625,1,186.2,320.0
42,625,1,63.8,634.5
42,625,1,78.4,433.2
42,626,1,298.5,375.5
42,626,1,526.0,637.5
42,626,1,183.8,288.0
42,626,1,58.8,639.5
42,626,1,185.8,318.0
42,626,1,529.0,631.0
42,626,1,527.5,638.5
42,627,1,298.5,375.5
42,627,1,525.9,636.0
42,627,1,186.0,319.0
42,627,1,184.8,291.0
42,628,1,295.8,379.0
42,628,1,528.0,638.5
42,628,1,526.0,637.5
42,628,1,181.9,296.0
42,628,1,183.5,319.5
42,628,1,527.0,638.0
42,628,1,52.0,640.0
42,629,1,298.0,373.5
42,629,1,44.4,639.0
42,629,1,533.5,639.0
42,629,1,532.5,639.0
42,629,1,183.4,290.0
42,629,1,184.8,318.5
42,629,1,48.3,640.0
42,629,1,534.0,639.0
42,630,1,40.4,639.0
42,630,1,296.0,374.5
42,630,1,540.0,638.0
42,630,1,535.0,640.0
42,630,1,180.5,266.0
42,630,1,182.0,318.0
42,631,1,299.0,375.8
42,631,0,618.0,617.0
42,631,1,539.5,638.0
42,631,1,183.0,270.2
42,631,1,34.6,638.0
42,631,1,185.5,320.0
42,631,1,543.5,639.0
42,632,1,297.0,377.5
42,632,1,547.0,640.0
42,632,1,541.0,640.0
42,632,1,180.8,293.5
42,633,1,298.0,379.8
42,633,1,549.0,640.0
42,633,1,544.0,638.5
42,633,0,613.5,631.0
42,633,1,183.2,297.0
42,633,1,27.5,640.0
42,633,1,74.2,314.5
42,633,1,32.1,640.0
42,633,1,185.0,322.5
42,634,1,546.5,637.5
42,634,1,296.0,382.5
42,634,1,19.6,639.0
42,634,1,180.0,265.0
42,634,1,70.6,296.0
42,634,1,181.5,323.2
42,634,1,551.0,640.0
42,634,1,549.0,639.0
42,635,1,549.0,639.5
42,635,1,297.8,381.5
42,635,1,180.8,267.5
42,635,1,21.0,639.5
42,635,1,181.9,319.8
42,635,1,24.6,640.0
42,635,1,72.4,310.2
42,635,1,137.9,316.8
42,635,1,21.0,639.5
42,636,1,553.0,639.0
42,636,1,298.8,381.0
42,636,1,11.8,639.0
42,636,1,183.0,296.5
42,636,1,184.4,320.5
42,636,1,186.8,367.8
42,637,1,9.7,640.0
42,637,1,558.0,639.0
42,637,1,298.0,381.5
42,637,1,180.5,268.8
42,637,1,181.8,323.2
42,637,1,185.0,368.2
42,637,1,75.5,381.2
42,638,1,564.0,640.0
42,638,1,300.0,379.5
42,638,1,6.7,637.0
42,638,1,182.8,276.8
42,638,1,6.0,640.0
42,638,1,186.8,368.0
42,638,1,185.0,325.2
42,638,1,12.5,71.4
42,639,1,301.0,379.2
42,639,1,577.0,640.0
42,639,1,5.0,567.0
42,639,1,571.5,638.5
42,639,1,183.2,273.5
42,639,1,185.1,324.5
42,640,1,298.5,381.2
42,640,1,572.0,638.5
42,640,1,180.5,268.8
42,640,1,577.0,640.0
42,640,1,182.2,321.5
42,640,1,73.4,371.5
42,641,1,297.5,380.0
42,641,1,574.5,639.0
42,641,1,179.2,267.2
42,641,1,6.2,67.9
42,641,1,183.8,367.0
42,642,1,298.0,380.0
42,642,1,578.0,639.5
42,642,1,179.6,260.5
42,642,1,584.0,640.0
42,642,1,183.6,367.5
42,642,1,71.2,375.0
42,642,1,9.6,247.0
42,642,1,9.8,299.0
42,643,1,297.5,383.2
42,643,1,583.5,639.0
42,643,1,178.8,264.2
42,643,1,5.4,64.8
42,643,1,183.1,366.8
42,644,1,300.5,382.2
42,644,1,587.5,639.0
42,644,1,12.5,225.0
42,644,1,181.0,263.2
42,644,1,72.8,380.0
42,644,1,182.8,318.0
42,644,1,596.0,640.0
42,645,1,598.0,640.0
42,645,1,299.8,382.5
42,645,1,11.6,227.1
42,645,1,590.0,639.0
42,645,1,180.8,286.0
42,645,1,182.5,319.5
42,645,1,73.1,372.8
42,645,1,74.8,407.0
42,645,1,71.0,317.0
42,645,1,185.0,367.5
42,645,1,10.0,413.5
42,646,1,594.0,639.5
42,646,1,298.2,382.8
42,646,1,7.4,401.8
42,646,1,179.9,282.8
42,646,1,183.1,367.0
42,646,1,5.8,65.3
42,647,1,606.5,640.0
42,647,1,299.5,384.5
42,647,1,180.5,289.2
42,647,1,7.2,399.5
42,647,1,183.2,366.8
42,647,1,184.4,404.2
42,648,1,610.5,640.0
42,648,1,300.5,382.5
42,648,1,179.8,270.5
42,648,1,184.0,368.0
42,648,1,182.0,318.5
42,649,1,299.0,382.5
42,649,1,613.5,640.0
42,649,1,624.0,640.0
42,649,1,178.8,268.5
42,649,1,182.6,368.0
42,649,1,180.4,317.2
42,649,1,6.8,309.0
42,649,1,602.0,397.5
42,649,1,184.0,418.5
42,649,1,181.8,410.5
42,650,1,615.5,640.0
42,650,1,300.5,383.0
42,650,1,604.0,354.5
42,650,1,180.4,286.0
42,650,1,8.4,406.0
42,650,1,5.2,67.4
42,650,1,6.9,408.5
42,650,1,183.8,367.2
42,650,1,184.2,433.0
42,651,1,299.5,382.5
42,651,1,617.0,639.5
42,651,1,178.0,269.8
42,651,1,8.4,391.0
42,651,1,183.0,394.5
42,651,1,7.3,341.5
42,651,1,606.5,348.5
42,651,1,183.2,416.0
42,652,1,298.0,382.5
42,652,1,618.0,639.0
42,652,1,182.2,395.2
42,652,1,615.0,539.0
42,652,1,612.0,425.5
42,653,1,300.0,380.0
42,653,1,622.5,597.5
42,653,1,627.0,626.0
42,653,1,620.5,406.0
42,653,1,183.0,413.5
42,654,1,299.0,379.0
42,654,1,182.8,409.0
42,655,1,301.2,379.0
42,655,1,632.5,245.2
42,655,1,182.1,370.0
42,655,1,182.8,402.2
42,655,1,624.0,316.2
42,656,1,299.5,382.0
42,656,1,61.4,296.5
42,656,1,179.2,398.0
42,656,1,73.9,392.5
42,657,1,298.5,379.5
42,657,1,61.8,395.5
42,658,1,297.5,378.5
42,658,1,24.8,357.2
42,658,1,59.9,367.0
42,658,1,24.6,297.2
42,658,1,176.0,397.0
42,659,1,296.0,376.0
42,659,1,171.2,272.0
42,659,1,52.3,402.5
42,659,1,173.2,399.5
42,659,1,51.7,280.0
42,660,1,295.8,375.2
42,660,1,55.2,400.0
42,660,1,170.5,268.0
42,660,1,173.0,352.5
42,660,1,50.8,216.8
42,660,1,61.8,211.4
42,661,1,293.8,369.5
42,661,1,47.3,387.5
42,661,1,170.2,336.5
42,661,1,168.1,221.1
42,661,1,169.1,276.8
42,661,1,170.9,376.0
42,662,1,295.0,371.5
42,662,1,47.4,386.2
42,662,1,540.0,401.5
42,662,1,170.9,337.0
42,662,1,169.0,221.4
42,662,1,169.8,280.5
42,662,1,171.5,377.5
42,663,1,295.5,371.5
42,663,1,50.2,385.0
42,663,1,169.5,258.0
42,663,1,541.0,401.0
42,663,1,170.8,337.0
42,663,1,12.4,240.2
42,663,1,171.5,382.5
42,664,1,294.0,372.0
42,664,1,165.5,233.6
42,664,1,168.0,337.0
42,664,1,541.0,401.8
42,664,1,7.2,300.2
42,664,1,46.0,330.5
42,665,1,293.0,373.0
42,665,1,4.5,308.0
42,665,1,39.9,335.0
42,665,1,545.5,403.0
42,665,1,40.8,384.5
42,665,1,163.2,191.5
42,665,1,166.8,364.0
42,666,1,292.2,367.0
42,666,1,161.0,195.8
42,666,1,39.7,395.5
42,666,1,542.0,399.5
42,666,1,42.4,386.2
42,667,1,291.2,364.5
42,667,1,545.0,399.5
42,668,1,291.5,371.2
42,668,1,547.0,404.2
42,668,0,566.0,396.0
42,669,1,547.0,400.5
42,669,1,290.0,368.5
42,669,1,157.1,363.0
42,669,0,566.0,392.5
42,669,1,156.5,299.5
42,670,1,548.0,400.0
42,670,1,25.5,408.0
42,670,1,288.5,372.0
42,670,1,154.0,315.0
42,670,1,151.8,233.8
42,670,1,154.8,380.5
42,671,1,550.0,411.0
42,671,1,23.8,409.5
42,671,1,155.0,343.0
42,671,1,152.5,241.5
42,671,1,290.0,370.0
42,671,1,153.5,286.2
42,672,1,22.5,409.8
42,672,1,154.1,342.5
42,672,1,152.0,238.9
42,672,1,290.0,371.0
42,672,1,154.2,385.0
42,673,1,20.5,414.5
42,673,1,151.4,347.0
42,673,1,289.0,378.2
42,673,1,150.2,239.2
42,673,1,81.5,220.0
42,674,1,22.9,413.0
42,674,1,292.0,379.5
42,674,1,152.8,237.0
42,674,1,155.5,320.0
42,674,1,155.5,363.5
42,674,1,561.0,416.0
42,675,1,17.8,406.0
42,675,1,151.8,369.0
42,675,1,151.8,321.8
42,675,1,290.8,385.0
42,675,1,150.5,241.1
42,675,1,562.0,423.0
42,676,1,13.1,408.5
42,676,1,562.0,429.0
42,676,1,291.2,380.5
42,676,1,151.0,370.0
42,676,1,150.2,244.0
42,676,1,151.0,321.8
42,676,1,165.0,159.0
42,677,1,12.6,413.0
42,677,1,563.0,427.0
42,677,1,290.2,383.0
42,677,1,149.8,351.5
42,678,1,563.0,428.5
42,678,1,143.6,411.5
42,678,1,102.6,300.5
42,678,1,10.2,304.8
42,678,1,15.2,416.5
42,679,1,564.0,429.0
42,679,1,10.8,413.5
42,679,1,143.8,412.2
42,679,1,10.6,318.0
42,680,1,568.5,427.0
42,680,1,142.8,412.5
42,680,1,68.5,202.5
42,681,1,292.8,385.5
42,681,1,578.0,427.8
42,681,1,148.8,413.5
42,681,1,74.4,369.5
42,681,1,73.8,320.5
42,682,1,596.0,426.5
42,682,1,304.8,387.5
42,682,1,22.1,416.8
42,682,1,206.5,149.2
42,683,1,312.5,384.0
42,683,1,166.2,336.0
42,683,1,607.0,429.5
42,683,1,165.0,222.0
42,683,1,27.6,378.0
42,683,1,41.2,318.0
42,684,1,329.0,386.0
42,684,1,187.6,304.2
42,684,1,54.9,404.5
42,684,1,187.9,369.0
42,684,1,185.1,224.8
42,685,1,5.0,270.2
42,685,1,37.0,269.5
42,685,1,74.1,324.8
42,685,1,72.5,270.8
42,685,1,206.0,398.8
42,685,1,204.0,229.9
42,685,1,117.8,303.0
42,686,1,362.5,390.0
42,686,1,217.2,355.0
42,686,1,217.8,305.5
42,686,1,216.5,232.8
42,686,1,86.0,270.5
42,686,1,267.0,269.5
42,686,1,248.2,171.8
42,686,1,266.2,171.2
42,687,1,370.5,395.5
42,687,1,85.8,385.5
42,687,1,269.2,179.5
42,687,1,219.6,352.5
42,687,1,217.6,237.2
42,688,1,374.5,407.0
42,688,1,53.4,228.8
42,688,1,88.6,302.5
42,688,1,90.2,247.2
42,688,1,101.4,191.5
42,688,1,20.4,270.5
42,689,1,12.5,405.5
42,689,1,269.0,87.8
42,689,1,121.8,401.0
42,689,1,409.5,423.5
42,689,1,253.2,173.9
42,689,1,268.5,157.8
42,689,1,120.9,321.5
42,689,1,165.2,298.8
42,690,1,153.0,409.0
42,690,1,283.0,383.5
42,690,1,284.5,445.0
42,690,1,152.2,303.8
42,690,1,443.0,417.0
42,691,1,471.2,414.0
42,691,1,306.2,414.0
42,691,1,182.8,357.0
42,692,1,520.5,417.0
42,692,1,348.2,332.5
42,692,1,348.0,421.0
42,693,1,491.5,300.5
42,693,1,391.2,348.0
42,693,1,541.0,280.5
42,693,1,575.0,414.5
42,693,1,265.0,375.8
42,723,0,104.5,534.0
42,723,0,37.2,462.8
42,723,0,148.8,617.0
42,723,0,227.5,640.0
42,723,1,305.5,640.0
42,723,0,467.0,580.5
42,723,1,14.8,437.0
42,723,0,54.0,492.5
42,723,0,27.8,455.5
42,723,1,551.0,558.5
42,723,0,36.6,460.5
42,723,0,27.2,451.5
42,723,1,305.8,606.0
42,723,1,551.0,467.0
42,723,0,389.5,428.5
42,723,1,306.2,510.5
42,724,0,117.8,538.0
42,724,0,52.6,470.0
42,724,0,86.2,520.0
42,724,0,68.0,495.5
42,724,0,13.2,411.0
42,724,0,240.8,639.0
42,724,0,43.7,460.5
42,724,0,68.9,493.0
42,724,0,42.5,458.5
42,724,1,569.0,457.5
42,724,0,17.2,416.8
42,724,1,569.5,547.5
42,724,1,321.5,414.0
42,724,0,20.0,418.5
42,724,0,26.0,424.0
42,724,0,51.8,462.8
42,724,1,78.2,506.5
42,725,0,136.2,534.0
42,725,0,177.1,609.0
42,725,1,336.5,640.0
42,725,0,502.5,588.5
42,725,0,45.6,421.2
42,725,1,593.0,639.0
42,725,0,33.9,409.5
42,725,0,72.6,466.0
42,725,0,72.8,465.8
42,725,0,87.8,496.0
42,725,0,62.3,443.5
42,725,1,336.2,518.0
42,725,0,179.0,588.0
42,725,0,71.1,466.0
42,725,0,105.0,511.5
42,725,0,255.2,640.0
42,726,1,364.5,640.0
42,726,0,534.0,595.0
42,726,0,281.0,639.0
42,726,0,98.9,462.0
42,726,0,160.8,531.5
42,726,0,130.8,514.5
42,726,0,200.2,623.5
42,726,0,90.7,455.8
42,726,1,79.0,428.5
42,726,1,364.0,532.0
42,726,1,123.6,503.5
42,726,0,91.7,455.0
42,726,0,114.1,485.5
42,726,0,90.5,443.5
42,726,1,630.5,640.0
42,726,0,464.0,468.0
42,726,1,79.1,435.0
42,727,0,171.1,531.5
42,727,1,377.5,640.0
42,727,0,213.0,622.0
42,727,0,110.4,459.5
42,727,1,135.1,503.8
42,727,0,292.5,639.5
42,727,0,140.8,505.0
42,727,0,101.1,443.0
42,727,0,75.6,406.2
42,727,0,102.1,446.0
42,727,0,125.1,479.8
42,727,1,90.1,432.8
42,727,0,84.6,416.5
42,727,1,447.8,640.0
42,727,0,102.9,451.0
42,728,0,186.8,534.5
42,728,0,308.5,638.5
42,728,1,396.5,640.0
42,728,1,150.2,500.5
42,728,0,125.4,451.5
42,728,0,156.6,501.5
42,728,0,117.1,430.5
42,728,0,569.0,586.0
42,728,0,141.0,466.2
42,728,0,125.8,429.0
42,728,1,4.6,406.2
42,728,1,394.5,545.0
42,728,0,92.8,400.5
42,728,0,126.4,455.5
42,728,1,148.5,496.5
42,728,1,82.4,317.0
42,729,0,196.0,525.5
42,729,1,409.5,638.0
42,729,0,583.0,614.0
42,729,0,235.0,621.0
42,729,1,118.2,427.0
42,729,0,135.8,453.8
42,729,1,17.6,403.0
42,729,0,166.0,506.0
42,729,0,136.5,454.5
42,729,0,129.1,448.5
42,729,0,129.2,447.0
42,729,1,460.5,422.0
42,729,0,162.5,498.0
42,729,1,93.4,319.0
42,729,1,159.5,492.0
42,729,0,150.8,466.2
42,729,1,16.7,405.0
42,729,0,9.4,407.0
42,730,1,428.5,640.0
42,730,0,150.1,453.0
42,730,1,34.3,403.8
42,730,0,179.8,494.5
42,730,0,149.0,451.8
42,730,1,173.0,492.0
42,730,0,332.2,639.5
42,730,1,108.6,319.2
42,730,0,248.5,590.5
42,730,0,209.0,529.0
42,730,0,25.6,411.2
42,730,1,427.2,530.0
42,730,0,5.4,455.8
42,730,1,132.8,423.5
42,730,0,604.0,622.0
42,730,0,141.8,437.0
42,730,0,9.7,439.5
42,730,0,181.0,497.5
42,730,0,6.6,457.0
42,730,0,142.5,442.5
42,730,0,141.2,427.5
42,731,0,623.0,612.0
42,731,0,220.5,522.5
42,731,1,442.8,638.0
42,731,1,184.1,489.5
42,731,0,161.2,449.0
42,731,1,49.0,401.0
42,731,0,21.2,454.5
42,731,0,259.9,622.0
42,731,0,153.8,437.8
42,731,1,29.4,432.0
42,731,0,6.7,435.5
42,731,0,5.3,473.8
42,731,0,345.0,640.0
42,731,1,143.0,413.0
42,731,0,39.3,411.8
42,732,0,232.8,524.0
42,732,0,273.2,598.5
42,732,0,5.1,491.0
42,732,1,462.0,640.0
42,732,1,197.6,484.0
42,732,0,204.0,487.8
42,732,0,22.3,463.5
42,732,0,173.8,441.8
42,732,0,22.6,431.2
42,732,0,36.6,447.5
42,732,0,173.8,422.0
42,732,0,357.5,636.5
42,732,0,22.3,446.0
42,732,1,540.9,639.5
42,732,0,188.5,449.5
42,732,1,460.0,504.5
42,733,1,485.0,633.0
42,733,0,247.6,515.5
42,733,1,9.6,503.5
42,733,0,24.6,483.5
42,733,1,80.8,393.0
42,733,1,550.5,579.0
42,733,0,40.9,463.5
42,733,0,189.5,427.5
42,733,0,219.2,488.0
42,733,0,190.0,440.2
42,733,1,211.8,483.5
42,733,0,203.4,448.0
42,733,0,53.9,444.0
42,733,0,181.9,421.8
42,733,1,149.0,307.5
42,733,0,57.6,432.2
42,733,0,59.4,426.0
42,733,0,4.8,489.8
42,734,1,502.0,640.0
42,734,0,36.7,481.0
42,734,1,22.0,503.0
42,734,1,91.7,388.5
42,734,0,53.1,460.0
42,734,1,182.8,411.0
42,734,0,228.0,478.0
42,734,0,200.0,438.5
42,734,0,257.0,514.0
42,734,0,199.0,425.5
42,734,0,53.7,432.0
42,734,0,67.0,436.5
42,734,0,65.7,438.2
42,734,0,200.8,438.8
42,734,0,84.0,398.5
42,734,0,227.8,486.0
42,734,0,68.8,425.5
42,734,0,199.5,439.0
42,734,1,222.0,474.0
42,734,0,193.2,431.5
42,734,0,198.6,412.0
42,734,0,229.5,485.0
42,734,0,193.5,432.5
42,734,0,195.5,431.0
42,735,1,528.0,629.0
42,735,1,611.0,489.5
42,735,0,69.9,456.5
42,735,0,53.9,475.8
42,735,1,40.2,496.5
42,735,1,108.1,385.5
42,735,0,271.5,509.0
42,735,0,243.9,483.0
42,735,0,213.5,416.5
42,735,0,214.0,432.0
42,735,0,311.2,573.0
42,735,1,236.8,483.2
42,735,1,198.2,405.5
42,735,0,245.2,488.5
42,735,0,84.6,432.2
42,736,1,566.5,640.0
42,736,0,294.0,512.0
42,736,0,19.3,581.0
42,736,1,133.9,390.0
42,736,0,236.9,433.5
42,736,0,96.4,439.5
42,736,0,335.5,585.0
42,736,0,81.8,482.5
42,736,0,108.4,439.8
42,736,0,266.0,486.5
42,736,1,66.0,430.0
42,736,1,66.4,499.5
42,736,0,82.1,483.5
42,736,0,264.8,487.5
42,736,0,250.0,443.0
42,736,0,109.6,438.5
42,736,0,110.8,434.5
42,736,0,217.8,404.0
42,736,1,568.5,478.5
42,737,0,28.9,579.0
42,737,1,579.5,640.0
42,737,1,74.1,509.0
42,737,0,90.1,482.5
42,737,0,301.0,518.5
42,737,0,243.9,436.0
42,737,1,75.5,509.0
42,737,0,105.2,419.8
42,737,1,142.0,391.0
42,737,0,29.9,504.5
42,737,0,105.0,450.5
42,737,0,244.8,440.0
42,737,0,117.2,442.2
42,737,1,124.2,423.0
42,737,0,237.8,432.0
42,737,0,105.1,432.0
42,737,0,237.4,429.8
42,737,0,342.5,571.0
42,737,0,29.8,535.5
42,737,0,243.5,418.8
42,738,1,604.0,640.0
42,738,0,45.3,574.5
42,738,0,315.0,514.5
42,738,0,105.8,482.0
42,738,1,90.9,501.0
42,738,0,257.5,436.5
42,738,1,279.0,479.0
42,738,1,156.4,391.5
42,738,0,120.1,459.0
42,738,0,228.0,384.5
42,738,0,133.2,438.8
42,738,1,88.8,482.5
42,738,0,132.4,440.0
42,738,0,136.2,423.5
42,738,0,238.0,398.5
42,738,0,46.6,514.0
42,738,1,241.5,415.5
42,738,0,105.8,483.2
42,738,0,256.5,427.0
42,739,0,328.0,514.5
42,739,0,59.9,576.0
42,739,1,105.5,500.0
42,739,0,133.9,443.5
42,739,0,269.5,426.0
42,739,0,118.7,479.8
42,739,1,628.0,615.0
42,739,0,269.2,414.0
42,739,0,134.0,418.5
42,739,1,104.2,458.5
42,739,0,258.2,414.5
42,739,1,169.8,387.0
42,739,0,61.0,515.5
42,739,0,259.2,413.8
42,739,0,133.5,458.5
42,739,1,628.5,422.2
42,739,0,146.8,439.0
42,739,0,370.5,553.0
42,739,1,291.0,479.0
42,739,0,149.1,421.8
42,739,0,133.9,458.5
42,739,0,298.8,484.5
42,740,0,74.2,574.5
42,740,0,341.5,518.5
42,740,0,133.0,479.0
42,740,1,118.8,494.5
42,740,1,183.4,386.5
42,740,1,455.5,450.5
42,740,0,162.8,415.5
42,740,0,282.0,433.0
42,740,0,282.5,434.0
42,740,0,147.8,419.2
42,740,1,265.2,407.0
42,740,1,116.7,463.0
42,740,0,585.5,483.0
42,740,0,299.0,467.5
42,740,0,623.5,476.5
42,740,0,295.5,463.0
42,740,1,119.0,502.5
42,740,0,14.4,188.2
42,740,0,281.2,422.5
42,741,0,360.0,519.0
42,741,0,6.9,640.0
42,741,0,152.8,473.5
42,741,1,138.5,494.0
42,741,1,201.2,386.5
42,741,0,166.5,458.0
42,741,1,136.6,473.5
42,741,0,293.0,429.2
42,741,0,152.8,474.5
42,741,0,299.5,436.5
42,741,1,282.8,408.5
42,741,0,178.2,438.5
42,741,1,323.0,484.2
42,741,0,407.0,584.0
42,741,0,96.2,571.0
42,741,0,298.0,434.2
42,741,0,300.5,437.2
42,741,0,330.0,489.0
42,741,0,167.0,433.0
42,742,0,108.7,572.0
42,742,0,20.9,640.0
42,742,0,165.2,478.2
42,742,0,373.0,521.0
42,742,1,152.5,498.0
42,742,0,341.0,493.0
42,742,1,294.8,409.0
42,742,1,214.0,387.8
42,742,0,310.5,434.8
42,742,0,194.1,419.0
42,742,0,311.5,438.0
42,742,1,149.4,480.0
42,742,0,180.4,436.0
42,742,0,180.4,454.0
42,742,0,310.2,423.0
42,742,1,334.0,480.5
42,742,0,422.0,602.0
42,742,0,305.8,432.8
42,742,0,109.5,524.0
42,743,0,38.2,640.0
42,743,0,124.9,568.5
42,743,0,181.1,476.8
42,743,1,168.2,499.5
42,743,0,389.0,522.5
42,743,0,356.5,493.5
42,743,0,325.5,434.5
42,743,1,579.0,636.0
42,743,0,326.5,438.5
42,743,1,229.5,387.0
42,743,0,195.5,416.5
42,743,0,325.0,422.5
42,743,0,318.0,418.0
42,743,0,438.5,580.0
42,743,0,318.8,423.0
42,743,1,213.8,418.0
42,743,0,355.2,479.0
42,743,1,348.5,481.0
42,744,0,399.5,532.5
42,744,1,176.5,504.5
42,744,0,49.3,639.0
42,744,0,134.4,575.0
42,744,1,359.0,488.0
42,744,1,237.8,388.0
42,744,0,205.0,421.2
42,744,0,334.0,429.5
42,744,0,219.2,420.0
42,744,0,190.0,484.0
42,744,0,218.0,422.8
42,744,1,177.1,472.5
42,744,0,366.0,492.0
42,744,0,523.0,462.0
42,744,0,189.9,470.0
42,744,1,358.0,485.0
42,745,0,145.0,569.5
42,745,0,201.2,475.5
42,745,0,410.0,534.0
42,745,0,214.0,457.5
42,745,0,344.0,442.2
42,745,1,186.1,483.0
42,745,0,464.0,590.5
42,745,1,327.0,407.5
42,745,1,246.9,387.5
42,745,0,59.4,640.0
42,745,0,359.5,466.0
42,745,0,227.5,427.0
42,745,0,228.5,421.0
42,745,1,245.9,392.0
42,745,1,187.8,493.0
42,745,1,437.0,111.6
42,745,0,229.4,418.0
42,745,0,345.0,441.5
42,745,0,377.0,495.5
42,745,0,337.2,435.5
42,745,0,230.5,417.2
42,746,1,202.0,495.5
42,746,0,214.2,476.5
42,746,0,391.0,500.5
42,746,1,382.0,484.5
42,746,1,260.5,389.0
42,746,0,425.2,540.0
42,746,0,73.9,637.5
42,746,0,358.0,439.0
42,746,0,228.0,415.5
42,746,1,317.5,311.5
42,746,0,350.0,421.5
42,746,0,349.0,419.0
42,746,0,356.5,441.5
42,746,1,245.5,417.0
42,746,0,357.2,427.8
42,746,0,334.5,395.2
42,747,0,173.8,574.0
42,747,0,406.5,505.5
42,747,0,228.8,474.0
42,747,1,216.1,491.5
42,747,0,88.5,640.0
42,747,0,442.5,550.0
42,747,0,372.0,443.0
42,747,1,330.8,310.2
42,747,0,241.5,429.2
42,747,0,364.5,435.0
42,747,0,242.0,419.0
42,747,0,339.8,387.5
42,747,1,396.5,489.5
42,747,1,273.5,385.8
42,747,1,466.8,109.4
42,747,0,365.2,435.5
42,747,0,241.2,455.5
42,747,1,353.5,415.0
42,747,0,502.5,603.0
42,747,0,228.8,475.0
42,747,0,252.5,434.0
42,747,0,441.2,547.0
42,748,1,407.0,493.0
42,748,0,382.0,436.0
42,748,0,251.5,415.8
42,748,0,183.6,572.0
42,748,0,238.0,482.0
42,748,1,224.1,430.0
42,748,0,373.0,420.5
42,748,0,264.5,418.5
42,748,0,453.0,551.5
42,748,0,98.5,638.0
42,748,0,373.5,422.0
42,748,1,183.6,574.0
42,748,0,238.8,476.0
42,748,0,265.5,417.5
42,748,0,349.2,386.5
42,748,0,261.8,434.5
42,748,0,237.2,454.0
42,748,1,225.2,458.0
42,748,1,339.5,309.0
42,748,0,418.0,505.2
42,748,1,226.2,494.5
42,748,0,276.5,399.5
42,748,1,282.5,385.8
42,749,1,235.0,503.5
42,749,0,108.7,639.0
42,749,1,292.2,389.8
42,749,0,467.0,555.5
42,749,0,261.0,454.0
42,749,0,407.5,454.0
42,749,0,392.2,447.5
42,749,0,248.4,472.5
42,749,1,374.0,416.5
42,749,0,194.2,567.0
42,749,1,349.0,310.8
42,749,1,234.5,387.0
42,749,0,426.0,505.0
42,749,0,409.5,477.0
42,749,1,235.0,416.0
42,749,0,385.0,439.0
42,750,0,111.1,639.0
42,750,1,237.0,505.8
42,750,1,376.5,414.5
42,750,0,197.1,568.5
42,750,1,296.0,388.8
42,750,0,397.0,445.5
42,750,0,388.0,437.5
42,750,0,265.0,416.8
42,750,0,389.0,438.0
42,750,1,237.9,427.5
42,750,1,606.0,478.0
42,750,0,472.0,554.0
42,750,0,433.5,508.5
42,750,1,423.2,497.2
42,750,0,413.2,475.5
42,750,0,264.8,413.5
42,750,0,265.2,454.5
42,751,0,201.8,571.0
42,751,0,113.5,635.0
42,751,1,245.5,497.0
42,751,0,257.8,476.2
42,751,0,442.5,512.0
42,751,0,404.5,446.0
42,751,0,421.5,479.5
42,751,1,497.5,104.9
42,751,1,241.9,481.5
42,751,0,482.0,565.5
42,751,1,302.5,389.0
42,751,0,396.0,436.0
42,751,0,422.0,484.0
42,751,0,395.5,432.5
42,751,0,285.2,418.5
42,751,0,258.0,476.0
42,752,0,200.9,574.5
42,752,0,110.5,639.0
42,752,0,257.8,478.5
42,752,0,405.0,443.0
42,752,1,245.1,490.2
42,752,0,484.5,560.0
42,752,0,257.2,474.0
42,752,0,422.5,471.0
42,752,0,396.0,433.0
42,752,0,425.0,481.8
42,752,0,397.2,436.2
42,752,0,282.5,433.0
42,752,1,243.4,467.0
42,752,1,386.0,115.1
42,752,0,282.2,433.5
42,752,0,396.0,426.0
42,752,0,443.5,506.5
42,752,1,359.5,303.5
42,752,1,63.9,492.0
42,752,0,285.0,420.0
42,752,0,270.5,454.2
42,753,0,102.6,639.0
42,753,1,243.5,507.0
42,753,0,405.2,448.0
42,753,0,422.2,479.0
42,753,0,197.5,577.0
42,753,0,423.5,481.5
42,753,0,484.5,561.5
42,753,0,270.0,445.0
42,753,1,622.0,453.0
42,753,0,396.0,436.0
42,753,0,395.5,427.5
42,753,0,269.2,453.5
42,753,0,270.0,420.0
42,753,0,281.0,431.0
42,753,0,256.2,477.5
42,753,0,444.0,513.5
42,753,1,302.2,381.5
42,753,0,281.5,429.0
42,753,0,254.8,459.5
42,753,0,283.5,422.2
42,753,1,500.2,104.2
42,754,1,235.8,507.5
42,754,0,91.8,640.0
42,754,0,439.2,519.5
42,754,1,618.0,470.0
42,754,0,400.5,451.2
42,754,0,264.8,459.0
42,754,0,482.0,583.0
42,754,0,438.8,505.0
42,754,1,297.5,390.2
42,754,1,355.5,308.2
42,754,1,237.2,419.5
42,754,0,249.8,477.2
42,754,0,264.8,438.5
42,754,1,417.5,490.5
42,754,0,389.8,419.5
42,754,0,13.7,606.0
42,754,0,190.5,582.5
42,754,0,365.2,390.0
42,755,0,439.2,521.5
42,755,0,186.5,587.5
42,755,0,83.8,639.5
42,755,1,27.4,489.0
42,755,1,235.2,494.0
42,755,0,248.0,483.5
42,755,0,482.0,581.0
42,755,0,262.0,460.5
42,755,0,399.0,446.2
42,755,1,295.8,388.5
42,755,1,620.0,477.5
42,755,0,389.2,428.2
42,755,0,416.2,472.5
42,755,0,81.4,637.0
42,755,1,232.8,481.5
42,755,0,415.5,455.2
42,755,1,378.0,415.2
42,755,0,373.2,401.0
42,755,0,277.0,421.0
42,755,0,363.0,388.0
42,755,0,400.0,450.5
42,755,0,247.0,469.0
42,755,0,6.1,620.0
42,756,0,439.0,522.0
42,756,0,260.8,464.5
42,756,0,482.5,566.5
42,756,1,233.2,514.0
42,756,0,245.8,485.0
42,756,1,231.6,490.0
42,756,0,183.5,594.0
42,756,0,75.6,640.0
42,756,0,398.5,447.5
42,756,0,388.5,431.5
42,756,0,415.5,465.5
42,756,0,261.5,451.2
42,756,1,377.5,417.2
42,756,0,275.2,420.8
42,756,1,230.8,459.5
42,756,1,294.0,389.0
42,756,0,361.5,389.5
42,756,0,372.5,402.5
42,757,0,439.2,522.5
42,757,0,245.2,484.5
42,757,0,483.5,575.0
42,757,0,398.8,450.0
42,757,1,231.0,518.0
42,757,1,293.5,390.0
42,757,0,180.8,593.0
42,757,1,377.0,416.0
42,757,0,70.0,640.0
42,757,1,228.2,481.5
42,757,0,260.8,453.5
42,757,0,388.8,433.0
42,757,1,27.1,511.0
42,757,0,415.5,463.0
42,757,0,397.5,442.5
42,757,1,229.2,415.5
42,758,0,244.4,488.5
42,758,0,440.0,528.0
42,758,0,485.0,582.0
42,758,0,177.9,610.0
42,758,0,399.5,454.5
42,758,1,230.0,502.5
42,758,0,389.0,434.5
42,758,1,227.2,474.0
42,758,0,260.2,457.0
42,758,1,228.5,424.0
42,758,0,259.5,471.2
42,758,0,416.2,470.0
42,758,0,60.6,640.0
42,758,1,377.5,421.0
42,758,1,416.0,494.8
42,758,1,294.0,392.0
42,758,0,439.5,511.5
42,758,0,361.5,393.8
42,759,0,174.0,614.0
42,759,0,439.5,535.0
42,759,0,485.0,589.0
42,759,0,398.8,459.8
42,759,0,241.8,496.5
42,759,0,52.7,639.0
42,759,0,257.0,469.0
42,759,0,415.2,479.2
42,759,1,227.0,524.0
42,759,1,292.5,401.5
42,759,0,360.5,399.5
42,759,1,376.0,424.0
42,759,1,226.2,426.5
42,759,1,350.0,315.5
42,759,1,224.0,497.0
42,759,0,388.5,450.2
42,759,0,269.2,452.8
42,759,0,397.5,453.2
42,759,0,382.2,432.0
42,760,0,418.2,509.5
42,760,0,170.5,627.5
42,760,0,490.2,596.5
42,760,1,292.5,410.8
42,760,0,443.8,551.5
42,760,0,257.5,441.5
42,760,0,399.5,473.0
42,760,0,241.2,507.2
42,760,0,389.0,447.0
42,760,1,377.5,434.5
42,760,1,227.5,548.5
42,760,1,224.2,495.0
42,760,1,227.0,422.0
42,760,0,269.5,459.0
42,760,0,270.5,457.0
42,760,0,285.2,423.5
42,760,0,361.0,406.0
42,761,0,497.0,609.5
42,761,0,170.4,633.5
42,761,1,293.8,415.2
42,761,0,392.0,467.2
42,761,1,379.0,440.5
42,761,0,402.5,476.5
42,761,0,258.2,447.2
42,761,1,227.8,545.5
42,761,0,242.2,515.5
42,761,1,433.0,538.0
42,761,0,421.0,513.0
42,761,0,362.5,412.5
42,761,0,425.0,520.5
42,761,1,225.8,489.0
42,761,0,373.0,423.8
42,761,1,226.9,429.5
42,761,1,278.0,445.8
42,761,0,390.5,448.2
42,761,0,258.0,466.0
42,761,0,401.0,474.5
42,762,0,443.5,565.5
42,762,0,398.0,481.0
42,762,0,235.5,525.0
42,762,0,494.5,623.0
42,762,1,374.5,446.0
42,762,1,289.0,418.5
42,762,0,387.5,471.0
42,762,0,252.5,453.8
42,762,0,162.5,635.0
42,762,0,441.5,540.0
42,762,1,219.9,513.0
42,762,0,267.5,452.8
42,762,0,416.0,492.5
42,762,0,416.5,524.5
42,762,0,234.5,497.0
42,762,0,252.0,462.5
42,763,0,158.6,636.0
42,763,0,398.2,485.2
42,763,0,234.8,522.0
42,763,1,289.0,420.5
42,763,0,497.5,639.0
42,763,1,219.2,526.0
42,763,0,266.8,459.0
42,763,0,250.8,498.8
42,763,1,374.5,447.5
42,763,1,9.6,519.5
42,763,0,387.2,476.5
42,763,0,417.0,527.0
42,763,0,443.5,556.5
42,763,0,265.8,458.5
42,763,1,39.7,640.0
42,763,0,16.6,639.5
42,763,1,497.5,639.0
42,763,0,251.5,473.0
42,763,1,348.8,339.8
42,763,0,441.5,537.0
42,764,0,156.4,638.5
42,764,0,234.0,525.0
42,764,0,398.2,486.8
42,764,0,499.0,636.0
42,764,0,250.0,499.2
42,764,1,218.2,527.0
42,764,0,444.5,561.0
42,764,1,374.5,449.5
42,764,0,265.5,455.2
42,764,0,387.0,477.0
42,764,0,417.0,530.0
42,764,1,219.1,439.5
42,764,1,6.4,523.0
42,764,0,266.2,461.0
42,764,0,157.8,611.0
42,764,0,357.8,419.5
42,764,0,16.0,639.0
42,765,1,215.5,556.5
42,765,0,151.2,632.0
42,765,0,230.5,522.0
42,765,0,397.0,489.2
42,765,0,500.5,635.0
42,765,0,247.9,498.0
42,765,0,366.5,432.5
42,765,0,445.0,568.0
42,765,1,285.8,418.5
42,765,0,355.8,418.0
42,765,0,417.0,531.0
42,765,1,347.0,336.8
42,765,1,213.5,499.0
42,765,0,385.0,476.5
42,765,0,248.5,463.5
42,765,0,265.0,455.0
42,765,0,266.0,455.0
42,766,0,229.6,524.5
42,766,0,397.5,486.5
42,766,0,246.8,497.0
42,766,0,148.2,638.5
42,766,1,214.0,555.5
42,766,0,366.5,431.5
42,766,0,417.5,531.5
42,766,0,355.5,416.5
42,766,0,385.8,476.5
42,766,1,286.0,417.2
42,766,0,446.2,553.0
42,766,0,264.5,451.5
42,766,1,373.5,450.0
42,766,1,212.6,510.5
42,766,0,261.0,473.0
42,767,0,245.9,501.0
42,767,0,398.8,490.0
42,767,0,227.8,526.5
42,767,0,509.0,637.5
42,767,0,142.1,638.5
42,767,0,386.0,477.0
42,767,1,212.2,562.5
42,767,1,374.0,451.5
42,767,0,366.8,432.0
42,767,0,355.5,417.0
42,767,0,277.8,432.5
42,767,1,286.0,417.8
42,767,0,264.2,455.0
42,767,1,433.5,562.0
42,767,0,246.8,480.0
42,767,1,212.9,488.0
42,767,0,278.0,427.0
42,767,0,419.0,532.0
42,767,1,347.0,336.2
42,767,0,421.2,539.0
42,768,0,135.5,635.5
42,768,1,208.2,564.0
42,768,0,397.5,493.0
42,768,0,365.2,432.5
42,768,0,384.5,478.5
42,768,1,283.5,419.0
42,768,0,510.0,637.5
42,768,0,354.0,418.5
42,768,0,225.4,525.5
42,768,0,418.2,534.5
42,768,0,276.0,432.2
42,768,0,365.5,427.0
42,768,1,209.1,467.5
42,768,0,243.2,501.5
42,768,0,385.5,479.0
42,768,0,244.2,461.5
42,768,0,260.5,454.0
42,768,1,372.0,450.5
42,768,0,244.1,485.5
42,769,1,205.9,568.0
42,769,0,129.5,638.0
42,769,0,398.0,493.5
42,769,0,365.0,433.5
42,769,1,206.4,445.5
42,769,0,275.5,430.5
42,769,0,385.0,482.5
42,769,0,420.2,537.0
42,769,1,207.0,414.5
42,769,0,354.0,419.5
42,769,0,365.8,428.0
42,769,0,241.9,501.8
42,769,0,223.5,532.5
42,769,0,451.0,577.5
42,769,0,258.8,461.0
42,769,0,260.0,452.2
42,769,1,372.0,451.0
42,769,1,207.0,430.0
42,770,0,123.7,638.0
42,770,0,396.8,495.0
42,770,0,220.5,531.0
42,770,1,203.2,569.0
42,770,0,364.8,434.5
42,770,1,282.0,420.8
42,770,0,451.5,575.0
42,770,0,419.8,541.0
42,770,0,385.0,483.0
42,770,0,257.2,450.0
42,770,0,240.8,497.5
42,770,1,203.2,499.0
42,770,0,384.0,484.0
42,770,0,273.5,434.5
42,770,0,384.2,463.5
42,770,0,365.0,431.0
42,770,0,221.5,534.0
42,770,1,341.8,328.0
42,770,0,376.0,461.0
42,770,1,203.8,444.5
42,771,0,119.1,635.5
42,771,1,280.0,421.0
42,771,0,395.8,500.8
42,771,0,616.5,501.0
42,771,0,218.5,543.5
42,771,1,200.0,545.5
42,771,0,237.2,512.5
42,771,0,383.0,478.5
42,771,0,8.9,501.5
42,771,0,450.8,580.0
42,771,0,362.5,437.5
42,771,1,281.0,419.5
42,771,0,238.6,493.8
42,771,0,28.6,640.0
42,771,0,255.0,470.5
42,771,1,368.0,453.2
42,772,0,110.4,638.0
42,772,0,213.5,546.0
42,772,0,233.9,513.5
42,772,1,277.0,426.0
42,772,0,13.0,640.0
42,772,0,361.0,435.5
42,772,0,393.5,502.0
42,772,0,415.5,533.5
42,772,1,196.2,534.0
42,772,0,211.2,544.5
42,772,0,268.8,440.5
42,772,0,251.8,472.5
42,772,0,250.2,486.5
42,772,1,196.6,473.0
42,772,0,449.5,593.0
42,772,1,6.2,504.5
42,772,0,372.5,463.5
42,772,0,381.0,478.8
42,772,0,182.5,597.0
42,772,0,252.2,460.5
42,773,0,104.7,639.0
42,773,0,212.9,548.5
42,773,0,234.0,514.0
42,773,0,261.2,455.5
42,773,0,452.5,584.0
42,773,0,395.0,501.5
42,773,1,277.5,427.0
42,773,0,252.0,477.0
42,773,0,269.5,440.0
42,773,0,250.8,484.5
42,773,0,362.2,436.0
42,773,0,4.7,639.0
42,773,0,210.5,548.0
42,773,0,270.0,437.2
42,773,1,195.2,531.5
42,773,0,382.5,483.0
42,773,0,361.5,438.0
42,773,1,195.0,438.5
42,773,0,363.5,444.5
42,773,0,252.6,464.5
42,774,0,100.9,638.0
42,774,0,233.0,521.0
42,774,0,394.8,506.0
42,774,0,211.5,554.0
42,774,1,276.2,430.0
42,774,0,453.8,613.0
42,774,0,361.5,440.0
42,774,0,269.0,443.2
42,774,0,250.0,488.8
42,774,0,251.0,478.0
42,774,0,350.5,426.2
42,774,0,251.8,469.0
42,775,0,231.8,525.5
42,775,1,276.2,433.2
42,775,0,395.0,508.5
42,775,0,454.0,599.0
42,775,0,361.5,444.0
42,775,0,248.9,490.0
42,775,0,209.8,550.0
42,775,0,247.1,498.5
42,775,0,268.2,440.5
42,775,0,381.2,475.8
42,775,1,257.9,467.5
42,775,1,189.4,448.5
42,775,0,349.5,429.8
42,775,0,419.0,558.0
42,775,0,361.0,442.5
42,776,0,89.6,640.0
42,776,0,231.8,528.0
42,776,0,457.5,617.0
42,776,0,420.5,566.0
42,776,1,277.2,434.5
42,776,0,361.5,444.5
42,776,0,456.8,588.0
42,776,0,396.0,511.5
42,776,1,436.5,588.0
42,776,0,249.0,502.0
42,776,0,383.0,482.0
42,776,1,188.4,568.0
42,776,0,249.8,481.0
42,776,0,209.8,552.0
42,776,0,27.9,640.0
42,776,0,269.0,449.2
42,776,1,259.8,464.2
42,776,0,362.5,444.5
42,776,0,247.5,503.0
42,777,0,78.7,640.0
42,777,1,273.5,434.8
42,777,0,358.5,445.0
42,777,0,227.6,530.0
42,777,0,394.0,517.0
42,777,0,457.0,612.0
42,777,1,183.5,532.0
42,777,0,418.5,565.0
42,777,1,183.2,606.5
42,777,0,204.2,564.5
42,777,0,381.0,493.0
42,777,1,436.5,598.0
42,777,0,347.0,432.8
42,777,0,358.8,448.0
42,777,0,128.8,204.9
42,777,0,247.2,478.8
42,778,0,71.1,640.0
42,778,1,273.0,432.5
42,778,0,358.5,445.5
42,778,0,202.5,565.0
42,778,0,394.0,516.0
42,778,1,437.5,597.0
42,778,0,245.5,470.5
42,778,1,182.2,550.5
42,778,0,263.8,441.5
42,778,0,226.0,474.5
42,778,1,181.5,596.0
42,778,0,418.2,565.5
42,778,0,245.0,476.5
42,778,0,346.0,430.0
42,778,0,457.2,600.0
42,778,1,524.0,388.0
42,778,0,200.8,565.0
42,778,0,225.8,520.0
42,778,0,380.2,474.2
42,778,0,248.0,473.5
42,778,0,380.2,492.2
42,779,0,65.4,640.0
42,779,0,395.0,517.0
42,779,0,420.0,567.0
42,779,0,245.5,467.0
42,779,1,181.5,539.5
42,779,1,273.0,427.5
42,779,0,201.5,564.5
42,779,0,358.8,443.5
42,779,0,225.8,471.5
42,779,0,263.5,437.2
42,779,1,181.1,600.5
42,779,0,461.0,610.0
42,779,1,439.5,601.0
42,779,0,346.8,428.0
42,779,0,244.5,477.0
42,779,1,191.2,94.8
42,779,0,380.0,471.5
42,779,0,248.1,473.0
42,780,0,49.9,640.0
42,780,1,176.8,602.0
42,780,0,360.8,441.5
42,780,1,274.0,424.5
42,780,0,198.8,566.5
42,780,0,397.0,514.5
42,780,0,264.5,436.5
42,780,0,467.5,621.5
42,780,0,422.8,567.0
42,780,0,245.2,467.5
42,780,0,355.0,439.5
42,780,0,354.0,435.5
42,780,1,444.0,603.0
42,780,0,225.2,520.0
42,780,0,383.5,475.0
42,780,0,243.0,494.5
42,781,0,197.1,567.5
42,781,1,174.2,613.5
42,781,0,467.5,629.0
42,781,0,222.2,530.0
42,781,0,397.0,518.0
42,781,0,9.1,509.5
42,781,0,359.0,441.0
42,781,1,272.8,425.5
42,781,0,243.2,476.0
42,781,0,242.0,482.0
42,781,0,422.0,566.0
42,781,0,372.0,470.5
42,781,0,194.6,564.0
42,781,1,189.8,84.9
42,781,0,221.4,528.0
42,781,1,444.0,603.0
42,782,1,171.2,609.0
42,782,0,469.2,634.5
42,782,1,189.0,85.0
42,782,0,34.8,640.0
42,782,0,220.8,530.5
42,782,0,423.0,568.5
42,782,0,359.0,441.5
42,782,0,242.5,463.5
42,782,1,549.0,382.2
42,782,0,397.0,518.0
42,782,0,241.0,464.5
42,782,0,262.2,439.0
42,782,0,261.8,442.5
42,782,0,152.1,575.0
42,782,1,171.6,541.0
42,782,0,371.8,470.5
42,782,0,358.5,436.5
42,782,0,195.0,568.5
42,782,0,222.2,481.0
42,782,0,444.8,606.5
42,782,0,151.0,625.5
42,782,0,152.5,552.0
42,783,0,219.1,528.0
42,783,0,358.5,440.0
42,783,0,261.0,441.5
42,783,0,470.5,632.0
42,783,1,167.5,579.0
42,783,0,21.2,640.0
42,783,1,270.2,426.5
42,783,1,168.5,521.0
42,783,0,241.5,463.8
42,783,0,397.2,519.5
42,783,0,423.5,571.0
42,783,0,261.5,436.8
42,783,1,334.0,326.5
42,783,0,358.5,438.8
42,783,0,371.5,470.0
42,783,0,239.8,497.5
42,783,0,220.1,488.0
42,784,0,219.5,533.0
42,784,0,474.0,632.0
42,784,0,240.5,467.5
42,784,0,425.5,573.0
42,784,0,241.5,462.5
42,784,0,398.5,513.5
42,784,0,34.9,470.5
42,784,0,262.0,439.5
42,784,0,360.0,441.2
42,784,0,19.1,639.5
42,784,1,167.5,593.0
42,784,0,73.2,478.0
42,784,1,167.9,521.5
42,784,0,355.0,439.0
42,784,0,384.0,499.2
42,784,0,357.8,437.2
42,784,0,359.0,443.0
42,784,0,240.2,487.8
42,784,0,398.8,520.5
42,784,0,239.0,504.5
42,784,0,622.5,488.2
42,784,0,147.0,619.0
42,784,1,252.8,461.0
42,785,1,270.0,432.5
42,785,0,217.5,535.5
42,785,1,164.8,544.0
42,785,0,425.5,578.0
42,785,0,358.8,444.5
42,785,0,474.8,635.0
42,785,0,397.8,517.0
42,785,0,31.9,639.5
42,785,0,261.0,443.5
42,785,0,398.2,522.0
42,785,0,383.0,492.8
42,785,0,371.5,473.5
42,785,0,238.4,500.5
42,785,0,189.8,567.5
42,785,0,619.0,590.5
42,785,1,248.5,471.0
42,785,0,239.5,489.5
42,786,1,269.8,428.5
42,786,0,215.8,536.0
42,786,0,426.0,577.0
42,786,0,187.8,579.0
42,786,0,358.5,442.0
42,786,0,475.5,637.0
42,786,0,397.8,519.0
42,786,1,163.6,541.0
42,786,0,239.2,480.0
42,786,0,53.5,639.5
42,786,0,260.8,439.0
42,786,0,372.0,470.8
42,786,0,382.5,476.5
42,786,0,28.6,638.0
42,786,0,358.5,437.0
42,786,0,237.2,500.0
42,786,0,217.2,488.5
42,786,0,398.0,523.5
42,786,1,334.0,324.5
42,786,1,162.2,581.0
42,786,0,217.5,533.5
42,786,0,239.5,468.0
42,786,0,635.5,496.0
42,786,0,623.5,495.5
42,786,1,128.2,435.8
42,787,1,270.0,425.5
42,787,0,186.8,573.0
42,787,0,41.3,639.0
42,787,0,215.5,531.5
42,787,0,428.0,578.0
42,787,0,479.0,640.0
42,787,0,399.5,522.0
42,787,0,358.8,438.0
42,787,0,237.1,503.0
42,787,1,451.5,616.5
42,787,0,238.4,497.0
42,787,0,185.0,569.5
42,787,0,26.5,473.2
42,787,1,127.6,461.5
42,787,0,358.5,433.0
42,787,0,260.5,436.2
42,787,0,383.0,475.5
42,787,0,21.6,635.5
42,787,0,235.2,503.0
42,787,0,384.5,498.5
42,787,0,52.4,483.0
42,787,0,239.2,472.2
42,787,1,127.1,439.0
42,787,0,632.5,492.8
42,787,0,372.0,469.0
42,787,1,600.0,639.0
42,788,0,483.5,639.0
42,788,0,185.1,580.0
42,788,1,269.5,422.5
42,788,0,430.2,579.5
42,788,0,214.1,533.5
42,788,1,454.5,623.5
42,788,0,358.5,437.0
42,788,0,399.8,515.5
42,788,0,236.8,493.0
42,788,1,601.5,450.0
42,788,0,260.0,422.5
42,788,1,156.6,563.0
42,788,0,238.1,480.0
42,788,0,26.5,490.5
42,788,0,235.0,503.2
42,788,1,586.5,454.0
42,788,1,156.0,501.5
42,788,0,384.0,497.2
42,788,0,429.5,536.0
42,788,0,11.8,599.0
42,788,1,126.1,447.0
42,788,1,269.5,420.0
42,788,0,359.0,440.0
42,788,0,46.2,492.0
42,789,0,483.5,637.0
42,789,0,182.4,583.0
42,789,0,428.5,582.5
42,789,0,211.8,533.5
42,789,0,358.2,439.0
42,789,1,267.5,422.8
42,789,0,232.6,505.0
42,789,0,257.8,438.0
42,789,1,454.0,622.0
42,789,1,152.8,536.5
42,789,0,399.0,521.0
42,789,0,234.8,485.0
42,789,1,601.0,452.0
42,789,0,358.0,430.0
42,789,1,600.5,452.5
42,789,0,235.6,473.8
42,789,0,612.0,640.0
42,789,0,37.0,492.0
42,789,1,366.8,459.8
42,789,1,485.5,427.0
42,789,0,358.2,436.0
42,789,0,231.9,504.0
42,789,0,399.2,523.5
42,789,1,612.0,639.5
42,790,0,486.0,634.0
42,790,1,268.0,426.0
42,790,0,233.0,507.5
42,790,0,181.5,591.0
42,790,0,358.8,438.5
42,790,0,211.4,538.5
42,790,0,7.8,613.0
42,790,0,430.8,582.5
42,790,0,235.6,484.0
42,790,1,150.2,605.0
42,790,0,400.0,519.5
42,790,0,383.0,505.5
42,790,1,603.5,452.0
42,790,1,151.0,521.0
42,790,0,372.0,469.2
42,790,0,619.0,640.0
42,790,1,268.0,419.5
42,791,1,147.8,637.0
42,791,0,232.5,512.5
42,791,1,268.0,428.5
42,791,0,257.8,441.5
42,791,1,605.0,453.2
42,791,0,359.0,442.0
42,791,0,383.5,504.8
42,791,1,458.2,637.0
42,791,0,358.5,437.2
42,791,0,431.5,549.0
42,791,0,210.0,543.5
42,791,0,401.0,523.0
42,791,1,333.0,325.2
42,791,0,179.0,592.0
42,791,0,373.0,472.5
42,791,0,233.8,491.0
42,791,0,346.0,426.0
42,791,0,488.8,639.5
42,791,1,490.0,446.0
42,791,0,432.2,586.5
42,792,0,231.2,513.5
42,792,1,143.8,632.0
42,792,0,11.8,508.5
42,792,1,266.5,429.0
42,792,0,490.2,637.5
42,792,0,358.5,442.5
42,792,0,208.6,546.5
42,792,1,605.0,454.0
42,792,1,459.5,638.0
42,792,0,431.5,552.0
42,792,0,232.5,484.0
42,792,1,266.8,427.2
42,792,0,358.0,437.0
42,792,0,400.5,528.0
42,792,0,257.2,446.0
42,792,0,384.0,501.5
42,792,1,605.0,455.0
42,792,0,372.0,473.0
42,792,1,598.5,397.0
42,792,0,432.2,591.5
42,792,0,400.0,519.0
42,793,0,231.5,514.0
42,793,0,495.2,638.0
42,793,1,142.0,639.0
42,793,0,402.5,536.0
42,793,1,267.5,426.5
42,793,0,434.5,593.0
42,793,0,232.8,483.8
42,793,0,359.0,441.0
42,793,0,257.5,446.0
42,793,0,208.0,548.5
42,793,0,384.8,506.0
42,793,1,118.9,477.0
42,793,1,608.0,457.5
42,793,1,142.1,526.5
42,793,1,246.0,473.5
42,793,1,142.5,593.0
42,794,0,231.8,516.0
42,794,1,141.5,640.0
42,794,0,499.0,640.0
42,794,0,404.5,532.5
42,794,1,268.8,429.8
42,794,0,361.5,442.0
42,794,0,386.8,514.0
42,794,1,610.5,452.0
42,794,0,233.0,500.8
42,794,0,436.2,597.0
42,794,1,119.1,481.5
42,794,0,208.5,551.0
42,794,1,141.8,534.0
42,794,0,353.2,436.5
42,794,1,334.0,323.0
42,794,1,370.8,472.0
42,794,0,233.9,482.0
42,794,0,258.0,447.5
42,794,1,368.5,472.5
42,794,1,268.8,427.0
42,794,1,246.5,477.5
42,794,0,357.0,435.5
42,795,0,499.8,640.0
42,795,0,170.2,606.0
42,795,0,403.0,531.0
42,795,1,266.5,429.5
42,795,0,204.6,552.0
42,795,0,229.2,516.0
42,795,0,437.0,588.5
42,795,1,135.0,535.5
42,795,0,359.0,442.5
42,795,1,135.2,606.5
42,795,1,266.2,429.2
42,795,0,358.5,438.0
42,795,0,384.5,511.2
42,795,1,115.1,437.5
42,795,0,230.5,497.0
42,795,0,2.9,509.0
42,796,0,502.5,640.0
42,796,0,203.8,552.0
42,796,0,437.2,598.5
42,796,0,169.1,605.5
42,796,0,403.5,533.0
42,796,1,266.0,426.2
42,796,0,359.0,442.0
42,796,1,133.2,559.0
42,796,0,229.8,501.5
42,796,0,358.5,437.8
42,796,0,385.0,508.8
42,796,0,623.0,479.0
42,796,1,133.1,632.0
42,796,0,230.1,488.0
42,796,1,467.5,637.5
42,797,0,28.8,592.5
42,797,0,166.8,603.0
42,797,0,404.5,531.0
42,797,0,505.5,640.0
42,797,0,202.1,551.5
42,797,1,265.0,420.0
42,797,0,438.5,590.0
42,797,0,358.8,438.0
42,797,0,228.5,510.0
42,797,0,385.5,504.8
42,797,0,229.4,497.0
42,797,0,358.5,435.5
42,797,1,265.8,425.0
42,797,0,254.9,441.5
42,797,0,228.0,489.5
42,797,1,474.5,635.0
42,798,0,200.5,552.0
42,798,0,404.5,531.0
42,798,0,508.5,639.0
42,798,1,264.5,422.5
42,798,0,438.5,591.5
42,798,0,358.5,439.5
42,798,0,253.9,437.5
42,798,0,163.2,612.5
42,798,0,358.0,433.0
42,798,1,125.1,611.0
42,798,1,470.5,640.0
42,798,1,123.2,515.5
42,798,0,228.2,482.0
42,798,0,232.8,481.5
42,798,0,372.5,470.0
42,798,0,384.5,506.5
42,798,0,357.8,430.0
42,798,0,29.2,595.0
42,798,1,474.8,634.0
42,798,1,125.0,572.0
42,798,0,226.6,510.0
42,799,0,199.9,550.0
42,799,0,405.0,531.5
42,799,0,440.0,600.0
42,799,1,265.5,420.5
42,799,0,359.0,436.0
42,799,0,254.0,436.0
42,799,0,358.5,432.8
42,799,0,385.2,503.5
42,799,0,227.5,476.0
42,799,0,511.5,639.0
42,799,1,477.8,632.0
42,799,1,121.9,517.0
42,799,1,122.8,621.0
42,799,0,233.0,477.5
42,799,0,226.1,495.5
42,800,0,407.0,534.5
42,800,0,199.5,550.0
42,800,0,443.5,609.0
42,800,1,265.2,419.5
42,800,1,481.0,439.5
42,800,0,387.8,509.0
42,800,0,443.0,558.5
42,800,0,359.5,436.0
42,800,1,119.4,519.5
42,800,0,254.2,438.5
42,800,0,227.8,473.5
42,800,0,233.4,477.5
42,800,1,368.0,462.5
42,800,1,120.8,614.0
42,800,0,254.0,441.5
42,801,0,442.8,612.0
42,801,0,407.0,537.0
42,801,1,116.6,639.0
42,801,0,196.5,550.0
42,801,0,521.5,639.5
42,801,1,263.5,419.5
42,801,1,115.5,507.5
42,801,0,358.0,437.5
42,801,0,442.2,561.0
42,801,0,385.5,510.0
42,801,0,252.4,440.5
42,801,1,481.5,441.5
42,801,0,222.8,512.5
42,801,0,156.8,621.0
42,801,0,405.2,526.5
42,801,0,373.0,470.8
42,801,0,358.2,440.0
42,801,0,223.9,484.8
42,801,0,357.8,431.5
42,801,0,236.0,475.0
42,802,0,445.0,617.0
42,802,1,114.5,639.0
42,802,0,524.5,639.5
42,802,0,155.8,618.5
42,802,0,407.8,538.0
42,802,0,195.8,552.0
42,802,0,386.8,514.5
42,802,1,264.0,419.8
42,802,0,252.4,443.8
42,802,0,223.8,494.5
42,802,0,222.8,513.5
42,802,0,359.0,435.0
42,802,1,114.2,516.0
42,802,1,264.5,417.8
42,802,0,224.2,483.0
42,802,0,444.5,559.5
42,802,0,358.0,428.5
42,802,1,367.2,458.5
42,802,0,236.0,476.5
42,802,1,621.0,560.0
42,802,1,263.0,419.0
42,803,1,110.1,640.0
42,803,1,262.5,419.5
42,803,0,407.0,539.0
42,803,0,445.0,616.0
42,803,0,386.5,514.5
42,803,0,357.8,441.0
42,803,0,220.5,515.5
42,803,0,153.0,621.5
42,803,0,61.4,639.0
42,803,1,262.0,420.8
42,803,0,372.5,472.8
42,803,0,222.2,507.0
42,803,0,194.0,552.5
42,803,0,625.5,543.0
42,803,0,343.5,421.0
42,803,0,357.5,437.0
42,803,0,223.2,469.5
42,803,1,110.6,598.5
42,803,0,526.5,639.5
42,803,0,444.5,563.5
42,804,0,530.0,639.0
42,804,1,110.0,640.0
42,804,0,409.5,542.5
42,804,0,153.8,624.0
42,804,1,263.8,420.5
42,804,0,388.0,515.5
42,804,0,61.8,640.0
42,804,0,222.0,516.0
42,804,0,359.0,440.5
42,804,0,252.1,441.0
42,804,0,194.8,557.0
42,804,0,358.5,435.5
42,804,1,367.5,466.5
42,804,0,222.8,492.0
42,804,0,447.5,621.0
42,804,0,221.0,515.5
42,804,0,344.5,421.2
42,804,0,236.0,474.0
42,804,1,111.1,599.0
42,804,0,446.5,570.0
42,805,0,532.5,639.5
42,805,1,106.9,639.5
42,805,0,409.0,550.0
42,805,0,151.2,625.0
42,805,0,220.2,519.0
42,805,0,388.2,518.0
42,805,1,263.5,421.0
42,805,0,358.8,439.0
42,805,0,251.5,444.0
42,805,1,108.0,535.5
42,805,0,358.2,435.0
42,805,0,447.2,589.5
42,806,0,533.0,639.5
42,806,0,249.5,444.5
42,806,1,261.5,428.2
42,806,0,407.8,550.0
42,806,0,446.2,623.5
42,806,0,357.2,445.8
42,806,0,385.5,517.5
42,806,0,217.8,521.5
42,806,0,357.0,441.5
42,806,0,249.5,443.0
42,806,0,372.5,478.5
42,806,1,103.9,533.5
42,806,0,191.2,565.5
42,806,0,348.5,435.5
42,807,0,450.0,629.0
42,807,0,220.2,520.5
42,807,0,410.5,554.5
42,807,1,263.0,422.5
42,807,0,409.0,544.5
42,807,0,389.0,518.5
42,807,0,358.5,441.5
42,807,0,359.0,441.0
42,807,0,536.5,637.5
42,807,0,251.4,444.8
42,807,0,358.5,435.8
42,807,0,38.8,639.5
42,807,1,103.5,507.5
42,807,1,103.4,610.0
42,807,1,368.5,477.0
42,808,0,450.0,633.0
42,808,1,262.0,430.0
42,808,0,409.5,551.0
42,808,0,358.0,442.5
42,808,0,249.9,445.8
42,808,0,387.5,522.5
42,808,0,408.0,538.5
42,808,0,217.5,527.5
42,808,0,188.9,569.0
42,808,0,189.5,512.0
42,808,1,98.4,619.0
42,808,1,98.2,561.5
42,808,0,357.5,437.0
42,808,0,358.2,447.0
42,808,0,249.8,440.0
42,808,0,40.6,640.0
42,808,0,145.0,637.0
42,809,0,452.5,630.0
42,809,1,262.5,426.5
42,809,0,412.0,552.0
42,809,0,42.4,640.0
42,809,0,389.5,519.0
42,809,0,219.2,525.0
42,809,0,410.2,544.0
42,809,0,359.0,437.5
42,809,0,146.6,636.5
42,809,1,98.1,619.0
42,809,1,493.0,456.0
42,809,0,251.2,446.5
42,809,0,359.2,446.0
42,809,1,489.8,638.0
42,809,1,80.2,118.5
42,810,0,143.2,638.0
42,810,0,30.0,639.0
42,810,0,453.0,635.0
42,810,1,262.5,426.5
42,810,0,412.5,553.0
42,810,0,389.5,519.0
42,810,0,219.1,522.5
42,810,0,188.8,574.5
42,810,1,262.2,426.0
42,810,0,359.2,435.8
42,810,0,358.5,437.5
42,810,0,360.0,441.5
42,810,1,492.8,640.0
42,810,1,609.0,146.5
42,810,1,94.8,614.5
42,810,1,93.5,509.5
42,810,0,240.4,469.0
42,810,0,220.2,485.0
42,811,1,262.0,429.0
42,811,0,186.6,572.0
42,811,0,412.5,555.5
42,811,0,453.0,637.0
42,811,0,250.0,445.0
42,811,0,389.2,519.5
42,811,0,216.8,529.5
42,811,1,492.5,639.5
42,811,0,359.0,442.0
42,811,0,139.8,638.0
42,811,1,87.9,503.0
42,811,1,368.5,476.0
42,811,0,358.8,442.0
42,811,1,612.0,147.8
42,811,0,359.0,436.0
42,811,0,376.0,476.5
42,812,0,248.8,450.8
42,812,1,261.0,427.5
42,812,0,411.2,555.0
42,812,0,358.0,443.5
42,812,0,452.5,637.5
42,812,0,184.8,574.0
42,812,1,85.6,639.0
42,812,0,388.8,519.5
42,812,0,409.5,547.0
42,812,1,492.0,639.5
42,812,0,214.9,530.0
42,812,1,615.5,142.5
42,812,0,373.5,478.5
42,812,0,358.0,437.5
42,812,1,85.8,533.5
42,812,0,22.7,639.0
42,812,0,136.9,635.0
42,813,0,556.0,640.0
42,813,0,184.4,569.0
42,813,0,248.8,452.0
42,813,0,412.8,555.5
42,813,1,82.8,638.5
42,813,1,261.2,428.5
42,813,0,454.5,638.0
42,813,0,214.6,532.5
42,813,0,389.5,522.5
42,813,0,359.0,441.5
42,813,0,358.5,436.8
42,813,0,19.6,639.0
42,813,1,367.5,476.2
42,813,0,375.5,479.0
42,813,0,358.2,441.0
42,814,0,249.5,449.2
42,814,0,184.8,569.5
42,814,1,82.1,638.5
42,814,0,389.5,523.0
42,814,1,261.5,429.0
42,814,0,413.5,556.0
42,814,0,215.6,532.0
42,814,0,456.5,629.0
42,814,0,359.0,441.0
42,814,0,358.5,436.5
42,814,1,260.8,429.0
42,814,0,358.5,442.5
42,814,1,259.8,429.0
42,814,1,499.5,638.5
42,814,1,261.8,422.8
42,814,1,369.0,477.5
42,815,0,245.5,451.8
42,815,1,73.9,638.0
42,815,0,411.8,560.0
42,815,0,180.5,582.0
42,815,0,357.5,449.0
42,815,1,258.0,431.5
42,815,0,211.1,536.0
42,815,0,454.8,636.5
42,815,1,500.2,639.5
42,815,0,387.8,528.0
42,815,1,229.6,487.5
42,815,0,373.0,488.0
42,815,0,246.2,445.5
42,815,0,558.5,639.0
42,815,0,409.5,543.5
42,815,1,73.2,535.5
42,816,1,76.8,640.0
42,816,0,463.5,639.0
42,816,0,185.5,582.0
42,816,0,362.2,447.5
42,816,0,135.2,636.5
42,816,1,263.8,430.2
42,816,0,394.0,524.5
42,816,0,217.0,536.5
42,816,0,418.0,565.5
42,816,0,354.8,437.0
42,816,0,362.0,441.5
42,816,0,251.4,450.8
42,816,0,355.5,437.5
42,816,1,503.0,465.5
42,816,0,354.0,437.0
42,816,0,218.8,523.5
42,817,0,186.1,582.0
42,817,0,465.5,624.0
42,817,1,77.4,640.0
42,817,0,420.0,564.5
42,817,0,252.8,453.5
42,817,0,365.0,446.0
42,817,0,135.4,636.0
42,817,1,265.0,426.2
42,817,0,397.0,527.0
42,817,0,381.0,484.0
42,817,0,219.2,525.0
42,817,0,364.5,441.0
42,817,0,356.0,436.5
42,817,0,217.8,535.5
42,817,1,76.9,541.0
42,817,0,187.2,513.0
42,818,0,249.0,450.5
42,818,1,261.5,430.0
42,818,0,463.0,637.0
42,818,0,181.1,584.0
42,818,0,392.0,522.5
42,818,0,360.5,443.0
42,818,0,354.8,436.5
42,818,0,213.2,536.0
42,818,0,356.0,435.5
42,818,0,359.5,435.5
42,818,1,66.6,518.0
42,818,0,415.0,549.0
42,818,1,505.5,462.0
42,818,0,377.0,478.0
42,818,0,226.8,484.5
42,818,0,214.2,491.8
42,819,0,421.5,562.5
42,819,0,468.2,638.0
42,819,0,183.8,579.5
42,819,1,265.0,426.0
42,819,1,264.5,423.0
42,819,0,364.8,442.5
42,819,0,586.0,640.0
42,819,0,396.0,518.5
42,819,0,252.0,447.0
42,819,0,355.5,432.5
42,819,0,356.5,432.8
42,819,0,381.0,473.0
42,819,0,215.8,535.0
42,819,1,66.8,515.5
42,819,0,129.6,637.0
42,819,1,116.9,190.9
42,819,0,364.0,437.2
42,819,1,373.5,464.0
42,820,0,467.8,640.0
42,820,0,419.8,557.0
42,820,1,263.5,424.2
42,820,0,181.0,584.0
42,820,0,395.0,522.5
42,820,0,362.5,441.5
42,820,0,586.0,639.0
42,820,0,250.5,446.2
42,820,0,355.5,432.0
42,820,0,355.0,431.5
42,820,1,63.9,630.0
42,820,0,215.1,517.5
42,820,0,215.8,481.0
42,820,0,362.0,439.5
42,820,1,372.5,473.5
42,820,0,227.8,481.0
42,820,1,62.4,491.0
42,821,0,423.0,564.0
42,821,0,470.5,638.0
42,821,0,182.4,585.5
42,821,0,365.0,443.0
42,821,1,265.2,424.8
42,821,0,215.2,537.0
42,821,1,517.1,465.2
42,821,0,251.8,447.5
42,821,1,62.8,640.0
42,821,1,374.0,469.0
42,821,0,357.0,433.5
42,821,0,356.0,433.0
42,821,1,60.0,488.0
42,821,0,217.5,484.5
42,821,0,229.0,482.0
42,821,0,382.0,470.5
42,821,0,397.0,502.0
42,822,0,423.5,566.0
42,822,1,58.2,640.0
42,822,0,365.0,446.0
42,822,1,264.5,428.5
42,822,0,180.4,590.0
42,822,0,471.5,636.0
42,822,0,123.3,639.0
42,822,0,397.0,512.0
42,822,0,213.5,540.0
42,822,1,521.5,638.0
42,822,0,356.2,435.0
42,822,0,364.2,441.0
42,822,0,381.5,475.0
42,822,0,355.5,435.5
42,822,0,354.5,433.5
42,822,0,180.5,519.0
42,822,0,227.5,487.5
42,823,0,475.5,638.0
42,823,1,266.0,424.5
42,823,0,182.2,588.5
42,823,1,58.8,640.0
42,823,0,426.5,570.0
42,823,0,252.8,451.8
42,823,0,384.5,483.8
42,823,0,366.5,446.5
42,823,0,216.2,541.0
42,823,1,182.5,590.5
42,823,1,528.0,639.0
42,823,0,366.0,437.5
42,823,0,357.8,431.0
42,823,1,527.0,640.0
42,823,0,241.0,465.2
42,823,1,117.6,198.8
42,823,0,125.0,640.0
42,823,0,399.2,528.5
42,823,0,356.5,427.2
42,824,0,424.5,562.0
42,824,1,54.8,640.0
42,824,0,121.8,639.0
42,824,0,365.5,447.2
42,824,0,475.0,638.0
42,824,1,265.2,428.0
42,824,0,180.1,591.0
42,824,0,365.5,442.5
42,824,0,356.5,434.8
42,824,0,213.8,541.0
42,824,0,399.2,529.0
42,824,1,527.0,468.2
42,824,0,251.8,451.5
42,824,1,374.5,471.5
42,824,1,528.0,639.0
42,824,1,54.6,562.5
42,824,1,516.0,463.5
42,824,1,527.0,640.0
42,824,0,240.4,472.0
42,825,1,52.1,640.0
42,825,0,479.0,638.0
42,825,0,427.5,574.5
42,825,1,265.8,427.2
42,825,0,252.5,454.2
42,825,0,384.5,489.5
42,825,0,180.5,595.0
42,825,0,121.2,639.0
42,825,0,622.0,640.0
42,825,0,367.0,447.0
42,825,0,215.1,544.5
42,825,1,534.0,639.0
42,825,0,366.8,450.0
42,825,0,366.0,440.8
42,825,0,400.2,532.0
42,825,0,241.5,472.0
42,825,1,533.0,622.5
42,825,0,357.0,429.5
42,825,0,358.0,434.0
42,825,0,359.0,435.0
42,825,0,356.0,425.0
42,825,0,425.8,544.0
42,826,1,43.6,640.0
42,826,0,176.5,597.5
42,826,0,426.8,572.5
42,826,0,478.0,635.0
42,826,1,264.2,427.5
42,826,0,365.5,448.0
42,826,0,365.5,442.0
42,826,0,356.5,435.5
42,826,0,176.4,523.0
42,826,1,264.2,422.2
42,826,0,356.0,436.0
42,826,0,212.2,509.2
42,826,0,212.2,478.0
42,826,0,212.0,544.5
42,826,0,400.0,528.5
42,826,0,114.0,640.0
42,826,0,226.9,490.0
42,827,1,41.5,640.0
42,827,0,177.8,597.0
42,827,0,483.8,634.5
42,827,1,265.8,425.0
42,827,0,430.0,575.5
42,827,0,252.1,453.5
42,827,0,385.5,486.0
42,827,0,367.0,446.5
42,827,0,213.0,543.0
42,827,0,116.5,640.0
42,827,0,177.9,528.0
42,827,0,366.5,435.2
42,827,0,401.5,532.0
42,827,0,367.2,447.8
42,827,0,356.8,425.5
42,828,0,111.7,639.5
42,828,0,175.5,601.0
42,828,1,265.5,429.2
42,828,0,484.0,637.0
42,828,0,430.0,580.5
42,828,0,385.5,489.0
42,828,0,367.0,447.2
42,828,0,366.5,440.0
42,828,0,251.8,454.0
42,828,1,546.0,639.5
42,828,0,367.2,449.5
42,828,0,356.8,425.5
42,828,1,378.0,476.0
42,828,0,211.8,549.5
42,828,1,35.9,501.5
42,828,0,240.2,472.2
42,828,0,212.2,492.0
42,828,0,252.0,445.8
42,828,0,212.5,479.0
42,828,0,357.5,431.2
42,829,0,489.0,639.0
42,829,0,176.5,610.0
42,829,0,253.2,458.5
42,829,0,112.0,639.5
42,829,0,433.5,582.0
42,829,1,266.5,429.0
42,829,1,552.5,640.0
42,829,0,369.0,450.0
42,829,0,405.2,540.0
42,829,0,213.1,550.0
42,829,0,241.8,474.8
42,829,0,176.2,530.0
42,829,0,361.2,439.8
42,829,0,368.5,446.5
42,829,0,360.0,437.5
42,829,1,550.0,488.5
42,829,1,34.2,616.0
42,829,0,388.0,492.8
42,829,1,551.0,485.5
42,830,0,489.0,639.0
42,830,0,107.0,640.0
42,830,0,252.1,462.0
42,830,0,433.5,588.0
42,830,0,173.9,615.5
42,830,1,554.0,639.5
42,830,1,265.8,434.0
42,830,0,211.0,556.5
42,830,0,369.0,452.0
42,830,0,404.5,543.0
42,830,0,240.2,482.0
42,830,1,24.6,470.2
42,830,0,360.8,441.8
42,830,1,26.6,640.0
42,830,0,368.5,449.5
42,830,0,354.2,434.0
42,830,0,353.5,432.2
42,831,1,23.7,640.0
42,831,0,434.5,589.5
42,831,0,173.9,617.0
42,831,0,405.5,544.5
42,831,1,557.5,639.5
42,831,0,490.5,638.0
42,831,0,106.7,640.0
42,831,1,265.5,434.8
42,831,0,252.0,462.2
42,831,0,211.0,557.0
42,831,1,21.0,467.0
42,831,0,369.0,454.0
42,831,0,240.0,484.0
42,831,1,553.5,490.0
42,831,0,228.2,491.0
42,831,0,359.0,440.5
42,832,0,172.2,615.0
42,832,0,104.2,639.5
42,832,1,18.2,640.0
42,832,0,435.5,583.0
42,832,1,561.5,639.0
42,832,1,266.0,434.0
42,832,0,493.5,639.0
42,832,0,252.2,461.5
42,832,0,406.0,542.0
42,832,0,210.8,558.0
42,832,1,558.0,490.5
42,832,0,369.5,450.2
42,832,0,360.2,439.2
42,832,0,240.2,484.0
42,832,0,361.2,440.2
42,832,1,556.5,489.5
42,832,0,359.5,438.5
42,832,0,388.8,495.0
42,832,1,16.3,436.5
42,832,0,226.0,503.0
42,833,1,12.3,640.0
42,833,0,436.5,592.5
42,833,0,170.0,622.0
42,833,0,406.5,543.5
42,833,0,495.8,638.0
42,833,1,265.2,436.5
42,833,0,209.9,561.0
42,833,0,100.4,639.5
42,833,0,369.0,455.0
42,833,1,566.5,639.0
42,833,1,264.5,435.0
42,833,0,368.8,450.5
42,833,0,361.0,443.8
42,833,0,359.5,442.0
42,833,0,360.2,443.2
42,833,0,251.2,464.5
42,834,1,9.8,639.5
42,834,0,438.5,595.0
42,834,1,266.5,434.5
42,834,0,169.5,621.0
42,834,0,408.2,545.0
42,834,0,253.0,461.5
42,834,0,499.5,640.0
42,834,0,210.2,561.0
42,834,0,371.2,454.0
42,834,0,363.0,442.5
42,834,0,97.9,640.0
42,834,0,240.0,486.0
42,834,0,361.5,438.5
42,835,0,499.2,639.5
42,835,0,436.8,605.0
42,835,1,264.8,434.2
42,835,0,406.0,549.5
42,835,0,166.8,620.5
42,835,0,207.1,563.0
42,835,0,368.5,456.5
42,835,0,250.2,461.5
42,835,1,6.4,555.5
42,835,1,6.8,408.5
42,835,1,7.1,624.0
42,835,0,360.2,443.5
42,835,1,231.8,497.5
42,835,0,93.4,638.0
42,836,0,253.0,463.5
42,836,1,582.0,640.0
42,836,0,442.0,607.5
42,836,0,168.5,624.0
42,836,0,410.0,550.0
42,836,1,267.0,434.5
42,836,0,372.5,457.5
42,836,0,504.2,639.5
42,836,0,209.8,562.0
42,836,0,372.0,455.5
42,836,0,363.5,445.8
42,836,1,6.3,559.5
42,836,0,240.2,484.0
42,836,1,7.1,634.5
42,836,1,6.5,431.0
42,836,1,580.0,506.5
42,837,1,263.8,437.5
42,837,0,503.5,639.5
42,837,0,439.5,605.0
42,837,0,408.0,554.5
42,837,0,249.2,463.8
42,837,0,368.5,457.0
42,837,0,389.0,505.0
42,837,0,360.0,446.2
42,837,0,163.9,629.0
42,837,0,205.5,563.5
42,837,0,236.2,487.5
42,837,1,584.5,639.0
42,837,1,229.0,508.5
42,837,0,438.0,577.0
42,837,0,358.5,443.8
42,837,0,357.8,436.0
42,838,0,443.5,610.0
42,838,1,265.5,435.8
42,838,0,410.0,554.0
42,838,0,370.5,459.5
42,838,0,165.8,623.5
42,838,0,360.5,445.8
42,838,0,506.5,639.0
42,838,0,208.0,565.0
42,838,0,370.0,452.8
42,838,0,361.2,447.0
42,838,1,590.0,640.0
42,838,1,232.0,505.5
42,838,0,391.2,507.0
42,839,1,596.0,640.0
42,839,1,595.0,518.0
42,839,0,445.0,603.5
42,839,0,252.2,462.0
42,839,0,373.2,457.8
42,839,1,266.5,435.0
42,839,0,412.5,550.0
42,839,0,511.5,638.0
42,839,0,165.2,626.5
42,839,0,363.5,445.0
42,839,0,210.0,565.0
42,839,0,443.5,564.5
42,839,0,52.2,597.0
42,839,1,266.5,435.0
42,839,0,240.1,487.0
42,839,0,362.5,442.5
42,839,0,88.4,640.0
42,840,1,597.5,516.5
42,840,1,266.0,435.0
42,840,0,446.0,604.5
42,840,1,600.0,639.5
42,840,0,513.1,639.0
42,840,0,372.8,457.8
42,840,0,251.6,463.8
42,840,0,412.5,550.0
42,840,0,363.2,444.5
42,840,0,208.5,568.0
42,840,0,86.2,639.5
42,840,0,444.0,567.5
42,840,0,165.1,626.0
42,840,0,393.5,504.0
42,840,0,362.0,443.5
42,840,1,232.6,504.5
42,841,1,608.0,639.0
42,841,1,270.0,437.0
42,841,0,518.5,636.0
42,841,0,254.0,466.0
42,841,0,375.5,459.0
42,841,0,450.0,614.0
42,841,0,254.5,452.0
42,841,0,209.0,568.0
42,841,0,396.5,496.0
42,841,0,241.6,482.5
42,841,0,165.4,637.0
42,841,1,607.0,521.0
42,841,0,375.0,446.0
42,841,0,376.0,458.0
42,841,0,240.5,479.0
42,842,1,612.0,639.5
42,842,0,520.0,640.0
42,842,0,252.4,466.0
42,842,1,267.0,437.0
42,842,1,610.0,521.0
42,842,0,373.8,458.0
42,842,0,364.8,443.2
42,842,0,209.8,571.5
42,842,0,449.5,611.0
42,842,0,78.6,639.5
42,842,0,240.0,486.5
42,842,1,266.8,436.5
42,842,0,162.1,638.5
42,842,0,356.5,434.5
42,842,0,363.5,443.0
42,843,0,74.9,640.0
42,843,0,253.2,464.5
42,843,0,452.5,617.5
42,843,1,269.2,436.5
42,843,0,254.0,455.0
42,843,0,397.0,500.0
42,843,0,524.5,639.0
42,843,0,240.4,486.0
42,843,0,376.0,458.0
42,843,0,620.5,640.0
42,843,0,209.5,572.5
42,843,0,161.9,640.0
42,843,0,375.5,448.8
42,843,0,366.5,438.0
42,843,0,265.5,437.8
42,843,0,398.0,504.5
42,844,0,70.7,640.0
42,844,1,267.0,436.0
42,844,0,252.2,466.5
42,844,0,451.5,616.5
42,844,0,524.0,639.0
42,844,0,374.5,457.0
42,844,0,207.2,574.0
42,844,0,365.5,443.5
42,844,0,621.0,640.0
42,844,0,158.5,639.5
42,844,0,364.5,444.0
42,844,0,395.0,505.5
42,844,0,240.0,486.8
42,845,0,70.2,640.0
42,845,0,456.5,619.5
42,845,0,532.5,639.0
42,845,1,270.0,436.5
42,845,0,254.8,460.5
42,845,0,420.0,559.0
42,845,0,160.5,636.0
42,845,1,630.5,521.5
42,845,0,377.2,457.0
42,845,0,241.0,484.0
42,845,0,208.5,572.5
42,845,0,368.5,442.5
42,845,0,400.0,505.8
42,846,1,267.5,434.5
42,846,0,455.0,619.0
42,846,0,252.5,463.8
42,846,0,533.5,639.0
42,846,1,633.5,532.0
42,846,0,61.8,639.0
42,846,0,397.5,497.0
42,846,0,156.0,637.0
42,846,0,417.8,560.0
42,846,0,375.2,444.0
42,846,0,375.5,458.5
42,846,0,203.1,573.5
42,846,1,632.0,530.5
42,846,0,398.5,505.0
42,846,0,240.0,484.0
42,847,0,420.5,558.5
42,847,1,268.8,432.2
42,847,0,253.8,454.5
42,847,0,252.8,462.0
42,847,0,16.3,634.0
42,847,0,458.0,618.5
42,847,0,595.0,563.0
42,847,1,636.0,534.0
42,847,0,240.2,486.2
42,847,0,206.6,571.5
42,847,0,62.3,637.5
42,847,0,376.5,457.5
42,847,1,74.2,511.2
42,847,0,456.5,607.5
42,847,0,366.5,435.2
42,847,0,65.7,638.0
42,847,0,400.0,506.0
42,847,0,536.0,639.5
42,847,0,368.5,442.0
42,847,0,367.5,437.8
42,847,0,365.2,430.5
42,847,0,225.4,492.0
42,848,0,423.2,560.0
42,848,1,270.5,432.5
42,848,0,461.0,621.0
42,848,0,600.0,565.0
42,848,0,255.0,461.5
42,848,0,241.6,481.0
42,848,0,61.7,638.0
42,848,0,379.2,454.5
42,848,0,207.9,572.0
42,848,0,369.5,440.0
42,848,0,15.5,635.0
42,848,1,390.5,490.5
42,848,1,75.1,509.0
42,848,0,157.8,637.5
42,848,0,458.8,601.5
42,848,1,270.5,433.0
42,848,1,74.7,508.5
42,849,0,421.0,559.0
42,849,0,252.9,462.0
42,849,1,268.0,434.8
42,849,0,54.9,640.0
42,849,0,603.0,569.5
42,849,0,459.0,622.5
42,849,0,11.0,636.0
42,849,0,377.0,454.0
42,849,0,202.0,575.5
42,849,1,68.3,516.5
42,849,0,457.5,606.0
42,849,0,376.0,451.0
42,849,0,152.8,639.0
42,849,0,366.5,433.0
42,849,0,456.5,571.0
42,849,0,368.8,440.0
42,849,0,364.8,428.5
42,849,1,372.0,111.9
42,849,0,400.0,505.0
42,849,0,374.8,438.0
42,849,0,239.8,485.5
42,849,1,389.5,489.0
42,850,1,270.8,434.5
42,850,0,463.5,627.0
42,850,0,56.3,640.0
42,850,0,424.0,559.0
42,850,0,12.3,638.0
42,850,0,254.8,456.5
42,850,0,154.5,640.0
42,850,0,240.8,482.5
42,850,1,371.5,114.8
42,850,0,611.0,571.0
42,850,0,369.5,440.0
42,850,0,379.5,453.0
42,850,0,254.0,462.0
42,850,0,379.5,447.0
42,850,0,546.0,640.0
42,850,0,206.2,574.0
42,850,1,390.0,490.5
42,850,0,225.5,503.0
42,851,0,463.5,632.5
42,851,0,548.0,640.0
42,851,1,269.8,435.0
42,851,0,253.9,464.0
42,851,0,47.2,640.0
42,851,0,424.0,562.0
42,851,0,616.0,577.5
42,851,0,252.5,466.0
42,851,0,619.0,607.5
42,851,0,151.5,639.0
42,851,0,202.2,581.0
42,851,0,240.0,490.0
42,851,0,378.8,456.0
42,851,1,390.0,490.0
42,851,0,368.5,439.5
42,851,1,371.5,111.5
42,851,0,265.0,437.2
42,851,1,68.7,521.0
42,851,1,66.6,519.5
42,852,0,553.5,639.5
42,852,0,465.0,630.0
42,852,0,37.6,640.0
42,852,0,254.9,469.5
42,852,0,426.5,567.5
42,852,1,271.0,438.2
42,852,0,151.0,639.0
42,852,0,201.8,586.0
42,852,0,625.5,586.0
42,852,0,371.0,444.0
42,852,0,381.0,458.0
42,852,0,403.5,512.0
42,852,0,253.8,468.0
42,852,0,240.2,491.0
42,852,0,265.0,438.5
42,852,0,254.5,453.5
42,852,1,66.0,528.0
42,852,0,40.2,640.0
42,852,0,404.5,513.5
42,852,0,370.0,441.0
42,853,0,145.2,639.5
42,853,1,266.5,435.5
42,853,0,423.0,567.0
42,853,0,212.2,537.0
42,853,0,462.5,633.0
42,853,0,29.9,640.0
42,853,0,376.5,460.5
42,853,0,552.5,639.5
42,853,0,200.2,589.0
42,853,0,623.5,588.5
42,853,0,236.8,492.0
42,853,0,366.5,438.5
42,853,0,401.0,512.5
42,853,0,460.5,583.0
42,853,0,250.8,466.0
42,853,0,33.3,639.0
42,854,1,266.5,436.5
42,854,0,144.6,639.5
42,854,0,28.7,640.0
42,854,0,236.2,494.8
42,854,0,250.1,472.0
42,854,0,423.0,568.5
42,854,0,464.5,638.5
42,854,0,197.1,591.0
42,854,0,217.8,534.0
42,854,0,376.2,461.8
42,854,0,554.5,639.0
42,854,0,366.0,438.5
42,854,1,390.0,498.0
42,854,0,369.5,450.5
42,854,0,401.0,512.0
42,854,0,365.0,437.0
42,855,1,270.8,439.8
42,855,0,146.5,639.5
42,855,0,565.0,640.0
42,855,0,28.3,640.0
42,855,0,254.4,468.5
42,855,0,200.4,591.0
42,855,0,428.0,573.0
42,855,0,405.0,514.5
42,855,0,470.5,637.0
42,855,0,253.2,470.2
42,855,0,381.0,462.0
42,855,0,240.0,494.5
42,855,0,213.0,542.0
42,855,0,370.5,448.0
42,855,1,68.3,525.5
42,855,0,254.1,455.5
42,855,0,265.5,441.5
42,856,0,143.4,639.0
42,856,1,267.5,436.5
42,856,1,558.0,477.0
42,856,0,236.8,495.0
42,856,0,213.9,540.0
42,856,0,198.1,592.0
42,856,0,368.5,447.0
42,856,0,427.0,576.0
42,856,0,251.5,471.5
42,856,0,23.5,639.5
42,856,0,379.2,460.0
42,856,0,403.5,518.5
42,856,0,237.0,500.5
42,856,0,378.8,450.5
42,856,0,404.2,518.5
42,857,1,561.0,486.5
42,857,0,405.0,516.5
42,857,1,269.2,436.5
42,857,0,252.2,470.5
42,857,0,218.6,534.5
42,857,0,197.2,591.5
42,857,0,141.2,638.5
42,857,0,380.8,462.0
42,857,0,237.5,490.5
42,857,0,429.2,572.0
42,857,0,370.5,447.5
42,857,0,471.5,638.0
42,857,0,264.2,441.5
42,857,0,237.5,497.5
42,857,0,470.0,619.0
42,858,0,138.5,639.5
42,858,0,218.8,532.5
42,858,1,268.5,437.2
42,858,0,404.8,514.5
42,858,0,195.9,593.0
42,858,1,561.0,486.0
42,858,0,251.8,469.5
42,858,0,236.9,493.0
42,858,0,429.5,573.5
42,858,0,9.9,640.0
42,858,0,474.0,640.0
42,858,0,471.2,591.0
42,858,0,370.5,444.0
42,858,0,381.0,457.8
42,858,0,507.5,426.5
42,858,0,369.0,441.8
42,858,0,251.8,460.5
42,859,1,267.0,435.0
42,859,0,404.5,514.0
42,859,0,219.0,533.0
42,859,0,194.5,594.0
42,859,0,250.4,470.5
42,859,0,429.2,576.0
42,859,0,235.1,492.8
42,859,0,369.5,442.5
42,859,0,135.1,639.0
42,859,0,380.0,448.8
42,859,0,368.2,442.5
42,859,1,562.0,457.8
42,859,0,216.2,532.0
42,860,1,268.0,435.0
42,860,0,219.4,530.5
42,860,0,405.5,515.5
42,860,0,250.8,466.5
42,860,0,193.1,596.0
42,860,0,235.8,491.5
42,860,0,134.4,640.0
42,860,1,563.0,460.5
42,860,1,372.5,108.6
42,860,0,370.5,443.0
42,860,1,225.2,342.5
42,860,0,380.0,456.0
42,860,0,430.8,574.0
42,860,0,381.0,458.5
42,861,1,268.0,432.0
42,861,0,219.8,529.0
42,861,0,406.8,516.0
42,861,0,381.8,459.0
42,861,0,251.1,464.5
42,861,0,192.9,593.0
42,861,0,235.9,492.5
42,861,0,371.0,442.5
42,861,0,132.8,639.5
42,861,0,382.0,459.0
42,861,1,375.5,109.9
42,861,0,432.0,574.5
42,861,0,250.9,455.0
42,861,0,372.0,443.0
42,861,0,381.5,448.0
42,861,1,226.0,341.5
42,862,1,266.5,433.5
42,862,0,215.2,529.0
42,862,0,196.5,594.0
42,862,0,249.0,466.8
42,862,0,405.0,515.5
42,862,0,368.5,441.0
42,862,0,233.6,491.0
42,862,0,379.5,450.0
42,862,0,4.5,559.0
42,862,1,592.5,634.0
42,862,0,380.0,458.0
42,862,1,225.0,340.5
42,862,0,431.0,575.5
42,862,1,395.0,498.0
42,862,0,476.5,635.0
42,863,0,219.0,531.5
42,863,1,270.5,434.0
42,863,0,253.1,463.2
42,863,0,194.1,595.0
42,863,0,436.5,575.0
42,863,0,373.2,439.0
42,863,0,383.2,444.0
42,863,1,571.0,485.5
42,863,0,384.0,454.0
42,863,0,3.5,537.0
42,863,0,251.9,464.5
42,863,0,237.8,483.5
42,863,0,371.8,434.5
42,863,0,265.0,436.5
42,863,0,484.5,635.5
42,863,0,396.8,497.5
42,864,0,215.2,529.5
42,864,0,406.5,515.0
42,864,1,266.0,429.0
42,864,0,247.9,464.8
42,864,0,193.6,594.0
42,864,0,123.2,638.0
42,864,0,369.0,438.5
42,864,0,432.5,576.0
42,864,0,379.5,457.0
42,864,0,380.0,443.0
42,864,0,232.5,494.0
42,864,1,222.5,340.5
42,864,1,606.0,637.5
42,864,0,189.4,594.0
42,865,0,215.5,526.5
42,865,0,250.0,463.5
42,865,1,267.5,430.0
42,865,0,408.8,514.0
42,865,0,195.5,593.0
42,865,0,435.0,576.5
42,865,0,382.0,457.0
42,865,0,382.5,457.0
42,865,0,123.8,638.0
42,865,1,223.2,334.0
42,865,1,374.0,105.1
42,865,0,390.5,457.5
42,865,0,485.0,638.5
42,865,0,381.5,439.0
42,865,1,605.0,463.5
42,865,0,605.0,462.0
42,865,0,370.5,437.5
42,865,0,233.8,488.5
42,865,0,369.5,430.2
42,865,0,371.8,439.0
42,866,0,119.8,639.0
42,866,0,214.8,529.0
42,866,1,267.0,423.5
42,866,0,249.0,461.5
42,866,0,190.5,596.0
42,866,0,409.0,514.0
42,866,0,435.0,579.0
42,866,0,382.0,453.2
42,866,0,382.0,444.8
42,866,0,233.5,492.8
42,866,0,617.5,639.0
42,866,0,370.5,434.5
42,866,0,382.5,455.5
42,866,0,390.5,456.5
42,866,1,223.2,334.0
42,866,0,381.5,429.8
42,866,0,369.5,428.2
42,866,0,195.5,596.5
42,866,0,371.5,438.5
42,867,0,215.5,528.5
42,867,1,268.8,429.5
42,867,0,625.0,639.5
42,867,0,106.1,639.0
42,867,0,250.5,463.2
42,867,0,438.5,581.5
42,867,0,193.8,596.0
42,867,0,383.0,444.0
42,867,0,372.0,436.2
42,867,0,490.5,637.5
42,867,0,234.1,491.0
42,867,0,383.5,456.0
42,867,0,117.5,639.0
42,867,1,37.4,521.5
42,867,0,396.5,480.0
42,867,1,397.0,494.5
42,868,0,249.8,463.5
42,868,0,215.0,527.5
42,868,0,628.0,640.0
42,868,0,109.0,639.5
42,868,0,191.2,598.5
42,868,1,267.5,422.5
42,868,0,438.0,580.5
42,868,0,383.0,449.0
42,868,0,371.5,433.5
42,868,1,268.0,428.5
42,868,1,266.8,426.5
42,868,0,233.8,491.5
42,868,0,489.5,633.0
42,868,0,383.5,456.0
42,868,0,396.0,485.0
42,868,0,382.5,433.5
42,869,1,266.5,425.5
42,869,0,183.5,602.0
42,869,0,248.1,465.5
42,869,0,438.2,580.0
42,869,0,382.5,452.5
42,869,0,213.5,532.5
42,869,0,631.0,640.0
42,869,0,118.0,639.5
42,869,0,370.2,433.0
42,869,0,247.2,454.5
42,869,0,621.5,485.5
42,869,1,220.2,336.2
42,869,0,232.2,492.0
42,869,0,396.0,490.2
42,869,0,371.8,438.5
42,869,0,381.8,432.0
42,869,0,383.0,456.5
42,870,0,182.2,606.0
42,870,1,267.2,431.5
42,870,0,248.4,467.0
42,870,0,372.0,440.0
42,870,0,439.0,580.5
42,870,0,113.6,636.0
42,870,0,383.5,443.8
42,870,0,371.0,435.5
42,870,0,212.5,534.0
42,870,0,631.0,487.5
42,870,0,631.0,449.0
42,870,0,494.0,640.0
42,870,0,113.6,639.0
42,870,0,384.0,457.0
42,870,1,376.0,101.6
42,870,0,396.5,483.8
42,870,1,267.0,432.0
42,870,0,616.5,489.0
42,870,1,221.6,338.8
42,870,0,232.1,494.5
42,870,1,266.5,432.0
42,871,1,266.0,426.5
42,871,0,182.8,610.5
42,871,0,247.2,471.5
42,871,0,440.0,586.0
42,871,0,382.2,458.0
42,871,0,635.0,440.5
42,871,0,231.5,496.2
42,871,0,494.5,637.0
42,871,0,371.0,437.2
42,871,0,396.0,501.2
42,871,0,246.8,457.2
42,871,0,211.2,525.0
42,871,1,577.0,437.5
42,872,0,182.2,612.0
42,872,1,267.0,430.0
42,872,0,442.5,590.5
42,872,0,372.8,437.0
42,872,0,248.6,471.0
42,872,0,383.8,445.0
42,872,0,212.5,533.0
42,872,0,213.5,537.0
42,872,0,384.2,454.5
42,872,0,397.2,461.5
42,872,0,371.5,431.8
42,872,0,412.5,514.5
42,872,1,375.5,101.6
42,873,1,264.5,434.0
42,873,0,245.2,472.0
42,873,0,178.2,615.0
42,873,0,440.5,592.0
42,873,1,217.0,335.5
42,873,0,382.0,458.0
42,873,0,497.2,634.0
42,873,0,96.3,638.5
42,873,0,381.5,445.5
42,873,0,228.5,500.5
42,873,0,371.0,441.5
42,873,0,382.2,460.5
42,873,1,375.2,101.1
42,873,0,395.5,492.2
42,873,0,370.0,439.0
42,873,0,391.0,458.0
42,874,0,182.5,615.0
42,874,1,269.2,430.5
42,874,0,214.5,540.5
42,874,0,250.0,470.5
42,874,0,375.0,438.0
42,874,0,387.2,458.0
42,874,1,405.5,508.0
42,874,0,447.5,597.0
42,874,0,373.5,430.5
42,874,0,417.8,527.5
42,874,1,220.6,336.5
42,874,0,233.0,503.0
42,874,0,376.2,441.0
42,874,0,233.8,499.5
42,874,0,506.0,616.0
42,875,0,176.5,620.5
42,875,0,245.8,470.0
42,875,1,266.0,430.5
42,875,1,265.0,427.0
42,875,0,383.2,447.5
42,875,0,371.5,438.5
42,875,0,228.6,495.5
42,875,0,444.0,597.5
42,875,0,397.5,486.0
42,875,1,399.5,505.0
42,875,0,246.0,455.5
42,875,0,383.5,459.5
42,875,0,98.3,639.0
42,875,1,216.5,334.2
42,876,1,268.2,428.5
42,876,0,179.5,617.5
42,876,0,374.0,437.5
42,876,1,404.5,508.2
42,876,1,37.6,508.8
42,876,0,248.5,470.0
42,876,0,387.0,452.0
42,876,0,373.0,433.0
42,876,0,387.8,458.5
42,876,0,376.2,439.5
42,876,0,231.5,501.2
42,876,1,584.5,489.8
42,876,0,397.5,467.0
42,876,0,449.0,599.0
42,877,1,266.5,425.5
42,877,0,247.2,473.0
42,877,0,176.0,620.5
42,877,0,373.5,435.2
42,877,1,590.0,486.8
42,877,0,229.9,498.8
42,877,1,216.9,334.0
42,877,1,403.5,510.2
42,877,0,62.6,639.0
42,877,0,387.0,443.5
42,877,0,451.0,602.0
42,877,1,587.0,494.5
42,877,1,32.2,519.0
42,877,0,397.0,457.5
42,877,1,219.5,520.5
42,877,0,387.0,457.5
42,877,1,376.5,99.9
42,878,1,269.0,436.0
42,878,0,175.4,636.0
42,878,0,249.0,479.0
42,878,1,598.5,493.0
42,878,0,389.5,461.0
42,878,0,376.0,438.0
42,878,0,422.0,537.0
42,878,1,405.5,516.5
42,878,0,260.2,441.0
42,878,1,378.0,102.2
42,878,1,218.0,338.0
42,878,0,454.5,613.0
42,878,0,378.8,446.0
42,878,0,522.0,638.5
42,878,0,231.1,516.0
42,878,0,209.2,530.5
42,878,0,399.8,461.5
42,879,0,245.2,481.5
42,879,0,168.5,639.5
42,879,0,524.5,639.0
42,879,1,265.8,440.0
42,879,1,597.0,501.2
42,879,0,374.5,447.5
42,879,0,373.2,440.5
42,879,0,386.8,464.5
42,879,1,404.8,513.0
42,879,0,227.4,513.5
42,879,0,245.0,464.5
42,879,1,28.7,530.0
42,879,1,375.5,105.0
42,879,0,204.0,558.0
42,879,0,419.8,540.0
42,879,0,3.5,636.0
42,879,0,226.5,513.0
42,879,1,181.8,59.8
42,880,0,527.0,640.0
42,880,0,243.0,480.5
42,880,0,453.0,618.5
42,880,1,264.0,440.0
42,880,0,373.2,440.5
42,880,1,263.0,435.5
42,880,0,202.0,557.0
42,880,0,385.8,453.8
42,880,1,21.9,537.5
42,880,0,165.2,640.0
42,880,1,404.0,517.0
42,880,0,374.0,447.5
42,880,0,420.5,541.5
42,880,0,77.0,486.5
42,880,0,397.0,468.0
42,880,0,243.0,460.0
42,880,1,376.5,103.8
42,880,0,386.2,453.5
42,880,1,214.0,531.5
42,880,0,506.5,431.8
42,880,0,224.0,512.5
42,881,1,267.5,435.2
42,881,0,246.2,481.5
42,881,0,390.8,453.0
42,881,0,425.2,541.0
42,881,0,378.5,443.0
42,881,0,166.4,639.0
42,881,0,462.5,623.0
42,881,0,377.5,436.2
42,881,0,542.0,639.0
42,881,0,227.9,521.0
42,882,0,390.0,459.0
42,882,1,266.0,442.5
42,882,0,244.0,487.0
42,882,0,160.0,639.5
42,882,0,376.8,447.0
42,882,0,424.5,539.5
42,882,0,199.5,565.5
42,882,1,14.1,562.5
42,882,1,410.5,517.0
42,882,0,378.0,451.0
42,882,0,17.0,636.5
42,882,1,209.0,341.0
42,882,1,92.4,492.5
42,882,0,225.0,499.8
42,882,0,533.5,461.5
42,883,0,389.5,463.5
42,883,1,264.5,442.5
42,883,0,242.5,487.5
42,883,0,376.5,450.5
42,883,0,425.2,552.0
42,883,0,555.0,640.0
42,883,0,198.4,568.0
42,883,0,378.0,453.0
42,883,0,158.2,639.0
42,883,1,10.4,524.0
42,883,1,411.0,516.5
42,883,1,263.5,439.0
42,884,0,243.0,488.5
42,884,1,266.0,447.0
42,884,1,265.0,443.0
42,884,0,391.0,461.8
42,884,1,7.3,521.0
42,884,0,153.5,640.0
42,884,0,197.5,571.5
42,884,1,378.8,107.3
42,884,0,391.8,475.5
42,884,0,377.8,444.5
42,884,0,379.5,457.0
42,884,0,406.0,491.5
42,884,0,428.5,531.5
42,885,1,266.5,442.5
42,885,0,243.5,488.5
42,885,1,623.0,519.0
42,885,0,152.8,639.5
42,885,0,411.5,527.5
42,885,0,394.5,475.8
42,885,0,393.5,477.5
42,885,0,408.5,486.8
42,885,0,197.4,570.0
42,885,1,370.2,443.0
42,885,0,12.2,639.0
42,885,0,381.0,456.0
42,885,0,630.0,619.5
42,885,1,5.8,523.5
42,886,1,263.5,449.5
42,886,0,239.2,495.5
42,886,0,146.0,640.0
42,886,0,391.0,473.0
42,886,0,377.8,455.5
42,886,0,13.3,639.5
42,886,0,378.8,461.0
42,886,0,391.5,487.0
42,886,0,390.0,455.0
42,886,0,218.6,540.0
42,886,0,635.0,632.0
42,887,0,138.5,639.5
42,887,0,239.2,498.0
42,887,0,393.5,473.0
42,887,0,595.0,640.0
42,887,1,263.2,451.0
42,887,0,412.0,535.5
42,887,0,408.0,478.0
42,887,0,217.5,540.0
42,887,0,217.9,506.0
42,887,0,380.0,458.8
42,887,0,13.2,629.0
42,887,1,202.4,346.0
42,887,0,188.9,586.0
42,887,0,24.5,528.0
42,887,1,630.0,487.5
42,888,0,135.7,639.0
42,888,1,264.2,448.0
42,888,0,239.2,497.0
42,888,0,395.5,475.5
42,888,0,602.0,640.0
42,888,0,394.5,478.5
42,888,0,217.2,539.0
42,888,0,413.0,541.5
42,888,0,187.5,585.0
42,888,0,381.0,457.5
42,888,1,635.0,484.0
42,888,0,435.2,540.0
42,888,1,263.0,447.5
42,888,1,200.8,342.5
42,888,1,204.0,557.0
42,888,1,370.5,444.8
42,888,0,410.0,493.5
42,889,0,238.2,497.8
42,889,1,263.5,447.5
42,889,0,437.5,558.0
42,889,0,185.9,591.0
42,889,0,396.0,473.0
42,889,0,381.5,458.5
42,889,1,370.2,444.0
42,889,0,128.5,637.0
42,889,1,202.1,559.0
42,889,1,379.2,100.2
42,889,1,415.5,541.0
42,889,0,216.4,498.0
42,889,0,394.5,463.5
42,889,0,216.5,528.5
42,889,0,413.5,540.0
42,889,0,252.8,451.0
42,889,1,200.5,393.0
42,889,0,617.0,640.0
42,889,0,411.5,492.0
42,889,0,17.4,548.5
42,890,0,238.2,499.8
42,890,0,397.5,475.0
42,890,1,264.5,449.5
42,890,0,382.2,452.0
42,890,0,184.5,597.0
42,890,0,440.2,560.5
42,890,1,201.2,564.0
42,890,0,383.5,459.2
42,890,0,52.6,518.0
42,890,0,216.1,521.5
42,890,0,252.8,471.0
42,890,0,607.0,494.2
42,890,0,413.2,483.5
42,890,1,263.0,449.2
42,890,0,14.2,553.0
42,891,0,383.0,450.5
42,891,0,237.9,497.8
42,891,0,398.5,472.5
42,891,1,264.0,447.0
42,891,0,181.6,598.0
42,891,0,120.4,639.5
42,891,1,199.2,564.0
42,891,0,443.0,575.5
42,891,0,413.5,483.5
42,891,1,379.5,97.1
42,891,0,214.5,537.5
42,891,0,252.2,452.5
42,891,1,262.8,444.5
42,891,0,384.0,457.0
42,891,1,195.5,344.5
42,891,1,424.0,541.5
42,891,1,196.5,394.5
42,892,0,115.8,639.5
42,892,0,617.5,473.5
42,892,0,237.5,495.0
42,892,1,197.2,563.0
42,892,1,263.8,445.5
42,892,1,262.5,443.5
42,892,0,384.0,446.0
42,892,0,400.0,469.8
42,892,0,252.0,465.0
42,892,0,212.8,487.2
42,892,0,212.8,532.5
42,892,0,446.0,559.0
42,892,0,384.5,456.2
42,892,0,178.6,592.0
42,892,0,415.5,476.2
42,892,1,193.5,380.0
42,892,1,193.0,337.2
42,892,0,399.5,460.0
42,892,1,381.2,97.2
42,893,1,262.5,439.2
42,893,0,236.8,489.8
42,893,0,176.0,597.5
42,893,1,192.8,327.0
42,893,0,401.2,466.5
42,893,0,99.1,639.5
42,893,0,251.2,451.5
42,893,0,400.5,467.0
42,893,0,385.5,454.5
42,893,1,195.4,555.5
42,894,1,263.2,441.5
42,894,0,99.2,640.0
42,894,0,235.2,492.5
42,894,0,251.0,455.2
42,894,1,191.5,325.2
42,894,0,386.0,453.5
42,894,0,451.0,590.0
42,894,0,402.0,477.5
42,894,0,209.8,534.5
42,894,0,424.5,547.0
42,894,0,173.1,603.5
42,894,0,210.6,495.5
42,894,0,571.0,596.5
42,895,1,262.0,442.8
42,895,0,251.0,463.5
42,895,0,235.0,498.5
42,895,0,404.0,484.0
42,895,0,453.5,598.0
42,895,1,263.2,444.0
42,895,0,95.7,640.0
42,895,0,387.0,456.5
42,895,0,453.0,560.5
42,895,1,188.4,335.5
42,895,0,209.2,501.5
42,895,1,18.2,501.5
42,895,0,171.6,609.5
42,895,0,420.5,487.2
42,895,0,209.5,537.5
42,895,0,579.0,604.5
42,895,0,425.0,552.5
42,896,0,80.9,639.5
42,896,0,249.4,469.0
42,896,1,435.5,562.0
42,896,1,262.0,445.8
42,896,0,233.8,500.8
42,896,0,404.2,484.5
42,896,0,387.5,458.5
42,896,0,457.0,594.5
42,896,1,186.0,391.8
42,896,0,167.1,617.0
42,896,1,188.8,579.0
42,896,0,530.0,639.0
42,896,0,105.5,492.0
42,896,0,425.0,552.0
42,896,1,184.8,332.2
42,896,0,205.5,518.5
42,896,1,185.6,347.0
42,896,1,5.9,516.5
42,897,0,405.0,490.0
42,897,1,438.8,565.5
42,897,0,388.2,458.0
42,897,1,261.5,441.5
42,897,0,77.3,639.5
42,897,1,263.0,442.5
42,897,0,249.5,466.5
42,897,1,187.1,577.0
42,897,0,164.0,617.0
42,897,0,233.0,501.5
42,897,0,460.0,591.5
42,897,0,205.4,538.5
42,897,1,185.9,388.0
42,897,1,185.5,328.5
42,897,0,424.0,515.0
42,897,0,534.0,638.5
42,897,0,387.0,452.0
42,897,1,375.5,441.0
42,897,0,164.2,574.0
42,897,0,51.8,517.0
42,897,0,425.0,549.5
42,898,0,45.6,639.5
42,898,1,260.5,441.0
42,898,1,439.5,566.0
42,898,0,230.5,497.5
42,898,0,247.5,457.8
42,898,0,405.0,485.8
42,898,0,387.5,454.5
42,898,1,183.2,577.5
42,898,0,203.0,538.0
42,898,0,62.6,640.0
42,898,1,182.6,386.0
42,898,0,460.5,569.5
42,898,0,424.0,502.2
42,898,1,385.8,87.2
42,898,1,375.2,437.0
42,898,0,406.0,467.0
42,899,1,261.0,441.5
42,899,0,200.5,544.0
42,899,0,388.2,453.0
42,899,0,246.8,461.0
42,899,0,57.3,639.0
42,899,0,229.5,499.8
42,899,0,406.0,487.0
42,899,1,180.5,580.5
42,899,0,155.9,621.0
42,899,1,441.8,570.0
42,899,0,463.5,567.0
42,899,1,348.5,298.5
42,899,0,387.0,447.5
42,899,1,178.1,329.0
42,899,0,425.0,482.0
42,900,0,197.6,548.0
42,900,0,388.0,455.0
42,900,1,258.4,440.8
42,900,0,406.0,481.5
42,900,0,244.5,470.8
42,900,0,426.5,463.0
42,900,0,227.8,501.5
42,900,0,554.0,638.0
42,900,1,176.5,582.0
42,900,1,173.9,330.8
42,900,1,443.2,576.5
42,900,0,466.5,576.0
42,900,0,35.8,639.5
42,901,0,197.2,552.0
42,901,1,260.0,443.0
42,901,0,245.1,468.0
42,901,0,390.8,459.5
42,901,0,9.2,524.0
42,901,0,409.0,490.0
42,901,1,175.0,586.0
42,901,1,492.8,415.2
42,901,0,389.5,447.0
42,901,0,474.5,618.5
42,901,0,227.9,504.0
42,901,1,173.0,384.5
42,901,1,172.8,327.5
42,901,0,429.8,490.5
42,901,0,406.8,485.2
42,901,1,384.5,90.6
42,901,0,148.2,629.0
42,902,0,390.5,453.2
42,902,0,409.0,490.0
42,902,1,257.8,439.5
42,902,1,171.1,594.5
42,902,1,168.4,382.5
42,902,0,243.0,467.5
42,902,0,476.8,580.0
42,902,0,389.0,444.0
42,902,0,32.3,496.0
42,902,1,386.0,82.2
42,902,1,167.5,323.0
42,902,1,493.5,415.5
42,902,0,193.2,556.0
42,902,0,225.4,500.5
42,902,0,438.8,572.0
42,903,0,410.5,491.8
42,903,0,584.0,640.0
42,903,0,391.2,460.5
42,903,1,169.0,599.0
42,903,0,390.5,448.5
42,903,1,166.2,385.0
42,903,1,257.9,440.0
42,903,0,243.5,459.2
42,903,0,389.5,435.0
42,903,0,139.2,624.0
42,903,0,22.6,499.0
42,903,1,349.2,308.5
42,903,0,224.5,507.0
42,903,1,383.5,81.7
42,903,1,141.2,445.0
42,903,0,190.5,534.0
42,903,0,190.8,560.5
42,904,0,409.0,495.2
42,904,0,389.5,456.0
42,904,0,390.0,463.5
42,904,0,595.0,640.0
42,904,0,187.2,567.0
42,904,1,163.2,610.0
42,904,0,482.8,637.0
42,904,1,254.0,447.5
42,904,1,159.2,388.5
42,904,0,240.1,466.0
42,904,0,219.8,512.0
42,904,0,388.5,447.2
42,905,0,184.8,575.5
42,905,0,395.5,461.5
42,905,1,257.9,447.8
42,905,1,154.6,325.8
42,905,0,444.0,513.5
42,905,0,417.5,493.2
42,905,0,241.6,460.5
42,905,0,221.0,516.5
42,905,0,396.2,468.8
42,905,0,394.2,454.0
42,905,1,463.2,617.0
42,905,1,155.0,369.5
42,905,0,121.9,627.0
42,905,1,468.5,614.0
42,905,1,461.2,547.5
42,905,1,463.0,613.0
42,905,0,444.5,573.5
42,906,0,181.5,579.0
42,906,0,393.8,471.5
42,906,1,151.8,324.5
42,906,0,441.5,508.0
42,906,0,239.1,474.5
42,906,1,155.2,629.0
42,906,0,415.0,500.2
42,906,0,218.4,524.0
42,906,0,571.0,460.0
42,906,0,442.2,577.5
42,906,1,152.1,352.0
42,906,0,439.5,480.0
42,906,1,152.5,393.5
42,906,1,461.0,594.5
42,906,0,118.8,615.0
42,906,1,256.5,449.2
42,906,1,386.5,85.2
42,906,1,460.0,618.5
42,906,0,393.0,456.5
42,906,0,611.0,458.5
42,907,0,180.2,579.0
42,907,0,393.5,474.0
42,907,0,442.0,497.0
42,907,0,217.5,526.0
42,907,1,154.5,632.0
42,907,0,440.0,483.0
42,907,0,238.2,484.0
42,907,0,572.5,460.5
42,907,0,414.0,505.5
42,907,0,443.0,579.0
42,907,1,149.6,325.0
42,907,0,392.0,456.5
42,907,1,255.0,449.5
42,907,1,461.5,593.5
42,907,1,460.5,623.0
42,907,0,547.0,462.0
42,907,1,153.2,607.0
42,908,0,182.8,582.5
42,908,0,396.0,470.5
42,908,1,256.5,450.5
42,908,0,445.0,530.0
42,908,1,155.8,632.0
42,908,0,219.0,526.5
42,908,1,152.5,395.5
42,908,0,616.0,467.5
42,908,0,416.5,501.5
42,908,1,151.5,323.2
42,908,1,464.0,625.0
42,908,0,446.5,569.0
42,908,0,394.8,462.5
42,908,0,449.2,600.5
42,908,0,118.0,608.0
42,908,0,443.5,482.5
42,908,1,350.0,302.2
42,908,0,240.5,473.5
42,909,0,394.5,477.5
42,909,0,238.0,485.0
42,909,0,216.5,526.0
42,909,0,444.0,520.0
42,909,1,150.2,394.5
42,909,0,394.0,465.8
42,909,0,179.0,587.5
42,909,1,152.0,631.0
42,909,0,415.8,508.0
42,909,1,464.8,629.0
42,909,1,150.0,337.5
42,909,0,443.2,492.5
42,909,1,151.1,599.0
42,909,1,467.0,631.0
42,909,1,112.5,193.8
42,909,0,445.5,549.5
42,909,0,447.0,597.5
42,909,0,114.1,639.0
42,909,1,255.8,450.8
42,910,0,395.5,480.8
42,910,1,148.9,640.0
42,910,1,147.5,399.5
42,910,0,215.4,532.0
42,910,0,237.0,492.0
42,910,0,416.8,521.5
42,910,0,394.8,473.5
42,910,1,468.5,610.0
42,910,0,107.6,640.0
42,910,1,254.9,452.8
42,910,1,146.8,328.8
42,910,0,447.0,523.0
42,911,0,419.8,517.5
42,911,0,397.0,474.0
42,911,1,144.2,640.0
42,911,1,139.5,400.8
42,911,0,173.8,599.0
42,911,0,214.2,536.0
42,911,0,452.0,556.0
42,911,1,139.2,335.5
42,911,1,473.0,597.5
42,911,0,237.2,489.5
42,911,1,89.5,195.5
42,911,1,254.8,452.5
42,911,0,385.0,461.0
42,911,0,88.4,631.5
42,911,0,610.5,575.5
42,911,0,395.5,459.5
42,912,0,421.0,520.5
42,912,1,135.4,407.0
42,912,0,398.5,479.2
42,912,0,235.8,494.2
42,912,0,625.0,588.5
42,912,0,455.5,551.0
42,912,0,170.0,609.5
42,912,1,140.5,640.0
42,912,0,212.2,537.0
42,912,0,397.5,467.5
42,912,0,50.8,631.5
42,912,0,454.8,594.5
42,912,1,473.8,536.5
42,912,1,254.8,456.0
42,912,0,398.0,480.5
42,912,1,477.0,611.0
42,912,0,385.2,461.5
42,913,0,206.8,542.0
42,913,0,426.5,526.0
42,913,0,232.8,496.5
42,913,1,119.2,406.0
42,913,0,401.8,483.2
42,913,1,253.1,454.0
42,913,0,158.6,617.0
42,913,0,32.9,586.5
42,913,0,465.2,587.5
42,913,1,490.5,578.0
42,913,0,465.0,548.5
42,913,1,490.0,640.0
42,914,0,425.5,525.5
42,914,0,230.4,495.5
42,914,0,204.5,541.5
42,914,1,116.7,413.0
42,914,0,400.0,468.5
42,914,1,251.0,455.5
42,914,0,464.5,569.0
42,914,0,156.0,619.5
42,914,1,120.6,640.0
42,914,1,490.0,606.5
42,914,0,156.9,621.0
42,914,1,115.5,324.0
42,914,0,386.2,456.0
42,914,1,349.0,296.0
42,914,0,30.6,594.0
42,914,0,463.0,527.5
42,915,0,469.2,549.5
42,915,0,605.0,506.5
42,915,0,403.0,491.5
42,915,1,109.1,398.5
42,915,1,112.0,640.0
42,915,0,229.1,500.0
42,915,1,250.4,457.5
42,915,0,429.5,528.0
42,915,0,201.8,548.0
42,915,0,153.0,620.0
42,915,1,538.1,515.0
42,916,0,408.5,494.0
42,916,0,437.2,539.0
42,916,1,250.8,468.5
42,916,0,228.2,504.0
42,916,0,142.8,634.0
42,916,0,483.0,594.5
42,916,0,198.8,557.5
42,916,1,518.9,564.0
42,916,0,407.0,479.8
42,916,1,94.8,412.0
42,916,1,102.1,422.2
42,917,0,408.0,495.8
42,917,0,437.2,543.0
42,917,1,249.0,462.0
42,917,1,88.1,639.0
42,917,0,138.5,634.5
42,917,0,486.2,609.0
42,917,0,195.1,560.0
42,917,1,86.5,315.5
42,917,1,521.5,571.0
42,917,0,8.0,639.0
42,917,0,406.5,487.0
42,917,0,225.5,498.0
42,917,1,521.0,640.0
42,917,0,622.0,477.8
42,918,0,412.0,499.2
42,918,0,442.0,550.5
42,918,1,82.9,640.0
42,918,0,495.5,615.5
42,918,1,250.0,464.2
42,918,0,616.0,639.5
42,918,1,76.6,315.0
42,918,0,194.4,561.0
42,918,1,77.8,406.5
42,918,0,630.0,640.0
42,918,1,532.5,638.5
42,918,1,533.5,593.0
42,918,0,135.0,634.0
42,918,0,410.5,491.0
42,918,0,106.6,159.6
42,918,0,6.2,639.5
42,919,0,412.0,499.5
42,919,0,442.8,550.5
42,919,0,494.8,564.5
42,919,1,248.0,467.0
42,919,1,71.9,639.0
42,919,1,536.0,637.5
42,919,0,129.1,634.5
42,919,0,612.0,639.0
42,919,0,409.5,493.0
42,919,1,68.8,431.5
42,920,0,620.0,639.5
42,920,0,501.5,616.0
42,920,0,445.0,554.0
42,920,0,413.5,501.0
42,920,1,247.0,466.0
42,920,1,55.4,321.0
42,920,1,63.6,639.5
42,920,0,121.6,640.0
42,920,0,187.8,570.0
42,920,1,57.1,428.0
42,920,0,411.5,490.0
42,920,1,74.2,41.8
42,920,0,222.1,512.0
42,920,0,608.0,473.0
42,920,0,394.0,462.5
42,921,0,450.0,562.5
42,921,0,509.5,633.0
42,921,1,248.0,467.5
42,921,0,116.9,635.0
42,921,1,555.0,640.0
42,921,0,415.0,495.0
42,921,0,185.8,572.0
42,921,1,53.9,640.0
42,921,1,49.1,472.0
42,921,0,416.5,505.0
42,921,1,555.5,535.5
42,921,1,556.5,639.0
42,921,1,391.5,464.5
42,922,0,109.6,639.0
42,922,0,453.5,554.0
42,922,1,37.9,311.0
42,922,0,418.0,505.5
42,922,1,247.4,466.0
42,922,0,183.8,577.0
42,922,1,392.5,462.5
42,922,1,42.7,639.5
42,922,1,566.0,640.0
42,922,0,220.1,511.5
42,922,0,515.0,619.5
42,922,1,40.6,479.0
42,923,1,21.8,313.5
42,923,0,417.5,505.0
42,923,0,454.0,559.0
42,923,1,245.4,469.5
42,923,0,217.5,516.5
42,923,0,181.2,589.0
42,923,0,101.3,639.0
42,923,0,518.5,621.5
42,923,1,391.2,465.2
42,923,0,33.8,640.0
42,923,1,33.6,639.5
42,923,1,26.4,487.5
42,923,0,397.0,464.5
42,923,1,569.0,640.0
42,923,1,71.3,42.7
42,923,1,244.8,453.5
42,923,0,416.0,483.5
42,923,1,221.8,99.9
42,924,0,419.5,510.0
42,924,0,528.0,636.0
42,924,0,174.6,594.5
42,924,0,10.2,639.0
42,924,0,456.5,570.5
42,924,0,213.5,514.0
42,924,1,585.5,639.0
42,924,1,242.0,475.2
42,924,0,88.5,639.0
42,924,1,241.8,464.5
42,924,0,234.8,488.5
42,924,1,392.2,469.0
42,924,1,583.5,633.5
42,924,1,7.9,503.5
42,925,0,421.0,527.0
42,925,0,75.4,639.5
42,925,0,464.0,581.5
42,925,0,209.5,531.0
42,925,1,85.1,494.5
42,925,0,233.0,499.5
42,925,1,610.0,556.5
42,925,0,166.6,607.0
42,925,1,239.5,484.5
42,925,0,539.5,637.0
42,925,1,239.8,471.0
42,925,0,5.2,570.0
42,925,1,393.5,479.0
42,926,0,422.0,533.5
42,926,0,466.5,582.5
42,926,1,236.0,484.5
42,926,1,629.0,639.5
42,926,1,77.6,492.0
42,926,1,393.8,486.0
42,926,0,160.5,613.0
42,926,1,237.8,473.0
42,926,0,205.8,538.0
42,926,0,59.4,639.5
42,926,0,548.0,639.5
42,927,1,74.0,42.0
42,927,0,36.7,640.0
42,927,0,157.0,622.0
42,927,1,239.0,480.5
42,927,0,206.5,549.0
42,927,0,479.5,614.0
42,927,0,429.5,545.0
42,927,0,230.4,506.5
42,927,1,421.0,75.8
42,927,1,114.6,422.0
42,928,1,235.4,498.5
42,928,0,433.5,552.0
42,928,0,146.5,631.0
42,928,0,484.2,612.0
42,928,0,200.0,555.0
42,928,1,421.0,80.4
42,928,0,13.3,640.0
42,928,1,599.0,156.1
42,928,0,429.2,552.0
42,929,0,490.5,612.0
42,929,1,233.5,503.0
42,929,0,436.5,554.5
42,929,0,194.8,558.5
42,929,0,100.8,133.9
42,929,0,135.4,634.0
42,929,1,69.3,44.2
42,929,1,612.0,636.5
42,930,1,231.6,501.0
42,930,0,501.5,639.0
42,930,0,131.1,638.0
42,930,1,575.0,483.0
42,931,1,233.5,513.5
42,931,0,446.5,570.0
42,931,0,506.5,635.5
42,931,1,408.0,507.5
42,931,0,191.6,585.5
42,931,0,126.4,634.0
42,932,1,228.4,528.0
42,932,0,449.5,587.0
42,932,1,406.2,521.0
42,932,0,182.0,607.5
42,932,0,115.9,639.5
42,932,0,517.1,640.0
42,933,0,174.9,615.0
42,933,1,409.2,526.0
42,933,0,454.8,588.0
42,933,0,455.8,612.0
42,933,0,629.5,473.0
42,933,0,99.2,640.0
42,933,1,224.0,504.5
42,934,0,458.5,607.0
42,934,0,176.8,616.5
42,934,1,411.5,528.5
42,934,0,537.0,640.0
42,934,1,227.1,528.5
42,934,0,102.2,639.5
42,934,1,407.0,312.5
42,934,1,598.0,520.5
42,934,0,634.0,472.0
42,934,1,226.4,500.0
42,934,0,422.0,525.0
42,935,0,175.2,616.0
42,935,1,410.8,524.5
42,935,0,458.0,610.0
42,935,1,598.0,521.0
42,935,0,538.0,639.0
42,935,0,98.6,639.0
42,935,1,224.5,494.0
42,935,1,407.0,311.5
42,935,1,409.0,512.0
42,936,0,175.0,618.0
42,936,0,97.6,640.0
42,936,0,463.8,612.5
42,936,1,227.0,522.5
42,936,1,427.0,84.0
42,936,1,410.5,308.5
42,937,0,79.9,640.0
42,937,0,464.0,590.0
42,937,1,412.8,528.0
42,937,1,220.2,535.5
42,937,0,166.2,626.0
42,937,1,407.5,305.5
42,938,1,219.4,536.0
42,938,0,161.8,630.0
42,938,1,70.0,41.2
42,938,1,415.2,475.5
42,939,1,219.5,542.5
42,939,0,160.2,637.0
42,939,0,51.6,640.0
42,939,1,419.5,541.0
42,939,1,22.5,524.5
42,939,1,77.1,187.5
42,940,1,218.0,547.0
42,940,0,157.9,633.0
42,940,0,53.2,640.0
42,940,1,420.5,545.0
42,940,1,312.5,413.5
42,940,1,17.5,527.5
42,941,0,150.8,639.0
42,941,1,11.5,563.0
42,941,1,214.5,554.5
42,941,0,71.3,195.8
42,941,0,93.9,164.1
42,941,1,417.5,546.0
42,941,1,414.5,471.5
42,941,1,310.0,415.5
42,942,1,213.5,553.0
42,942,0,148.4,638.5
42,942,0,70.0,194.2
42,942,1,8.6,571.5
42,942,1,418.0,547.5
42,942,1,415.2,472.5
42,942,0,93.3,157.4
42,942,1,310.0,415.8
42,942,1,622.0,478.2
42,942,1,212.2,524.5
42,942,1,69.6,195.0
42,943,0,146.5,634.0
42,943,1,212.5,556.0
42,943,0,70.8,188.5
42,943,1,419.5,549.0
42,943,0,94.3,155.6
42,943,1,7.0,573.0
42,943,1,70.6,188.9
42,944,0,143.2,638.0
42,944,1,210.5,554.0
42,944,0,70.4,184.4
42,944,0,93.7,149.1
42,944,1,419.2,548.0
42,944,1,3.5,580.5
42,944,1,12.7,577.0
42,945,0,138.8,635.0
42,945,1,209.1,553.5
42,945,1,420.5,549.0
42,945,0,93.6,145.1
42,945,1,631.5,513.5
42,945,0,15.7,610.0
42,945,1,67.4,185.2
42,945,1,208.5,506.0
42,945,1,416.5,307.0
42,946,0,138.4,627.0
42,946,1,210.0,552.5
42,946,1,422.2,542.5
42,946,1,417.5,302.0
42,946,1,67.8,185.4
42,946,0,627.0,640.0
42,946,0,93.5,156.2
42,947,0,134.9,637.5
42,947,1,207.5,552.0
42,947,1,423.0,536.5
42,947,1,613.0,639.5
42,947,1,422.5,69.8
42,947,1,417.5,294.8
42,947,1,207.5,489.5
42,948,1,204.5,550.0
42,948,0,131.1,633.0
42,948,1,422.5,538.0
42,948,1,417.5,287.0
42,949,1,205.5,549.0
42,949,1,425.0,537.5
42,949,0,129.0,621.0
42,949,1,423.5,498.0
42,949,1,6.3,481.5
42,950,1,429.0,550.0
42,950,1,206.8,552.5
42,950,0,128.5,626.5
42,950,1,426.0,295.8
42,950,1,6.7,484.5
42,950,1,6.3,482.5
42,951,1,427.0,554.5
42,951,1,203.6,558.5
42,951,1,426.0,297.8
42,951,1,84.5,428.0
42,951,1,308.8,404.5
42,952,0,118.5,638.5
42,952,1,428.8,556.0
42,952,1,202.2,566.5
42,952,0,23.1,462.8
42,952,0,181.8,536.5
42,953,0,114.1,638.0
42,953,1,431.5,555.5
42,953,1,201.0,528.0
42,953,1,630.5,173.8
42,953,0,66.8,142.5
42,954,0,107.0,639.0
42,954,1,431.5,564.5
42,954,1,197.8,571.0
42,954,1,197.6,525.5
42,954,1,65.2,174.4
42,954,1,635.0,166.4
42,954,0,37.8,482.0
42,955,1,430.2,567.0
42,955,0,99.9,639.0
42,955,0,623.0,539.0
42,955,1,194.5,575.5
42,955,1,191.8,457.0
42,956,1,432.0,570.0
42,956,0,96.1,640.0
42,956,0,454.5,599.0
42,957,1,435.5,571.5
42,957,0,94.0,640.0
42,957,0,457.8,601.0
42,957,1,431.0,292.8
42,957,1,194.4,610.5
42,957,1,64.8,194.5
42,958,0,89.9,639.5
42,958,0,529.5,639.5
42,958,1,438.0,571.0
42,958,1,373.8,400.0
42,958,1,191.0,446.0
42,958,0,460.0,601.0
42,959,0,86.8,639.0
42,959,1,65.0,200.2
42,959,0,529.0,639.5
42,959,1,436.5,573.0
42,959,1,187.6,550.0
42,959,1,437.0,573.0
42,959,0,83.0,640.0
42,959,1,234.8,405.5
42,959,1,433.5,302.5
42,960,0,80.0,639.0
42,960,1,440.2,574.5
42,960,1,189.1,597.0
42,960,1,439.5,524.0
42,960,0,159.1,591.5
42,960,1,438.5,289.0
42,961,0,75.3,639.0
42,961,1,440.5,588.0
42,961,1,186.9,540.5
42,961,0,542.0,635.0
42,961,1,425.5,68.1
42,961,1,439.5,508.0
42,961,1,235.9,405.5
42,962,0,66.6,640.0
42,962,1,441.5,588.5
42,962,1,183.9,542.5
42,962,0,546.0,640.0
42,962,1,184.9,584.0
42,962,1,425.5,63.4
42,962,1,440.2,510.5
42,963,0,59.6,640.0
42,963,1,442.2,600.5
42,963,1,183.1,547.5
42,963,1,441.8,520.0
42,963,1,395.5,84.8
42,963,0,552.0,640.0
42,963,1,443.0,551.5
42,964,0,55.1,639.0
42,964,1,182.1,591.0
42,964,1,445.5,584.0
42,964,1,180.2,544.0
42,964,0,559.5,640.0
42,964,0,615.0,605.0
42,964,1,444.0,524.5
42,965,0,43.8,639.5
42,965,0,569.5,639.5
42,965,1,179.4,602.5
42,965,0,617.5,580.0
42,965,1,449.2,584.5
42,965,1,309.0,407.0
42,966,1,175.8,611.5
42,966,0,34.4,640.0
42,966,1,176.2,611.0
42,966,0,622.8,594.5
42,966,1,425.0,67.4
42,966,0,574.0,639.0
42,966,1,308.5,411.5
42,967,1,173.8,615.5
42,967,0,27.2,640.0
42,967,1,174.1,615.0
42,967,0,626.0,603.0
42,967,1,425.8,68.1
42,967,1,308.5,412.5
42,968,0,20.8,640.0
42,968,1,175.2,619.5
42,968,0,589.0,639.0
42,968,1,454.5,528.0
42,968,1,340.2,102.9
42,968,1,452.5,496.0
42,968,1,311.0,416.5
42,968,1,237.5,416.5
42,969,1,171.6,620.5
42,969,0,12.8,640.0
42,969,1,310.0,416.0
42,969,1,171.1,523.0
42,969,1,456.5,535.0
42,970,1,457.2,630.0
42,970,0,12.7,640.0
42,970,1,168.6,578.0
42,970,1,458.0,558.0
42,970,1,84.8,208.4
42,970,1,398.5,92.8
42,970,1,308.5,416.8
42,970,1,457.2,494.2
42,970,1,168.0,520.0
42,971,1,460.0,637.5
42,971,1,459.8,549.0
42,971,1,166.8,586.5
42,971,1,458.8,491.0
42,971,1,233.2,417.0
42,971,1,460.5,589.5
42,971,1,307.5,418.5
42,972,1,463.5,640.0
42,972,1,165.5,583.5
42,972,1,86.1,199.0
42,972,0,628.0,639.5
42,972,1,308.0,420.2
42,973,1,163.5,611.0
42,973,1,466.5,639.0
42,973,0,84.1,154.2
42,973,0,62.8,535.0
42,973,1,163.0,528.0
42,973,0,634.5,639.0
42,974,1,471.0,640.0
42,974,1,61.5,174.4
42,974,1,468.0,466.0
42,974,1,235.8,419.0
42,974,1,465.5,359.8
42,975,1,469.0,405.5
42,975,1,467.0,309.5
42,975,1,310.0,416.5
42,975,1,155.2,560.5
42,975,1,61.6,201.0
42,975,1,506.5,103.7
42,975,1,475.0,640.0
42,975,1,430.5,75.4
42,976,1,471.0,416.5
42,976,1,233.8,417.8
42,976,1,152.2,595.5
42,976,1,470.0,315.5
42,976,1,59.5,205.9
42,976,1,308.5,418.5
42,976,0,6.9,525.5
42,977,1,146.0,638.0
42,977,1,473.0,329.0
42,977,1,474.0,409.0
42,977,0,93.2,635.0
42,977,0,525.0,640.0
42,977,1,308.0,422.0
42,977,1,166.2,349.0
42,977,1,411.0,352.0
42,977,1,478.8,640.0
42,978,1,141.8,639.5
42,978,1,477.0,406.0
42,978,0,86.8,639.0
42,978,1,307.2,421.2
42,978,1,165.2,348.5
42,979,1,141.1,639.0
42,979,0,85.6,639.0
42,979,1,479.5,330.2
42,979,1,308.0,420.0
42,980,0,77.1,639.5
42,980,1,482.2,416.0
42,980,1,481.5,354.5
42,980,1,487.0,639.0
42,980,1,136.0,638.5
42,980,0,43.1,463.0
42,981,0,74.8,640.0
42,981,1,486.0,418.8
42,981,1,486.0,329.5
42,981,1,489.8,639.5
42,981,1,485.5,418.0
42,981,1,505.5,72.7
42,981,1,135.4,618.0
42,981,1,308.5,422.0
42,982,0,69.3,640.0
42,982,1,485.5,331.8
42,982,1,487.0,416.2
42,982,1,130.1,593.5
42,982,1,492.0,639.5
42,982,1,77.0,207.8
42,982,1,490.5,639.0
42,982,1,397.5,96.6
42,982,1,308.8,424.0
42,983,1,116.4,639.0
42,983,0,42.2,639.0
42,983,1,115.2,559.0
42,983,1,159.8,351.8
42,983,1,502.0,639.0
42,983,0,563.0,639.5
42,983,1,498.2,419.5
42,983,1,306.0,421.0
42,983,1,500.2,635.5
42,983,1,396.2,91.1
42,983,0,628.0,636.0
42,983,1,498.0,332.0
42,1626,0,260.5,499.5
42,1626,1,522.0,640.0
42,1626,1,377.0,408.0
42,1626,0,26.2,516.5
42,1626,0,4.4,492.0
42,1626,0,289.0,438.8
42,1626,0,425.0,494.5
42,1626,0,138.8,639.0
42,1626,0,631.0,473.8
42,1626,1,404.8,458.5
42,1626,0,238.2,543.5
42,1626,0,490.0,568.0
42,1626,0,208.8,557.0
42,1626,0,4.4,518.5
42,1626,1,276.5,464.0
42,1626,1,276.8,455.5
42,1627,1,375.0,404.5
42,1627,0,423.8,492.0
42,1627,0,135.5,639.0
42,1627,0,257.5,485.0
42,1627,0,234.8,542.0
42,1627,1,165.2,640.0
42,1627,0,203.8,627.0
42,1627,0,204.0,553.0
42,1627,0,388.5,415.2
42,1627,0,387.0,415.2
42,1627,0,279.2,446.8
42,1627,0,286.0,424.0
42,1627,0,291.5,420.5
42,1627,0,389.5,416.0
42,1627,0,490.0,596.0
42,1627,0,447.5,461.5
42,1627,1,297.0,412.0
42,1627,0,284.5,437.0
42,1627,0,283.2,439.0
42,1627,1,609.0,428.0
42,1628,1,376.8,405.8
42,1628,0,233.2,544.0
42,1628,0,426.0,499.5
42,1628,0,201.5,565.5
42,1628,0,257.1,484.2
42,1628,1,404.5,459.0
42,1628,0,286.2,424.5
42,1628,0,284.8,434.0
42,1628,0,279.0,441.5
42,1628,0,121.6,639.5
42,1628,0,619.0,428.5
42,1628,0,291.0,419.0
42,1628,0,494.5,622.0
42,1629,1,375.0,404.0
42,1629,1,532.0,640.0
42,1629,0,231.5,545.5
42,1629,0,283.8,436.2
42,1629,0,424.5,504.0
42,1629,0,495.8,605.0
42,1629,0,198.0,564.5
42,1629,0,123.3,640.0
42,1629,0,254.8,497.0
42,1629,0,285.0,431.8
42,1629,1,155.0,640.0
42,1629,0,196.5,625.5
42,1629,1,296.5,410.0
42,1629,0,255.4,460.5
42,1629,1,593.5,632.5
42,1629,0,277.5,438.5
42,1630,0,20.4,595.0
42,1630,0,231.8,542.0
42,1630,1,377.5,401.5
42,1630,1,538.0,640.0
42,1630,0,198.1,571.0
42,1630,0,285.0,431.2
42,1630,0,286.0,426.8
42,1630,1,405.5,455.8
42,1630,0,118.9,639.0
42,1630,0,427.8,498.0
42,1630,1,153.8,640.0
42,1630,0,197.0,608.5
42,1630,0,256.5,473.2
42,1630,0,278.8,434.5
42,1630,0,291.0,417.0
42,1631,0,230.9,540.5
42,1631,1,377.0,398.8
42,1631,0,11.9,600.0
42,1631,0,284.0,429.0
42,1631,0,254.9,492.5
42,1631,0,618.0,640.0
42,1631,0,196.2,571.5
42,1631,0,285.2,427.2
42,1631,0,454.2,456.0
42,1631,1,148.5,415.5
42,1631,1,405.0,454.0
42,1631,0,113.6,634.0
42,1631,1,541.5,640.0
42,1631,0,386.0,410.8
42,1631,1,296.5,403.5
42,1631,0,428.0,489.0
42,1631,0,255.5,466.2
42,1631,0,387.0,408.8
42,1631,0,278.0,428.0
42,1631,0,502.0,584.0
42,1631,1,151.0,639.0
42,1631,0,196.5,534.5
42,1631,0,392.0,412.8
42,1631,0,454.0,481.0
42,1632,0,251.9,490.0
42,1632,0,105.3,637.5
42,1632,1,144.5,640.0
42,1632,1,375.0,394.0
42,1632,0,425.5,432.0
42,1632,0,283.0,413.2
42,1632,0,453.5,440.5
42,1632,0,226.5,535.0
42,1632,1,58.1,81.4
42,1632,0,268.0,459.0
42,1632,0,502.5,595.0
42,1632,0,189.9,569.0
42,1632,0,282.5,424.5
42,1633,0,98.0,639.0
42,1633,1,375.5,390.0
42,1633,0,251.5,489.0
42,1633,1,549.0,640.0
42,1633,0,189.0,567.5
42,1633,1,140.2,639.5
42,1633,0,282.8,411.0
42,1633,0,428.0,487.5
42,1633,1,404.5,449.0
42,1633,0,268.5,456.8
42,1633,0,388.0,401.2
42,1633,0,225.9,537.5
42,1633,0,390.5,408.2
42,1633,1,269.0,453.0
42,1634,0,88.9,640.0
42,1634,1,375.0,394.5
42,1634,0,250.0,494.5
42,1634,1,133.6,640.0
42,1634,0,281.5,417.8
42,1634,0,184.8,576.5
42,1634,1,405.0,454.0
42,1634,0,458.5,457.5
42,1634,0,282.5,425.0
42,1634,0,514.0,553.0
42,1634,0,275.5,426.5
42,1634,0,391.2,413.5
42,1634,1,130.9,420.5
42,1635,0,78.8,639.5
42,1635,0,179.9,578.5
42,1635,0,281.5,419.0
42,1635,0,247.2,499.0
42,1635,0,219.8,553.0
42,1635,1,375.0,396.5
42,1635,1,404.8,453.5
42,1635,0,281.0,427.5
42,1635,0,517.0,548.0
42,1635,1,563.5,640.0
42,1635,1,294.0,404.0
42,1635,0,458.5,461.0
42,1635,1,266.0,460.5
42,1635,1,624.0,94.5
42,1635,0,460.0,557.0
42,1635,0,274.0,436.8
42,1635,1,561.0,639.0
42,1635,0,390.5,411.5
42,1635,0,517.0,621.0
42,1636,0,521.1,621.0
42,1636,0,180.5,586.5
42,1636,1,376.0,398.8
42,1636,0,77.7,639.5
42,1636,1,568.0,639.0
42,1636,0,249.8,495.0
42,1636,0,282.5,428.0
42,1636,0,462.8,460.5
42,1636,0,283.0,419.0
42,1636,1,268.8,461.0
42,1636,0,276.0,431.5
42,1636,0,635.5,470.0
42,1636,0,393.0,415.2
42,1636,1,407.5,454.0
42,1636,1,404.5,454.5
42,1637,0,68.2,640.0
42,1637,0,246.0,502.0
42,1637,0,281.0,414.0
42,1637,0,176.5,639.0
42,1637,1,375.0,396.5
42,1637,1,120.8,639.0
42,1637,0,281.5,426.5
42,1637,0,218.1,554.0
42,1637,0,520.0,623.0
42,1637,0,602.0,473.5
42,1637,1,405.5,458.0
42,1637,0,281.0,429.5
42,1637,0,461.5,456.2
42,1637,0,273.0,438.5
42,1637,1,405.0,458.5
42,1637,0,281.0,425.5
42,1637,0,391.5,419.5
42,1637,0,31.9,494.0
42,1637,0,461.5,555.5
42,1637,1,267.0,437.0
42,1637,1,120.2,424.2
42,1637,0,176.2,581.5
42,1637,0,388.5,411.5
42,1638,0,526.0,635.0
42,1638,1,118.5,639.0
42,1638,1,376.5,399.5
42,1638,0,176.5,639.5
42,1638,0,219.2,560.0
42,1638,0,248.0,503.5
42,1638,0,62.3,639.5
42,1638,0,281.8,430.5
42,1638,1,576.5,640.0
42,1638,0,465.5,452.0
42,1638,1,579.0,420.0
42,1638,1,267.0,461.5
42,1638,0,393.0,418.8
42,1638,1,116.2,418.0
42,1638,0,177.8,600.0
42,1638,0,275.0,432.5
42,1638,0,282.5,416.0
42,1638,0,467.2,564.5
42,1638,0,18.6,496.5
42,1638,0,434.2,508.5
42,1638,0,388.2,408.0
42,1639,0,528.0,638.0
42,1639,0,173.8,595.0
42,1639,0,281.5,424.0
42,1639,1,376.0,402.2
42,1639,0,246.5,507.0
42,1639,0,217.8,559.5
42,1639,0,56.4,639.5
42,1639,1,581.5,422.5
42,1639,1,115.6,639.5
42,1639,0,21.6,513.0
42,1639,0,273.8,440.5
42,1639,0,465.5,454.8
42,1639,0,281.0,432.5
42,1639,0,393.0,419.0
42,1639,0,618.5,487.0
42,1639,0,388.0,412.5
42,1639,0,387.0,413.8
42,1639,0,16.0,505.0
42,1639,1,294.0,409.2
42,1640,1,375.5,399.5
42,1640,0,280.0,421.0
42,1640,0,242.8,507.5
42,1640,1,101.0,640.0
42,1640,0,213.5,566.0
42,1640,1,606.0,639.0
42,1640,0,164.5,617.0
42,1640,0,9.0,514.5
42,1640,0,535.5,568.0
42,1640,1,593.0,639.0
42,1640,0,468.5,457.5
42,1640,1,594.5,640.0
42,1640,0,392.8,427.0
42,1640,1,292.5,406.8
42,1640,1,264.8,467.0
42,1640,0,273.2,429.5
42,1640,0,278.8,417.5
42,1640,1,263.5,470.0
42,1640,0,244.4,480.5
42,1640,0,470.5,574.5
42,1640,0,272.2,435.5
42,1640,1,407.5,458.5
42,1640,0,285.2,414.5
42,1640,0,281.5,418.0
42,1641,1,375.5,401.0
42,1641,0,280.0,423.5
42,1641,1,99.9,640.0
42,1641,0,164.0,616.5
42,1641,0,213.0,568.5
42,1641,0,242.9,507.0
42,1641,0,538.0,568.5
42,1641,1,597.0,639.5
42,1641,1,263.8,468.5
42,1641,0,470.8,576.0
42,1641,0,393.0,425.5
42,1641,1,403.2,458.0
42,1641,0,435.5,514.5
42,1641,1,599.0,640.0
42,1641,0,276.2,429.0
42,1641,0,278.8,418.2
42,1641,0,272.5,433.0
42,1641,0,282.5,418.2
42,1641,0,469.5,455.5
42,1641,1,603.5,635.5
42,1641,0,8.5,526.0
42,1641,0,244.5,486.2
42,1641,0,285.5,415.8
42,1641,1,408.0,462.8
42,1641,1,264.5,467.0
42,1642,0,281.5,421.0
42,1642,0,244.6,508.5
42,1642,1,377.2,401.5
42,1642,0,215.1,566.5
42,1642,1,99.6,640.0
42,1642,0,165.1,609.0
42,1642,0,543.0,566.0
42,1642,0,439.0,515.0
42,1642,0,281.0,431.0
42,1642,0,394.5,414.5
42,1642,1,412.5,462.0
42,1642,1,600.5,639.0
42,1642,0,273.0,428.0
42,1642,0,273.5,441.5
42,1642,0,473.0,480.0
42,1642,1,378.0,402.0
42,1642,0,474.5,576.0
42,1642,0,10.5,555.0
42,1643,0,281.0,423.5
42,1643,1,377.0,399.5
42,1643,0,438.8,518.5
42,1643,0,162.9,560.0
42,1643,0,211.8,569.5
42,1643,0,243.2,508.5
42,1643,1,412.0,461.5
42,1643,1,615.0,640.0
42,1643,1,608.0,639.5
42,1643,0,474.0,459.0
42,1643,0,394.5,409.5
42,1643,1,88.6,318.0
42,1643,0,280.5,410.5
42,1643,0,162.2,639.0
42,1643,1,90.5,440.5
42,1643,0,4.6,499.0
42,1643,1,293.5,405.2
42,1643,0,388.0,409.0
42,1643,0,19.1,640.0
42,1643,0,280.8,431.5
42,1643,0,245.1,505.0
42,1643,0,476.0,578.5
42,1643,1,121.2,451.8
42,1643,0,272.5,433.0
42,1643,1,264.5,466.0
42,1644,0,208.9,573.0
42,1644,1,83.6,639.0
42,1644,1,79.7,313.5
42,1644,1,376.2,397.5
42,1644,0,157.0,619.5
42,1644,0,278.0,417.0
42,1644,1,615.0,486.8
42,1644,1,411.0,459.5
42,1644,0,474.2,455.5
42,1644,1,262.2,467.8
42,1644,0,438.5,513.0
42,1644,0,393.5,408.0
42,1644,1,613.5,538.5
42,1644,0,278.5,427.8
42,1644,1,614.5,640.0
42,1644,1,615.5,640.0
42,1645,1,621.5,640.0
42,1645,0,280.8,428.5
42,1645,0,209.6,576.5
42,1645,1,83.6,639.5
42,1645,1,377.5,397.8
42,1645,0,478.0,459.5
42,1645,0,242.0,509.0
42,1645,1,74.8,318.8
42,1645,0,157.5,577.0
42,1645,1,623.0,483.2
42,1645,0,389.0,409.0
42,1645,1,82.9,639.5
42,1645,0,396.2,409.0
42,1645,0,441.0,511.8
42,1645,1,621.0,459.5
42,1645,0,272.5,437.0
42,1645,1,293.0,405.5
42,1646,0,206.8,580.5
42,1646,1,73.9,639.0
42,1646,1,376.2,400.0
42,1646,1,625.0,640.0
42,1646,0,278.0,428.5
42,1646,0,152.2,632.5
42,1646,0,394.0,410.5
42,1646,1,261.4,471.5
42,1646,1,72.6,640.0
42,1646,0,278.5,420.5
42,1646,1,68.9,336.0
42,1646,1,292.0,408.0
42,1646,0,439.8,514.0
42,1646,1,412.0,460.5
42,1646,1,75.9,640.0
42,1646,0,270.8,431.0
42,1646,0,477.5,464.2
42,1646,0,278.0,433.8
42,1646,0,393.8,426.0
42,1646,0,388.2,409.5
42,1646,0,13.1,354.5
42,1646,0,285.0,416.5
42,1647,1,631.0,639.5
42,1647,0,147.6,639.5
42,1647,0,205.1,584.0
42,1647,0,279.0,418.0
42,1647,1,377.5,400.5
42,1647,0,442.5,517.0
42,1647,1,66.3,471.0
42,1647,1,633.5,474.8
42,1647,1,261.5,473.2
42,1647,1,63.8,315.8
42,1647,0,388.5,412.0
42,1647,0,396.2,415.8
42,1647,0,285.8,414.5
42,1647,0,480.5,463.2
42,1647,1,263.0,468.2
42,1647,0,278.5,410.5
42,1647,0,27.8,348.5
42,1647,0,396.0,426.0
42,1647,1,293.5,408.0
42,1647,0,278.5,431.2
42,1648,0,279.8,433.0
42,1648,0,146.4,637.0
42,1648,1,378.0,400.5
42,1648,1,58.0,464.2
42,1648,0,204.9,591.0
42,1648,0,397.5,430.0
42,1648,0,483.5,467.0
42,1648,0,444.8,520.5
42,1648,0,279.0,427.0
42,1648,0,421.0,462.8
42,1648,0,397.0,419.0
42,1648,0,283.5,424.5
42,1648,1,55.2,314.5
42,1648,0,389.0,414.8
42,1648,1,595.0,453.5
42,1648,0,239.4,479.5
42,1648,0,398.2,435.2
42,1648,1,293.5,411.0
42,1648,1,61.6,640.0
42,1648,0,278.8,436.8
42,1649,0,279.5,435.0
42,1649,0,142.2,631.5
42,1649,1,50.7,638.0
42,1649,1,45.1,323.0
42,1649,0,202.8,593.5
42,1649,1,293.2,410.5
42,1649,1,379.0,402.5
42,1649,1,604.0,438.0
42,1649,0,485.5,462.2
42,1649,1,454.0,96.4
42,1649,0,422.2,463.8
42,1649,0,271.0,433.5
42,1649,0,238.8,525.0
42,1649,1,51.9,639.5
42,1649,0,630.0,420.5
42,1649,0,397.5,421.2
42,1649,1,49.3,481.5
42,1649,0,397.8,430.2
42,1649,0,285.0,426.8
42,1649,0,446.5,520.0
42,1649,0,279.0,426.2
42,1649,0,278.5,438.0
42,1650,0,137.4,639.0
42,1650,0,277.5,436.8
42,1650,0,200.0,597.0
42,1650,0,276.5,439.2
42,1650,1,292.0,413.0
42,1650,1,36.7,476.5
42,1650,1,377.8,400.0
42,1650,1,39.1,640.0
42,1650,0,397.5,432.5
42,1650,0,633.0,432.5
42,1650,0,236.8,526.5
42,1650,0,269.5,448.0
42,1650,0,397.0,425.8
42,1650,1,37.3,559.0
42,1650,0,284.8,420.0
42,1650,0,421.2,463.5
42,1650,0,489.0,599.0
42,1650,1,600.0,446.5
42,1650,1,349.0,108.1
42,1650,0,445.5,516.5
42,1650,1,261.2,471.8
42,1650,0,388.8,415.0
42,1650,0,445.0,454.0
42,1651,0,195.2,606.0
42,1651,0,233.8,528.0
42,1651,1,377.5,403.2
42,1651,0,126.9,630.0
42,1651,0,276.8,439.5
42,1651,1,24.4,479.8
42,1651,0,396.8,433.0
42,1651,1,290.5,405.5
42,1651,0,491.5,605.5
42,1651,0,422.0,464.8
42,1651,0,389.0,415.5
42,1651,0,277.5,437.8
42,1651,0,396.5,426.8
42,1651,1,257.5,475.0
42,1651,0,268.5,448.5
42,1651,0,267.5,447.0
42,1651,1,18.8,325.5
42,1651,1,26.7,640.0
42,1651,0,446.0,457.0
42,1651,1,349.5,107.9
42,1652,1,290.0,406.5
42,1652,0,122.4,639.5
42,1652,1,376.5,402.5
42,1652,0,396.0,414.5
42,1652,0,265.5,458.2
42,1652,0,232.2,528.5
42,1652,0,492.2,611.0
42,1652,0,275.0,425.2
42,1652,0,193.0,600.0
42,1652,0,421.5,466.5
42,1652,0,395.5,432.0
42,1652,0,274.8,437.5
42,1652,1,13.8,312.2
42,1652,0,388.2,408.0
42,1653,0,119.4,628.0
42,1653,0,275.8,440.5
42,1653,0,12.5,640.0
42,1653,1,12.4,488.0
42,1653,1,290.5,411.0
42,1653,0,267.5,444.5
42,1653,0,231.8,535.0
42,1653,0,397.2,436.0
42,1653,1,377.5,409.0
42,1653,0,388.5,421.8
42,1653,0,397.0,423.5
42,1653,0,266.8,455.0
42,1653,0,398.0,441.2
42,1653,0,411.0,473.5
42,1653,0,276.2,430.0
42,1653,0,449.5,534.5
42,1653,0,496.0,609.5
42,1653,0,192.5,609.0
42,1653,0,425.0,477.0
42,1653,1,12.9,639.5
42,1653,0,281.5,414.8
42,1654,0,116.1,639.0
42,1654,0,397.5,440.0
42,1654,0,231.0,536.0
42,1654,0,275.5,442.5
42,1654,1,290.0,413.5
42,1654,1,378.0,408.8
42,1654,0,266.5,453.0
42,1654,0,398.5,441.5
42,1654,0,7.8,639.5
42,1654,0,425.5,477.5
42,1654,0,276.0,431.5
42,1654,0,409.0,468.5
42,1654,1,379.5,409.2
42,1654,0,451.0,537.0
42,1654,0,189.8,614.5
42,1654,0,265.8,464.2
42,1654,0,389.5,414.5
42,1654,0,499.8,611.0
42,1655,1,290.0,412.5
42,1655,0,188.5,620.0
42,1655,0,110.9,640.0
42,1655,1,378.0,408.5
42,1655,0,397.8,437.5
42,1655,0,265.8,465.5
42,1655,1,578.0,449.0
42,1655,0,230.5,539.0
42,1655,0,275.0,428.8
42,1655,0,275.0,445.0
42,1655,0,408.8,471.0
42,1655,0,31.3,488.5
42,1655,1,97.8,485.0
42,1655,0,426.2,478.0
42,1655,1,380.2,408.8
42,1655,0,452.5,536.5
42,1655,1,379.0,408.0
42,1655,0,389.2,423.5
42,1656,1,289.5,416.0
42,1656,0,454.2,539.0
42,1656,0,183.0,628.0
42,1656,0,273.2,439.5
42,1656,0,227.8,541.5
42,1656,1,378.0,408.5
42,1656,0,505.5,532.5
42,1656,0,100.8,625.0
42,1656,0,397.5,429.0
42,1656,1,253.5,488.2
42,1656,0,8.8,454.0
42,1656,0,398.2,439.5
42,1656,0,409.0,455.0
42,1656,0,273.5,447.0
42,1656,0,265.0,465.0
42,1656,0,253.0,494.0
42,1657,0,89.6,639.0
42,1657,1,289.2,413.5
42,1657,0,455.5,540.0
42,1657,0,179.8,633.0
42,1657,1,378.0,408.5
42,1657,0,281.0,424.0
42,1657,0,263.5,464.0
42,1657,0,398.0,425.5
42,1657,0,273.2,447.0
42,1657,0,409.5,452.5
42,1657,0,509.5,589.5
42,1657,1,379.5,408.5
42,1657,0,273.0,434.8
42,1657,0,398.5,440.0
42,1658,0,79.6,639.5
42,1658,0,456.5,541.5
42,1658,0,176.0,638.5
42,1658,1,377.0,405.5
42,1658,1,250.5,488.0
42,1658,1,288.2,414.5
42,1658,0,397.5,422.2
42,1658,0,397.8,433.5
42,1658,0,409.0,463.0
42,1658,1,379.5,406.8
42,1658,0,261.5,462.0
42,1658,0,389.2,422.2
42,1658,0,279.8,423.5
42,1658,0,628.0,639.0
42,1658,1,378.0,405.8
42,1658,0,427.5,481.0
42,1658,0,272.5,445.5
42,1658,0,398.5,441.5
42,1658,1,417.5,480.0
42,1658,0,511.5,526.0
42,1658,1,287.2,417.2
42,1659,0,68.4,639.0
42,1659,0,269.2,452.8
42,1659,0,220.9,556.0
42,1659,1,286.5,416.5
42,1659,0,260.2,469.5
42,1659,0,270.2,448.0
42,1659,1,376.0,408.5
42,1659,0,456.5,551.5
42,1659,0,396.8,428.0
42,1659,0,172.2,638.0
42,1659,0,260.5,468.0
42,1659,0,278.5,424.0
42,1659,0,397.0,442.2
42,1659,0,221.8,518.0
42,1659,0,388.2,427.2
42,1659,0,409.0,455.5
42,1659,1,248.9,498.5
42,1659,0,278.0,426.8
42,1659,1,286.0,420.0
42,1660,0,215.1,565.5
42,1660,0,266.5,454.5
42,1660,0,456.0,556.0
42,1660,1,374.5,417.5
42,1660,1,245.1,501.0
42,1660,0,395.0,452.5
42,1660,0,426.5,491.8
42,1660,0,274.5,436.0
42,1660,0,395.2,431.5
42,1660,0,164.9,636.0
42,1660,0,265.8,459.5
42,1660,0,60.8,640.0
42,1660,0,410.0,483.8
42,1660,0,385.8,431.8
42,1660,1,283.5,419.5
42,1660,0,256.8,463.0
42,1660,0,407.0,475.5
42,1660,0,266.5,439.8
42,1661,0,261.8,461.0
42,1661,0,30.8,639.5
42,1661,0,453.0,562.0
42,1661,0,262.8,452.0
42,1661,0,209.6,571.5
42,1661,1,370.0,418.0
42,1661,0,621.0,477.0
42,1661,0,423.0,496.0
42,1661,0,156.2,635.5
42,1661,0,391.5,440.2
42,1661,0,391.2,428.0
42,1661,0,382.5,419.8
42,1661,1,279.2,425.0
42,1661,1,300.8,308.5
42,1661,0,251.8,481.0
42,1661,0,261.5,437.5
42,1662,1,276.2,429.5
42,1662,1,366.8,417.5
42,1662,0,451.2,565.5
42,1662,0,27.0,639.5
42,1662,0,258.5,463.5
42,1662,0,388.5,431.5
42,1662,0,247.8,481.5
42,1662,0,204.2,576.0
42,1662,0,420.8,498.0
42,1662,0,380.0,426.5
42,1662,1,409.8,499.0
42,1662,0,379.2,436.0
42,1662,0,86.6,462.5
42,1662,1,578.0,488.5
42,1662,0,389.0,451.0
42,1662,0,139.8,423.0
42,1662,0,266.0,438.5
42,1662,0,148.1,631.5
42,1663,0,451.2,567.0
42,1663,0,200.0,580.0
42,1663,0,264.2,439.5
42,1663,1,273.0,423.0
42,1663,0,377.0,428.2
42,1663,0,255.0,449.0
42,1663,0,386.5,436.5
42,1663,0,385.5,442.0
42,1663,1,408.0,498.8
42,1663,1,365.5,416.0
42,1663,0,386.5,451.5
42,1663,0,420.0,498.5
42,1663,1,365.0,418.5
42,1663,0,255.0,462.8
42,1663,1,231.8,513.0
42,1664,1,270.5,427.0
42,1664,1,361.5,421.0
42,1664,0,252.4,465.8
42,1664,1,406.0,500.5
42,1664,0,374.0,423.5
42,1664,0,450.5,572.5
42,1664,0,251.2,465.8
42,1664,0,375.0,434.2
42,1664,0,194.9,582.0
42,1664,1,270.2,428.5
42,1664,0,384.5,456.0
42,1664,0,261.0,440.0
42,1664,0,397.0,477.2
42,1664,1,229.2,513.5
42,1664,0,134.8,632.0
42,1664,0,617.0,496.5
42,1664,0,262.0,437.0
42,1664,0,240.5,485.0
42,1664,1,579.0,458.5
42,1664,0,417.5,495.2
42,1665,1,406.0,498.5
42,1665,1,361.5,420.0
42,1665,0,250.5,464.5
42,1665,1,269.5,421.2
42,1665,0,450.0,572.5
42,1665,0,238.4,490.0
42,1665,1,269.0,426.0
42,1665,0,373.5,419.0
42,1665,0,383.0,433.0
42,1665,0,259.0,439.5
42,1665,1,229.1,505.5
42,1665,1,226.4,513.0
42,1665,0,417.5,495.5
42,1666,1,270.0,427.0
42,1666,0,453.5,576.0
42,1666,0,251.8,463.5
42,1666,1,408.2,502.5
42,1666,0,190.9,593.0
42,1666,1,362.5,419.0
42,1666,1,269.5,433.0
42,1666,1,46.6,495.5
42,1666,0,384.5,446.0
42,1666,1,229.2,510.0
42,1666,1,409.2,503.0
42,1666,0,250.6,467.5
42,1666,1,581.0,499.0
42,1666,0,420.2,501.0
42,1666,0,375.5,434.2
42,1666,1,229.8,507.0
42,1666,0,385.8,453.0
42,1666,0,115.8,447.2
42,1666,0,260.5,441.5
42,1666,0,374.5,423.0
42,1666,0,239.5,485.5
42,1667,0,185.6,596.0
42,1667,1,360.0,420.0
42,1667,0,248.2,466.0
42,1667,1,41.0,475.5
42,1667,1,405.5,502.8
42,1667,1,267.0,424.0
42,1667,0,382.5,434.0
42,1667,0,452.0,576.5
42,1667,1,579.5,500.0
42,1667,0,257.0,441.5
42,1667,0,373.8,435.5
42,1667,0,373.0,424.5
42,1668,0,184.8,603.0
42,1668,1,269.0,427.5
42,1668,1,362.5,423.0
42,1668,1,408.0,506.5
42,1668,0,249.9,468.8
42,1668,0,455.5,581.0
42,1668,0,121.4,640.0
42,1668,0,375.5,438.5
42,1668,1,586.5,507.0
42,1668,0,258.5,442.8
42,1668,1,268.8,431.5
42,1668,0,385.5,457.0
42,1668,1,39.9,458.2
42,1668,0,421.0,508.0
42,1668,0,384.5,448.2
42,1668,0,375.0,422.5
42,1668,0,221.8,527.5
42,1668,1,270.0,420.5
42,1668,0,116.4,639.0
42,1668,0,398.5,489.8
42,1668,1,227.6,470.0
42,1668,0,248.9,457.8
42,1669,0,245.5,472.5
42,1669,0,110.4,639.0
42,1669,0,233.5,496.5
42,1669,1,264.0,436.0
42,1669,0,453.5,583.0
42,1669,0,180.4,599.0
42,1669,1,404.0,506.5
42,1669,1,358.5,424.0
42,1669,0,381.2,449.0
42,1669,0,245.0,472.0
42,1669,0,254.0,442.2
42,1669,0,371.5,439.5
42,1669,0,372.5,438.0
42,1670,0,244.8,473.5
42,1670,0,179.0,603.0
42,1670,1,264.0,435.8
42,1670,1,359.5,427.5
42,1670,1,585.0,513.0
42,1670,0,381.8,440.5
42,1670,1,405.5,512.5
42,1670,0,454.0,595.0
42,1670,0,103.4,639.5
42,1670,0,232.5,497.0
42,1670,0,14.2,473.5
42,1670,0,372.2,441.5
42,1670,0,253.5,445.2
42,1670,0,243.8,474.0
42,1670,0,103.2,444.0
42,1670,1,30.9,450.5
42,1670,0,418.5,510.0
42,1671,0,244.4,477.2
42,1671,1,358.5,431.5
42,1671,0,381.2,449.5
42,1671,1,406.5,518.0
42,1671,0,178.6,606.5
42,1671,0,103.4,639.0
42,1671,1,263.8,437.2
42,1671,0,456.5,599.0
42,1671,1,29.1,505.0
42,1671,0,243.2,476.0
42,1671,0,253.8,448.0
42,1671,0,244.8,459.8
42,1671,0,102.5,452.0
42,1671,0,232.2,501.0
42,1671,0,372.5,444.5
42,1671,1,264.0,428.5
42,1671,1,262.8,434.0
42,1671,0,419.5,521.5
42,1671,0,11.6,479.0
42,1671,0,419.8,523.5
42,1672,0,175.5,610.5
42,1672,0,381.0,448.0
42,1672,1,407.0,520.0
42,1672,1,359.0,430.2
42,1672,1,25.6,477.2
42,1672,0,244.1,459.5
42,1672,0,243.2,473.2
42,1672,1,263.0,438.0
42,1672,0,231.2,502.5
42,1672,0,253.2,449.8
42,1672,0,382.5,452.0
42,1672,1,219.0,519.5
42,1672,0,373.0,444.8
42,1672,0,242.8,476.0
42,1672,0,458.5,606.5
42,1672,0,420.5,520.0
42,1673,1,262.5,437.5
42,1673,1,407.0,520.5
42,1673,0,173.2,614.0
42,1673,0,242.2,477.2
42,1673,1,358.0,432.5
42,1673,0,381.5,449.0
42,1673,1,20.8,500.5
42,1673,0,89.8,640.0
42,1673,0,420.8,518.5
42,1673,0,229.0,504.5
42,1673,0,251.9,448.5
42,1673,0,382.0,455.8
42,1673,1,216.9,529.0
42,1673,0,460.5,606.0
42,1673,0,372.5,443.8
42,1673,1,216.6,519.5
42,1673,0,420.2,518.5
42,1673,0,632.0,537.0
42,1673,1,406.0,513.0
42,1674,0,172.0,617.0
42,1674,1,359.5,431.0
42,1674,0,242.8,475.0
42,1674,1,262.8,438.5
42,1674,0,87.9,639.0
42,1674,1,409.0,523.5
42,1674,0,423.2,521.0
42,1674,0,229.8,505.0
42,1674,0,252.8,452.0
42,1674,0,373.0,438.5
42,1674,0,383.2,449.0
42,1674,0,243.0,455.8
42,1674,0,37.6,191.9
42,1674,1,216.5,525.0
42,1674,0,398.0,503.0
42,1674,1,217.2,523.0
42,1674,0,252.6,449.5
42,1674,0,462.5,608.5
42,1674,1,216.5,533.5
42,1674,0,384.0,460.8
42,1675,1,261.0,443.0
42,1675,1,407.5,525.0
42,1675,0,78.6,639.0
42,1675,1,358.2,433.0
42,1675,0,381.8,446.0
42,1675,0,227.0,513.0
42,1675,0,165.8,623.0
42,1675,0,250.1,456.5
42,1675,0,240.2,484.0
42,1675,0,422.0,525.0
42,1675,1,213.8,539.0
42,1675,0,249.6,440.2
42,1675,0,372.5,439.5
42,1675,0,397.2,503.2
42,1676,0,381.5,451.0
42,1676,0,238.6,488.5
42,1676,1,408.2,528.5
42,1676,1,358.0,433.5
42,1676,1,260.5,444.5
42,1676,0,249.1,456.5
42,1676,0,163.0,631.0
42,1676,0,224.8,516.5
42,1676,0,239.2,476.5
42,1676,0,382.5,462.5
42,1676,0,372.5,445.0
42,1676,0,423.5,523.5
42,1676,0,464.2,614.0
42,1677,0,248.6,456.0
42,1677,1,260.5,441.5
42,1677,1,358.2,434.0
42,1677,1,409.5,526.5
42,1677,0,381.8,448.0
42,1677,0,237.8,489.5
42,1677,0,238.6,477.0
42,1677,1,285.0,317.2
42,1677,1,601.0,491.8
42,1677,0,372.5,440.5
42,1677,0,382.8,446.5
42,1677,1,6.1,542.5
42,1677,0,160.8,634.5
42,1677,0,203.5,535.5
42,1677,0,238.2,457.0
42,1677,0,58.3,638.0
42,1677,1,408.0,526.5
42,1678,0,381.5,445.0
42,1678,0,237.0,482.0
42,1678,1,258.2,436.0
42,1678,0,247.0,452.2
42,1678,0,157.2,635.0
42,1678,0,53.7,639.0
42,1678,1,357.5,430.8
42,1678,1,603.0,483.0
42,1678,1,410.0,525.5
42,1678,1,285.0,314.5
42,1678,0,237.2,463.0
42,1678,0,382.2,455.0
42,1678,0,372.2,441.5
42,1678,0,222.2,497.5
42,1678,0,236.0,483.2
42,1678,0,425.2,526.5
42,1678,1,408.5,525.0
42,1678,0,202.5,538.5
42,1679,0,234.8,484.0
42,1679,0,380.5,440.2
42,1679,1,256.9,437.5
42,1679,1,409.2,522.0
42,1679,1,356.8,425.5
42,1679,1,603.0,490.5
42,1679,0,245.9,451.5
42,1679,0,152.0,629.5
42,1679,0,370.8,437.0
42,1679,0,219.8,502.0
42,1679,1,205.0,537.0
42,1679,1,255.5,438.5
42,1679,0,398.0,504.0
42,1679,0,194.8,492.5
42,1679,1,205.2,539.0
42,1679,0,235.8,461.2
42,1680,0,234.0,483.0
42,1680,0,381.0,441.0
42,1680,1,256.5,438.0
42,1680,1,357.0,427.5
42,1680,1,255.4,441.5
42,1680,0,218.8,521.5
42,1680,1,409.5,526.0
42,1680,1,605.0,499.0
42,1680,0,245.5,451.0
42,1680,0,370.2,441.5
42,1680,0,150.1,631.0
42,1680,1,202.5,536.0
42,1680,1,408.0,526.0
42,1680,0,397.8,507.5
42,1681,0,381.5,442.2
42,1681,0,234.2,489.0
42,1681,0,218.8,523.0
42,1681,1,357.0,430.0
42,1681,1,256.5,441.5
42,1681,0,26.4,212.0
42,1681,0,148.5,638.5
42,1681,0,245.0,457.0
42,1681,1,255.4,444.8
42,1681,1,617.0,502.0
42,1681,0,371.5,438.0
42,1681,0,44.2,195.8
42,1681,1,410.0,530.0
42,1681,0,427.0,531.0
42,1681,1,202.6,527.0
42,1682,1,254.6,437.2
42,1682,0,231.1,492.0
42,1682,1,355.0,428.0
42,1682,0,215.2,520.0
42,1682,0,143.0,639.0
42,1682,1,409.0,529.5
42,1682,0,242.4,457.5
42,1682,0,397.5,508.5
42,1682,1,200.8,506.5
42,1682,0,380.2,448.5
42,1682,1,198.8,551.0
42,1682,0,15.3,640.0
42,1682,0,25.9,216.0
42,1682,0,44.3,188.2
42,1682,0,213.9,528.0
42,1682,0,230.8,468.2
42,1683,0,232.8,492.0
42,1683,1,357.2,433.5
42,1683,0,382.0,457.0
42,1683,0,142.6,639.0
42,1683,1,256.5,441.0
42,1683,0,217.0,520.0
42,1683,0,187.8,529.5
42,1683,1,255.2,444.5
42,1683,1,201.0,507.5
42,1683,0,26.8,233.2
42,1683,0,243.8,461.5
42,1683,1,199.6,539.5
42,1683,0,427.5,539.0
42,1683,0,114.4,461.0
42,1683,0,372.5,444.5
42,1683,1,411.0,535.5
42,1683,0,135.8,424.0
42,1683,0,245.5,456.8
42,1684,0,212.2,522.0
42,1684,1,252.0,438.0
42,1684,0,228.5,489.5
42,1684,0,10.8,547.5
42,1684,0,136.5,638.0
42,1684,0,106.2,460.2
42,1684,0,184.8,556.5
42,1684,0,21.3,191.4
42,1684,1,409.0,534.0
42,1684,0,61.5,489.0
42,1684,1,196.2,498.0
42,1684,1,353.8,431.2
42,1684,0,379.5,465.5
42,1684,0,41.1,175.8
42,1684,0,379.8,453.0
42,1684,0,72.0,486.0
42,1684,1,196.8,549.5
42,1684,0,397.5,508.8
42,1684,1,251.0,447.0
42,1684,1,252.2,445.0
42,1684,0,239.2,450.5
42,1685,0,212.6,524.0
42,1685,1,253.8,441.0
42,1685,0,229.5,496.0
42,1685,0,134.0,638.0
42,1685,1,355.5,430.5
42,1685,0,381.5,448.0
42,1685,1,411.2,539.5
42,1685,0,184.8,552.0
42,1685,0,23.7,172.2
42,1685,1,195.5,503.0
42,1685,0,104.4,464.5
42,1685,1,196.2,548.0
42,1685,1,145.8,434.0
42,1685,0,369.8,444.8
42,1685,0,240.6,463.5
42,1685,0,44.6,172.0
42,1685,0,361.0,435.0
42,1685,0,427.2,540.0
42,1686,0,227.2,496.5
42,1686,1,251.5,442.2
42,1686,0,20.3,173.1
42,1686,1,353.5,437.8
42,1686,0,380.5,454.5
42,1686,1,410.5,540.0
42,1686,0,40.8,169.0
42,1686,0,239.0,457.5
42,1686,1,251.8,447.0
42,1686,0,227.2,475.0
42,1687,0,381.5,447.8
42,1687,1,253.2,440.5
42,1687,0,227.8,495.5
42,1687,1,355.8,434.0
42,1687,1,411.5,538.0
42,1687,0,370.5,451.0
42,1687,0,129.8,632.0
42,1687,0,184.0,561.0
42,1687,0,23.1,167.6
42,1687,0,210.8,510.5
42,1687,1,195.5,535.0
42,1687,1,194.2,555.0
42,1687,1,621.0,425.5
42,1688,0,225.2,494.5
42,1688,1,250.2,436.8
42,1688,0,39.1,489.5
42,1688,0,20.0,160.1
42,1688,1,410.5,539.5
42,1688,0,380.5,452.0
42,1688,0,628.0,457.2
42,1688,0,237.8,456.5
42,1688,1,354.0,432.5
42,1688,0,41.0,154.8
42,1688,0,380.8,477.2
42,1688,0,93.1,463.0
42,1688,0,237.2,462.5
42,1688,0,63.4,470.0
42,1688,0,398.5,476.8
42,1689,0,381.5,445.5
42,1689,0,226.2,496.5
42,1689,1,251.2,439.0
42,1689,1,143.1,435.0
42,1689,1,354.5,431.5
42,1689,1,411.5,538.5
42,1689,0,226.5,482.0
42,1689,0,126.2,637.0
42,1689,0,90.4,464.5
42,1689,0,369.5,435.2
42,1689,0,209.0,519.0
42,1689,0,18.7,156.5
42,1689,0,238.5,463.8
42,1689,1,623.0,524.0
42,1689,0,40.4,154.5
42,1689,0,238.6,452.2
42,1689,0,64.8,474.0
42,1690,0,225.8,492.5
42,1690,0,381.5,446.0
42,1690,1,251.0,436.0
42,1690,1,625.5,522.5
42,1690,0,123.2,634.0
42,1690,0,238.0,457.0
42,1690,1,251.9,439.8
42,1690,0,19.5,151.5
42,1690,1,356.0,429.5
42,1690,0,178.2,559.5
42,1690,0,370.0,444.0
42,1690,1,413.0,536.5
42,1690,0,41.2,151.4
42,1690,1,142.6,427.5
42,1690,0,382.5,444.5
42,1690,0,208.2,512.5
42,1690,0,371.0,452.0
42,1691,0,224.6,493.5
42,1691,1,627.0,524.0
42,1691,0,381.5,447.8
42,1691,1,250.5,437.5
42,1691,0,206.5,520.5
42,1691,1,354.5,428.5
42,1691,0,237.2,459.5
42,1691,0,118.4,639.0
42,1691,1,413.5,533.5
42,1691,0,61.0,457.0
42,1691,0,369.5,442.0
42,1691,0,176.0,564.5
42,1691,1,140.6,428.5
42,1691,0,174.4,530.0
42,1691,0,80.9,463.2
42,1692,0,221.9,494.5
42,1692,1,628.0,522.0
42,1692,1,248.4,445.5
42,1692,0,57.0,461.0
42,1692,0,380.5,470.0
42,1692,0,204.1,515.5
42,1692,1,186.5,505.5
42,1692,0,235.2,458.5
42,1692,1,353.5,429.5
42,1692,1,137.8,429.0
42,1692,1,411.5,537.5
42,1692,0,114.8,633.0
42,1692,1,186.2,550.0
42,1692,0,380.0,451.5
42,1692,0,223.0,486.0
42,1692,1,352.0,426.2
42,1693,0,56.4,486.5
42,1693,0,221.6,497.2
42,1693,1,248.0,448.5
42,1693,1,629.0,528.0
42,1693,0,380.5,452.5
42,1693,0,203.0,534.5
42,1693,1,185.2,514.0
42,1693,0,233.9,459.0
42,1693,1,353.2,430.5
42,1693,0,75.4,471.5
42,1693,1,413.0,539.0
42,1693,0,168.0,550.0
42,1693,0,95.2,437.5
42,1693,0,7.9,500.5
42,1693,0,111.5,637.0
42,1693,0,120.9,440.5
42,1693,1,185.0,559.5
42,1694,1,248.8,446.0
42,1694,0,381.8,446.5
42,1694,0,221.9,497.5
42,1694,1,632.0,528.0
42,1694,0,56.0,480.5
42,1694,1,186.0,510.5
42,1694,0,203.8,537.0
42,1694,0,6.8,495.5
42,1694,1,354.5,431.0
42,1694,0,169.0,554.0
42,1694,0,369.5,447.0
42,1694,0,222.9,486.0
42,1694,0,235.2,460.5
42,1694,0,111.2,633.5
42,1694,0,83.2,478.2
42,1694,1,414.2,536.0
42,1694,0,204.0,495.0
42,1694,0,82.7,463.5
42,1694,0,95.8,429.0
42,1695,1,246.4,446.5
42,1695,0,220.1,495.0
42,1695,0,233.0,459.0
42,1695,0,105.2,639.0
42,1695,0,380.5,445.5
42,1695,0,166.6,563.5
42,1695,1,183.1,511.5
42,1695,0,200.9,529.0
42,1695,1,632.0,530.0
42,1695,0,367.5,440.5
42,1695,1,247.5,431.0
42,1695,1,352.0,427.8
42,1695,1,353.5,429.5
42,1695,1,183.1,557.0
42,1696,0,218.5,494.0
42,1696,0,231.9,459.0
42,1696,1,246.2,438.0
42,1696,0,198.5,530.5
42,1696,0,115.8,434.5
42,1696,0,100.1,618.0
42,1696,1,181.1,505.5
42,1696,0,380.0,453.0
42,1696,1,351.8,424.5
42,1696,1,181.0,568.0
42,1696,0,367.5,440.2
42,1696,0,380.2,471.5
42,1696,0,164.9,564.0
42,1696,1,633.0,437.8
42,1697,0,217.5,492.0
42,1697,0,230.8,457.5
42,1697,0,197.5,525.0
42,1697,1,245.2,434.5
42,1697,0,366.5,445.0
42,1697,1,634.0,440.5
42,1697,0,97.9,626.5
42,1697,0,116.4,433.5
42,1697,1,179.2,495.5
42,1697,0,379.5,444.5
42,1697,0,196.1,535.5
42,1697,1,351.5,423.5
42,1697,0,198.1,503.5
42,1697,1,179.4,561.5
42,1697,0,379.0,447.5
42,1698,0,70.7,639.5
42,1698,1,242.2,431.0
42,1698,0,212.1,496.0
42,1698,1,168.8,511.5
42,1698,0,190.2,518.0
42,1698,0,226.5,457.0
42,1698,0,442.0,544.0
42,1698,0,381.5,444.8
42,1698,0,404.5,530.0
42,1698,0,149.1,569.0
42,1698,1,351.5,422.0
42,1698,0,381.5,463.0
42,1698,0,586.0,498.0
42,1699,1,241.8,431.5
42,1699,0,211.8,494.5
42,1699,0,381.0,440.0
42,1699,0,443.0,545.0
42,1699,0,590.0,497.5
42,1699,0,190.0,521.0
42,1699,1,167.8,509.0
42,1699,0,226.2,455.2
42,1699,1,351.8,420.5
42,1699,0,150.0,569.0
42,1699,0,69.6,640.0
42,1699,1,628.0,498.0
42,1699,1,419.5,545.5
42,1699,0,189.8,491.0
42,1699,0,406.0,521.5
42,1699,1,319.2,321.8
42,1699,0,405.2,468.2
42,1699,0,368.5,432.0
42,1699,1,353.5,422.0
42,1699,1,168.2,568.0
42,1700,1,241.2,433.8
42,1700,0,443.2,546.0
42,1700,1,167.1,570.0
42,1700,0,188.5,532.0
42,1700,0,210.5,494.5
42,1700,0,405.5,530.0
42,1700,0,148.0,575.0
42,1700,0,381.5,447.0
42,1700,0,225.5,454.2
42,1700,0,368.0,419.5
42,1700,1,166.9,511.5
42,1700,0,65.9,639.0
42,1700,1,351.5,419.0
42,1700,0,236.2,445.8
42,1700,0,501.5,414.0
42,1700,1,319.5,322.0
42,1700,1,419.0,546.0
42,1700,0,505.0,413.5
42,1701,1,241.0,435.5
42,1701,0,188.2,532.5
42,1701,0,210.4,493.5
42,1701,0,632.5,494.0
42,1701,0,443.5,551.0
42,1701,0,381.0,465.5
42,1701,1,166.8,570.5
42,1701,1,419.8,550.5
42,1701,0,146.8,573.5
42,1701,1,351.5,422.5
42,1701,0,405.5,531.0
42,1701,0,225.2,455.8
42,1701,1,166.0,535.0
42,1701,0,381.0,442.5
42,1701,0,368.0,426.5
42,1701,1,531.0,609.0
42,1701,1,319.5,324.0
42,1701,1,164.5,384.0
42,1701,1,164.5,409.0
42,1702,0,187.0,538.5
42,1702,1,240.8,437.0
42,1702,0,209.2,495.5
42,1702,1,6.7,456.5
42,1702,0,381.2,447.5
42,1702,1,164.8,502.0
42,1702,1,166.0,575.0
42,1702,0,443.2,554.0
42,1702,0,405.5,527.0
42,1702,1,419.5,553.5
42,1702,1,319.5,323.5
42,1702,0,633.0,498.0
42,1702,1,351.5,423.2
42,1702,0,142.6,576.0
42,1702,0,368.5,431.5
42,1702,1,239.5,440.0
42,1702,0,405.5,483.8
42,1702,0,368.0,443.0
42,1702,1,318.5,317.5
42,1702,0,633.5,496.5
42,1702,0,597.5,503.0
42,1703,0,186.2,540.5
42,1703,1,240.8,437.5
42,1703,0,209.0,499.0
42,1703,1,420.0,552.5
42,1703,0,381.0,441.0
42,1703,1,163.8,505.5
42,1703,1,165.4,576.0
42,1703,0,143.9,581.0
42,1703,1,351.5,423.2
42,1703,0,443.5,549.0
42,1703,0,368.2,433.5
42,1703,0,636.0,497.0
42,1703,0,406.0,537.0
42,1703,0,368.0,443.0
42,1703,1,540.0,575.0
42,1703,1,239.2,440.0
42,1703,1,318.2,318.0
42,1704,1,240.8,438.5
42,1704,0,186.0,544.5
42,1704,0,209.0,498.8
42,1704,1,421.0,558.5
42,1704,1,351.5,423.5
42,1704,0,382.2,478.5
42,1704,0,143.8,592.0
42,1704,0,406.5,534.5
42,1704,0,381.5,457.5
42,1704,1,162.8,506.5
42,1704,1,162.8,398.8
42,1704,0,444.5,549.5
42,1704,1,317.5,111.9
42,1704,0,186.4,508.8
42,1704,0,507.8,416.5
42,1704,0,367.8,425.5
42,1704,1,164.5,579.0
42,1704,0,185.0,524.0
42,1704,1,239.9,449.0
42,1704,0,359.0,428.8
42,1704,0,602.0,504.0
42,1705,0,607.5,499.5
42,1705,0,185.2,545.5
42,1705,1,240.5,440.5
42,1705,0,208.5,500.5
42,1705,0,142.0,603.0
42,1705,1,421.2,560.0
42,1705,1,351.5,425.0
42,1705,0,382.5,476.2
42,1705,1,161.4,395.8
42,1705,0,52.6,639.5
42,1705,1,318.5,321.5
42,1705,0,506.8,418.0
42,1705,0,382.0,457.0
42,1705,0,224.5,468.0
42,1705,0,368.0,436.2
42,1705,0,445.0,550.5
42,1705,0,406.0,524.5
42,1705,0,358.5,430.5
42,1705,0,525.0,424.5
42,1705,1,163.5,575.5
42,1706,0,609.0,501.0
42,1706,0,183.4,544.5
42,1706,1,420.2,558.5
42,1706,1,239.5,441.0
42,1706,0,223.0,465.0
42,1706,1,319.0,328.8
42,1706,1,160.2,397.5
42,1706,0,207.2,500.5
42,1706,1,351.0,428.5
42,1706,0,381.8,469.5
42,1706,0,139.1,591.5
42,1706,0,367.2,445.0
42,1706,0,444.2,554.0
42,1706,0,406.0,536.0
42,1706,0,381.2,448.2
42,1706,0,506.0,418.0
42,1706,0,50.4,639.5
42,1706,1,238.5,448.0
42,1706,0,6.6,516.0
42,1707,0,611.0,500.5
42,1707,1,238.8,439.0
42,1707,0,182.5,543.0
42,1707,0,206.2,501.5
42,1707,1,420.5,558.5
42,1707,0,367.2,445.2
42,1707,0,381.5,477.2
42,1707,0,222.4,464.5
42,1707,1,159.0,394.0
42,1707,0,406.5,536.0
42,1707,1,351.0,423.5
42,1707,1,158.8,396.8
42,1707,0,234.9,448.5
42,1707,0,70.1,448.5
42,1707,0,137.3,586.0
42,1707,1,546.0,609.0
42,1707,0,507.0,420.0
42,1708,0,616.0,499.5
42,1708,0,183.5,541.0
42,1708,1,240.2,436.5
42,1708,1,422.5,562.0
42,1708,0,42.1,639.5
42,1708,1,351.5,425.0
42,1708,0,207.8,500.0
42,1708,0,223.4,463.5
42,1708,0,383.5,467.5
42,1708,0,369.0,446.5
42,1708,0,407.5,528.0
42,1708,1,159.9,392.5
42,1708,1,239.0,449.0
42,1708,0,106.0,461.0
42,1709,0,34.8,639.5
42,1709,0,181.4,545.0
42,1709,1,238.5,443.0
42,1709,1,421.0,560.5
42,1709,0,205.8,502.5
42,1709,0,406.0,535.5
42,1709,0,221.9,464.5
42,1709,0,381.5,477.0
42,1709,0,616.0,503.5
42,1709,0,367.5,445.0
42,1709,1,237.2,448.5
42,1709,0,620.0,503.5
42,1709,1,350.5,423.0
42,1709,1,157.2,396.0
42,1709,0,367.5,426.5
42,1709,0,103.3,461.0
42,1709,0,575.0,471.8
42,1709,0,69.9,449.5
42,1710,1,238.5,441.5
42,1710,0,181.2,545.5
42,1710,0,205.8,502.0
42,1710,1,422.5,561.0
42,1710,0,221.8,464.0
42,1710,0,382.0,455.8
42,1710,0,406.5,533.0
42,1710,0,367.5,447.0
42,1710,0,40.8,639.5
42,1710,1,621.0,502.5
42,1710,1,351.0,423.0
42,1710,0,134.8,600.0
42,1710,1,237.2,445.0
42,1710,0,578.0,466.0
42,1710,0,621.0,502.0
42,1710,0,509.0,442.0
42,1710,1,155.5,489.0
42,1710,0,550.0,488.0
42,1710,0,532.0,430.5
42,1711,1,238.4,439.0
42,1711,0,180.5,548.0
42,1711,0,205.5,503.0
42,1711,1,423.0,563.0
42,1711,0,623.0,500.0
42,1711,0,221.8,464.0
42,1711,1,155.1,418.0
42,1711,0,382.0,475.0
42,1711,0,407.2,532.0
42,1711,1,351.2,424.0
42,1711,0,133.7,608.0
42,1711,0,368.0,430.2
42,1711,0,368.0,446.5
42,1712,0,181.5,547.0
42,1712,1,424.0,562.5
42,1712,0,626.5,498.5
42,1712,0,206.1,501.0
42,1712,0,222.5,464.5
42,1712,1,239.6,437.0
42,1712,0,133.2,606.0
42,1712,1,319.0,324.0
42,1712,0,451.0,558.5
42,1712,1,352.0,426.0
42,1712,0,409.5,528.0
42,1712,0,383.5,478.2
42,1712,1,353.2,427.5
42,1713,1,238.2,435.2
42,1713,0,204.9,502.0
42,1713,1,153.9,390.0
42,1713,0,179.2,539.5
42,1713,0,628.0,501.0
42,1713,1,423.5,561.0
42,1713,0,221.5,463.5
42,1713,1,351.5,421.8
42,1713,0,383.0,454.2
42,1713,1,154.5,544.5
42,1713,1,156.5,584.5
42,1713,0,132.4,617.0
42,1713,0,368.2,436.0
42,1713,0,408.5,523.5
42,1713,0,451.0,548.5
42,1714,1,239.0,433.8
42,1714,0,180.0,540.0
42,1714,1,153.8,390.5
42,1714,0,205.5,501.0
42,1714,1,425.0,561.0
42,1714,0,452.0,565.5
42,1714,0,133.1,602.0
42,1714,0,222.2,464.5
42,1714,0,631.0,504.0
42,1714,1,352.0,423.2
42,1714,1,156.8,582.5
42,1714,0,384.0,479.0
42,1714,1,154.5,542.5
42,1714,0,369.8,434.5
42,1714,1,315.2,88.2
42,1714,0,411.0,523.0
42,1715,1,239.4,433.0
42,1715,1,153.2,390.2
42,1715,0,179.8,542.0
42,1715,0,205.5,504.5
42,1715,0,453.0,562.0
42,1715,1,426.0,563.0
42,1715,0,131.5,598.5
42,1715,0,222.5,463.8
42,1715,1,156.5,586.0
42,1715,0,385.0,473.5
42,1715,1,154.0,537.5
42,1715,0,409.8,526.5
42,1715,1,354.0,426.5
42,1715,0,370.5,438.5
42,1715,0,234.9,445.0
42,1715,1,319.2,319.5
42,1715,1,593.5,467.5
42,1715,0,384.8,442.5
42,1716,1,238.4,436.5
42,1716,0,204.0,502.0
42,1716,1,151.5,391.8
42,1716,1,425.5,565.5
42,1716,0,452.5,570.0
42,1716,1,153.6,591.0
42,1716,0,597.0,470.0
42,1716,0,221.2,463.5
42,1716,0,128.9,590.0
42,1716,0,5.3,163.6
42,1716,0,384.0,480.0
42,1716,0,599.0,470.0
42,1716,0,620.5,481.0
42,1716,0,410.0,473.2
42,1716,1,352.0,423.5
42,1716,1,353.5,425.5
42,1716,0,178.8,537.0
42,1716,1,152.2,540.0
42,1716,1,593.5,468.0
42,1716,0,369.5,438.0
42,1717,1,238.1,438.0
42,1717,0,204.0,504.5
42,1717,0,453.5,567.0
42,1717,0,629.0,478.5
42,1717,1,426.0,565.0
42,1717,1,150.2,392.0
42,1717,1,152.9,591.0
42,1717,0,128.0,594.0
42,1717,1,352.0,424.5
42,1717,0,384.2,479.0
42,1717,0,410.0,493.0
42,1717,0,221.2,466.2
42,1717,1,238.1,443.0
42,1717,0,369.5,448.0
42,1717,0,601.0,469.5
42,1717,0,626.0,478.5
42,1717,0,178.4,539.5
42,1717,0,126.9,541.0
42,1717,1,151.5,549.0
42,1717,1,353.5,426.0
42,1717,0,410.0,466.5
42,1718,1,239.2,436.0
42,1718,0,456.0,570.0
42,1718,0,205.0,502.5
42,1718,0,178.2,545.5
42,1718,1,150.2,394.2
42,1718,0,600.0,479.0
42,1718,0,128.1,596.0
42,1718,1,428.2,567.0
42,1718,0,222.4,464.2
42,1718,0,525.5,444.5
42,1718,0,371.0,444.2
42,1718,1,153.8,592.0
42,1718,0,385.0,447.0
42,1718,0,631.0,472.5
42,1718,0,606.0,468.0
42,1718,1,151.1,479.0
42,1718,0,5.1,157.0
42,1718,1,152.8,552.5
42,1718,1,151.1,396.0
42,1718,1,353.8,425.5
42,1719,1,239.8,437.5
42,1719,0,204.8,508.5
42,1719,1,150.1,393.8
42,1719,0,458.5,571.5
42,1719,1,152.8,595.0
42,1719,1,355.0,425.8
42,1719,0,222.2,467.0
42,1719,0,372.0,428.5
42,1719,1,429.8,569.0
42,1719,0,126.6,595.0
42,1719,0,177.5,555.0
42,1719,0,412.5,533.5
42,1719,0,372.0,450.5
42,1719,0,386.2,486.5
42,1719,0,386.5,458.5
42,1719,1,7.8,474.0
42,1719,0,609.0,476.5
42,1720,0,203.8,508.2
42,1720,1,239.0,437.0
42,1720,0,460.0,571.5
42,1720,1,150.8,592.5
42,1720,1,148.8,392.8
42,1720,0,221.6,465.5
42,1720,1,237.9,444.5
42,1720,1,430.5,570.5
42,1720,1,354.5,427.5
42,1720,0,372.0,452.0
42,1720,0,387.0,485.0
42,1720,0,8.5,490.8
42,1720,0,360.5,432.5
42,1720,0,371.5,430.5
42,1721,0,203.8,507.5
42,1721,1,431.8,577.5
42,1721,1,239.1,440.5
42,1721,1,150.8,598.0
42,1721,1,149.2,394.5
42,1721,0,372.0,454.5
42,1721,0,387.5,487.5
42,1721,0,372.2,434.5
42,1721,0,221.6,464.5
42,1721,0,461.2,584.0
42,1721,0,8.0,479.0
42,1721,0,570.5,508.5
42,1721,1,355.5,426.5
42,1721,0,548.0,430.5
42,1721,0,361.5,432.0
42,1721,0,65.1,444.0
42,1721,1,149.6,536.5
42,1722,0,203.6,508.0
42,1722,1,239.2,439.0
42,1722,1,150.0,599.5
42,1722,0,373.0,420.0
42,1722,0,7.8,479.0
42,1722,0,221.6,466.0
42,1722,1,148.6,395.0
42,1722,1,434.0,578.5
42,1722,0,388.5,492.0
42,1722,1,356.8,427.0
42,1722,1,426.0,101.1
42,1722,1,148.8,462.0
42,1722,0,372.5,451.8
42,1722,1,149.0,544.0
42,1723,1,239.0,442.8
42,1723,0,202.8,511.0
42,1723,1,148.2,604.5
42,1723,0,373.2,458.8
42,1723,0,388.2,495.0
42,1723,0,7.2,481.0
42,1723,0,221.0,469.0
42,1723,1,146.5,395.2
42,1723,1,356.5,429.2
42,1723,0,373.0,429.5
42,1723,0,598.0,431.5
42,1723,0,174.0,557.0
42,1723,1,117.5,560.0
42,1724,0,203.5,512.0
42,1724,1,148.5,607.0
42,1724,1,239.2,450.8
42,1724,1,357.8,434.2
42,1724,1,437.0,584.5
42,1724,0,375.0,435.2
42,1724,0,390.0,494.0
42,1724,1,240.2,439.2
42,1724,0,221.8,471.0
42,1724,0,374.5,460.5
42,1724,1,147.0,397.0
42,1724,0,467.0,590.0
42,1724,1,148.2,609.5
42,1725,0,204.1,514.0
42,1725,1,240.6,447.5
42,1725,1,439.0,585.0
42,1725,0,393.2,494.5
42,1725,1,147.5,610.0
42,1725,0,376.0,459.0
42,1725,0,470.0,594.0
42,1725,0,222.5,471.5
42,1725,0,420.0,547.5
42,1725,1,358.0,432.5
42,1725,0,560.5,449.0
42,1725,1,358.5,434.0
42,1725,0,555.0,467.8
42,1725,0,376.0,427.0
42,1725,1,145.8,400.0
42,1725,0,609.0,422.8
42,1726,1,439.2,586.5
42,1726,0,202.8,516.0
42,1726,0,172.8,569.0
42,1726,0,221.8,473.8
42,1726,0,376.5,461.2
42,1726,1,144.2,616.5
42,1726,1,358.0,439.0
42,1726,0,470.5,582.5
42,1726,0,393.0,496.5
42,1726,1,143.2,401.2
42,1726,1,240.0,448.2
42,1726,1,239.5,451.8
42,1726,0,421.0,553.5
42,1726,0,114.6,622.5
42,1726,0,572.5,440.0
42,1726,1,7.4,511.5
42,1726,0,7.1,504.2
42,1726,0,173.8,544.0
42,1727,0,171.8,569.0
42,1727,1,441.0,590.0
42,1727,0,201.8,517.5
42,1727,1,142.5,613.5
42,1727,1,239.2,452.0
42,1727,0,221.2,473.5
42,1727,0,422.0,552.0
42,1727,1,545.0,233.2
42,1727,0,394.0,495.5
42,1727,1,358.8,434.0
42,1727,0,376.0,420.8
42,1727,0,110.9,619.0
42,1727,0,561.5,474.0
42,1727,0,472.0,580.0
42,1727,1,358.5,432.5
42,1728,0,169.0,571.0
42,1728,1,441.0,591.0
42,1728,0,219.1,476.5
42,1728,0,200.2,515.5
42,1728,1,137.5,404.0
42,1728,1,238.8,446.0
42,1728,0,566.0,476.5
42,1728,0,375.8,461.2
42,1728,1,547.0,228.0
42,1728,0,393.2,497.0
42,1728,0,422.0,546.0
42,1728,1,357.8,438.0
42,1728,1,140.5,616.0
42,1728,0,579.5,442.8
42,1728,1,139.2,616.0
42,1728,0,473.2,593.0
42,1728,0,376.0,437.0
42,1728,1,138.8,613.5
42,1728,1,237.5,452.2
42,1728,1,138.2,544.0
42,1729,0,168.0,574.5
42,1729,1,442.0,592.5
42,1729,0,219.0,477.0
42,1729,1,238.9,445.5
42,1729,1,139.8,620.0
42,1729,1,358.2,436.5
42,1729,0,200.2,518.0
42,1729,0,422.0,554.0
42,1729,1,136.8,405.0
42,1729,0,393.5,496.2
42,1729,0,375.5,422.0
42,1729,1,138.0,619.0
42,1729,1,607.0,517.5
42,1729,1,137.4,532.0
42,1729,0,475.0,585.5
42,1729,1,237.5,452.0
42,1730,0,167.1,575.5
42,1730,0,219.2,478.2
42,1730,1,444.5,603.0
42,1730,0,199.8,521.0
42,1730,1,239.0,447.5
42,1730,0,17.7,522.0
42,1730,1,138.1,622.0
42,1730,1,135.9,406.0
42,1730,1,358.5,438.2
42,1730,0,423.2,557.5
42,1730,1,136.5,533.5
42,1730,0,394.8,500.5
42,1730,0,477.2,607.0
42,1730,0,376.5,422.5
42,1730,0,234.5,457.5
42,1731,0,219.0,478.2
42,1731,0,167.0,566.5
42,1731,0,378.0,466.5
42,1731,0,199.0,524.0
42,1731,1,238.5,449.0
42,1731,0,535.5,450.8
42,1731,1,134.1,402.8
42,1731,1,136.5,626.5
42,1731,0,425.5,561.0
42,1731,0,394.8,499.2
42,1731,1,358.8,439.0
42,1731,0,534.0,450.8
42,1731,0,622.0,534.5
42,1731,1,135.2,546.0
42,1731,1,134.5,405.5
42,1731,0,479.2,597.0
42,1732,0,218.8,481.5
42,1732,0,198.8,528.0
42,1732,0,166.4,569.0
42,1732,1,134.2,407.5
42,1732,1,238.9,449.0
42,1732,0,425.0,562.0
42,1732,1,134.8,635.0
42,1732,0,378.2,467.0
42,1732,0,12.7,536.0
42,1732,1,359.2,437.8
42,1732,0,395.5,503.0
42,1732,0,537.0,453.0
42,1732,0,377.5,429.5
42,1732,0,234.0,463.2
42,1732,1,237.8,455.5
42,1732,1,134.2,555.5
42,1732,0,625.0,469.5
42,1733,0,216.8,481.0
42,1733,1,236.9,452.5
42,1733,0,424.0,562.0
42,1733,0,195.8,529.0
42,1733,0,377.0,466.0
42,1733,0,162.8,579.5
42,1733,1,358.2,442.8
42,1733,0,394.5,503.0
42,1733,1,128.9,409.8
42,1733,0,631.5,462.5
42,1733,1,131.3,638.0
42,1733,0,376.0,426.5
42,1734,0,216.0,483.5
42,1734,1,358.5,442.8
42,1734,1,235.2,447.0
42,1734,0,377.0,466.0
42,1734,0,161.8,583.0
42,1734,0,194.5,530.5
42,1734,0,394.5,504.0
42,1734,0,425.5,564.0
42,1734,0,483.0,611.0
42,1734,0,376.0,431.0
42,1735,0,196.2,531.0
42,1735,0,217.8,484.5
42,1735,0,163.4,577.5
42,1735,1,238.2,449.5
42,1735,1,359.5,441.0
42,1735,0,379.2,466.0
42,1735,1,127.2,411.0
42,1735,0,397.2,503.5
42,1735,0,428.0,565.5
42,1735,0,485.5,607.0
42,1735,1,130.2,639.0
42,1735,0,378.5,447.0
42,1735,0,616.0,451.0
42,1735,0,233.9,466.0
42,1736,0,215.5,485.0
42,1736,1,236.0,445.8
42,1736,1,123.6,412.0
42,1736,1,358.8,441.2
42,1736,0,378.0,468.8
42,1736,0,427.5,565.0
42,1736,0,396.0,504.5
42,1736,0,159.0,580.0
42,1736,0,377.5,440.0
42,1736,0,83.4,640.0
42,1736,0,193.9,531.0
42,1736,1,358.5,438.0
42,1736,0,487.5,603.0
42,1737,0,216.1,485.5
42,1737,1,453.2,615.5
42,1737,1,121.6,408.5
42,1737,1,236.8,446.5
42,1737,0,493.0,639.0
42,1737,1,360.0,441.0
42,1737,0,379.8,466.5
42,1737,0,158.8,589.5
42,1737,1,125.8,640.0
42,1737,0,398.2,504.5
42,1737,0,430.0,567.5
42,1737,0,193.8,529.5
42,1737,0,379.5,443.5
42,1737,0,79.3,639.5
42,1737,1,427.2,93.4
42,1738,0,155.0,595.0
42,1738,0,213.9,485.8
42,1738,1,120.8,640.0
42,1738,0,494.0,639.0
42,1738,1,234.0,447.0
42,1738,1,118.1,409.0
42,1738,1,358.5,445.5
42,1738,1,453.0,619.0
42,1738,0,378.0,471.5
42,1738,0,76.9,636.0
42,1738,0,430.2,571.0
42,1738,0,396.0,509.2
42,1738,0,191.9,526.0
42,1739,0,156.0,597.5
42,1739,0,215.2,487.0
42,1739,1,236.2,446.5
42,1739,1,120.8,640.0
42,1739,1,360.0,444.8
42,1739,1,118.1,417.5
42,1739,1,456.0,626.0
42,1739,0,434.5,580.0
42,1739,0,193.6,535.0
42,1739,0,156.1,552.5
42,1739,0,379.5,434.5
42,1739,0,399.0,509.5
42,1739,1,119.1,549.5
42,1740,0,154.6,598.0
42,1740,0,214.9,486.5
42,1740,0,72.2,639.0
42,1740,1,117.5,416.5
42,1740,1,119.0,640.0
42,1740,1,236.0,447.5
42,1740,1,360.0,442.0
42,1740,1,456.5,627.5
42,1740,0,399.5,510.0
42,1740,0,434.5,579.0
42,1740,0,380.0,436.0
42,1740,0,192.0,528.5
42,1741,0,212.5,489.8
42,1741,0,379.5,475.5
42,1741,1,116.2,640.0
42,1741,0,152.0,590.5
42,1741,1,114.2,638.0
42,1741,1,234.0,462.8
42,1741,0,434.5,579.5
42,1741,1,359.0,445.5
42,1741,0,64.7,632.5
42,1741,1,112.2,423.8
42,1741,0,189.2,538.5
42,1741,1,457.5,634.5
42,1741,0,398.0,496.5
42,1741,1,605.5,433.5
42,1741,1,233.1,458.0
42,1742,0,152.2,608.0
42,1742,0,213.5,492.0
42,1742,1,116.2,640.0
42,1742,1,234.8,461.0
42,1742,1,359.8,445.0
42,1742,0,400.5,514.5
42,1742,1,113.2,639.0
42,1742,0,64.5,637.0
42,1742,1,459.8,635.5
42,1742,1,458.0,640.0
42,1742,0,436.2,579.0
42,1742,1,111.5,421.8
42,1742,0,189.9,536.5
42,1742,0,380.0,435.5
42,1743,1,234.0,467.0
42,1743,0,149.4,587.5
42,1743,1,106.8,424.0
42,1743,0,187.8,544.5
42,1743,1,108.6,640.0
42,1743,1,109.2,639.5
42,1743,1,359.5,446.0
42,1743,0,380.0,473.0
42,1743,0,436.2,580.0
42,1743,0,567.0,473.0
42,1743,1,460.0,634.0
42,1743,1,458.0,640.0
42,1743,0,211.8,496.0
42,1744,1,234.2,467.0
42,1744,1,360.2,445.8
42,1744,0,148.2,615.0
42,1744,0,187.6,545.5
42,1744,1,103.4,432.0
42,1744,0,504.5,640.0
42,1744,1,108.7,639.5
42,1744,1,460.5,640.0
42,1744,1,461.0,639.0
42,1744,0,402.0,515.5
42,1744,0,571.5,474.5
42,1744,0,379.8,429.8
42,1744,0,437.5,582.0
42,1744,1,106.8,640.0
42,1744,0,437.5,520.0
42,1744,1,458.5,640.0
42,1744,1,137.5,398.0
42,1745,0,184.5,549.0
42,1745,1,98.2,442.5
42,1745,0,379.5,476.0
42,1745,0,144.5,621.0
42,1745,0,505.8,640.0
42,1745,0,42.2,640.0
42,1745,1,231.2,469.0
42,1745,1,359.2,448.0
42,1745,0,8.1,481.0
42,1745,0,437.2,583.0
42,1745,1,460.0,640.0
42,1745,0,400.2,518.0
42,1745,0,209.6,498.0
42,1745,0,437.5,509.0
42,1745,1,459.5,640.0
42,1746,1,99.4,438.8
42,1746,0,145.8,611.0
42,1746,0,186.5,547.5
42,1746,0,38.1,639.5
42,1746,1,361.5,447.5
42,1746,1,234.2,468.0
42,1746,0,440.0,591.0
42,1746,0,402.5,519.5
42,1746,0,211.4,499.0
42,1746,0,382.5,442.0
42,1746,0,383.5,479.0
42,1746,0,404.8,519.0
42,1746,1,104.1,640.0
42,1746,1,464.5,640.0
42,1746,0,381.2,434.2
42,1747,0,32.0,639.5
42,1747,0,139.6,622.0
42,1747,0,207.0,498.0
42,1747,0,181.2,551.5
42,1747,1,93.2,444.8
42,1747,1,230.5,468.5
42,1747,0,379.2,479.0
42,1747,0,437.5,595.0
42,1747,0,379.0,434.5
42,1747,1,358.5,448.5
42,1747,0,400.5,521.0
42,1747,1,463.8,640.0
42,1747,0,438.5,554.5
42,1747,1,98.0,639.5
42,1748,0,142.5,615.0
42,1748,0,30.8,640.0
42,1748,1,362.0,449.8
42,1748,1,234.0,470.5
42,1748,0,184.2,554.5
42,1748,1,470.8,640.0
42,1748,0,598.0,498.2
42,1748,1,233.8,463.0
42,1748,1,99.1,639.5
42,1748,0,210.2,499.2
42,1748,0,11.6,481.5
42,1749,0,138.0,632.0
42,1749,0,207.1,503.0
42,1749,1,360.2,454.0
42,1749,1,91.9,438.5
42,1749,0,181.0,558.0
42,1749,1,468.0,640.0
42,1749,1,230.8,472.5
42,1749,0,402.5,530.0
42,1749,0,381.8,454.0
42,1749,1,231.0,465.0
42,1749,0,441.0,602.0
42,1749,0,380.2,443.5
42,1749,0,382.0,477.0
42,1749,0,442.0,553.5
42,1750,0,138.2,627.0
42,1750,1,361.5,455.5
42,1750,1,91.2,438.5
42,1750,1,232.9,473.0
42,1750,0,182.1,558.5
42,1750,1,474.0,640.0
42,1750,0,208.5,502.5
42,1751,1,361.0,457.0
42,1751,0,610.5,507.5
42,1751,0,206.8,504.5
42,1751,0,135.2,625.5
42,1751,1,86.9,439.0
42,1751,1,475.0,640.0
42,1751,0,179.8,560.5
42,1751,1,231.0,474.0
42,1751,0,526.0,640.0
42,1752,1,233.2,475.5
42,1752,0,134.9,628.5
42,1752,1,87.2,440.8
42,1752,0,180.5,564.5
42,1752,1,363.5,461.5
42,1752,0,619.5,519.0
42,1752,0,18.2,639.5
42,1752,0,208.5,509.0
42,1752,0,449.0,624.5
42,1752,0,409.2,539.0
42,1752,0,386.5,489.2
42,1753,0,206.2,512.5
42,1753,1,361.5,460.0
42,1753,1,81.8,639.5
42,1753,0,178.0,565.5
42,1753,0,406.8,538.0
42,1753,1,231.5,477.0
42,1753,0,131.7,629.0
42,1753,0,625.0,519.0
42,1753,1,479.0,625.5
42,1753,1,80.9,463.5
42,1753,0,449.0,626.0
42,1753,0,13.2,640.0
42,1754,1,360.5,458.5
42,1754,0,176.0,565.5
42,1754,0,130.5,625.5
42,1754,1,229.8,476.0
42,1754,1,79.0,640.0
42,1754,0,627.0,518.0
42,1754,0,204.9,509.0
42,1754,0,406.0,538.5
42,1754,0,11.4,639.5
42,1754,0,223.0,474.0
42,1754,1,78.5,452.8
42,1754,0,408.2,537.5
42,1754,1,479.0,629.0
42,1754,1,79.2,639.0
42,1754,0,449.0,626.0
42,1755,1,360.8,458.5
42,1755,1,73.3,441.5
42,1755,0,203.5,512.0
42,1755,1,228.9,475.5
42,1755,1,75.0,638.0
42,1755,0,127.4,631.5
42,1755,0,175.2,566.0
42,1755,0,222.2,478.5
42,1755,0,8.0,640.0
42,1755,0,406.0,538.5
42,1755,0,632.0,515.5
42,1755,0,449.8,627.0
42,1755,1,73.9,639.0
42,1755,1,76.2,639.0
42,1755,1,482.5,613.0
42,1756,0,126.8,633.0
42,1756,1,361.2,455.5
42,1756,0,204.2,513.0
42,1756,1,229.6,476.0
42,1756,0,175.5,568.5
42,1756,1,70.9,451.8
42,1756,1,72.3,639.0
42,1756,0,222.6,480.0
42,1756,0,410.5,542.0
42,1756,1,485.8,640.0
42,1756,0,411.0,544.0
42,1756,0,5.3,640.0
42,1756,0,453.5,560.0
42,1757,0,171.6,572.0
42,1757,1,360.5,459.0
42,1757,0,120.6,639.0
42,1757,0,201.8,513.5
42,1757,1,227.2,470.0
42,1757,0,409.8,543.5
42,1757,1,65.3,452.0
42,1757,1,69.0,639.0
42,1757,0,409.0,544.0
42,1757,1,486.2,640.0
42,1757,0,220.8,481.2
42,1757,0,454.0,555.5
42,1757,0,451.8,629.0
42,1758,0,171.8,574.5
42,1758,1,361.5,455.5
42,1758,1,489.0,640.0
42,1758,0,202.0,515.0
42,1758,1,62.3,457.0
42,1758,0,410.5,543.0
42,1758,0,118.6,640.0
42,1758,1,66.1,639.0
42,1758,1,228.0,480.5
42,1758,0,456.2,628.0
42,1758,0,554.0,639.5
42,1758,0,409.5,510.0
42,1758,0,221.2,481.5
42,1758,0,386.5,491.5
42,1759,1,359.8,462.5
42,1759,0,199.1,519.5
42,1759,0,167.4,580.0
42,1759,0,115.0,638.5
42,1759,1,225.0,482.5
42,1759,1,488.0,640.0
42,1759,1,55.4,484.5
42,1759,0,219.0,493.2
42,1759,1,55.6,640.0
42,1759,0,411.5,548.5
42,1759,0,454.5,590.0
42,1759,0,383.2,454.0
42,1759,1,254.5,73.8
42,1760,0,113.8,634.5
42,1760,0,168.0,579.5
42,1760,0,200.2,520.5
42,1760,1,361.5,463.5
42,1760,1,53.8,483.5
42,1760,1,227.2,483.0
42,1760,1,54.6,638.0
42,1760,1,492.0,640.0
42,1760,0,220.5,493.5
42,1760,0,386.2,499.0
42,1760,0,411.5,551.5
42,1761,0,108.2,636.0
42,1761,1,360.0,463.2
42,1761,1,46.3,466.0
42,1761,0,164.0,586.0
42,1761,1,46.4,640.0
42,1761,0,383.0,449.0
42,1761,0,458.0,552.5
42,1761,1,224.0,481.5
42,1761,0,410.2,552.5
42,1761,1,491.5,639.0
42,1761,1,43.4,464.0
42,1761,0,196.0,524.0
42,1762,0,102.0,637.0
42,1762,1,360.0,463.8
42,1762,0,161.4,585.0
42,1762,1,38.2,485.0
42,1762,1,223.2,478.5
42,1762,0,217.6,489.5
42,1762,0,464.5,558.5
42,1762,0,582.0,640.0
42,1762,1,499.5,640.0
42,1762,0,194.8,524.0
42,1762,1,495.0,444.5
42,1762,0,384.0,455.0
42,1762,0,215.8,485.5
42,1762,1,40.4,639.5
42,1762,0,384.5,496.0
42,1763,0,100.2,640.0
42,1763,0,388.0,504.0
42,1763,1,29.7,472.5
42,1763,1,510.0,640.0
42,1763,1,364.0,465.0
42,1763,0,160.9,592.0
42,1763,1,223.8,481.5
42,1763,0,466.8,639.5
42,1763,0,388.5,456.5
42,1763,0,389.5,483.0
42,1763,0,390.5,504.2
42,1764,0,388.0,507.0
42,1764,0,91.6,638.5
42,1764,1,23.1,640.0
42,1764,0,158.4,600.0
42,1764,1,363.8,469.5
42,1764,1,222.9,486.0
42,1764,1,20.6,483.5
42,1764,0,466.5,594.5
42,1764,0,388.0,462.0
42,1764,0,218.2,494.5
42,1764,0,193.9,531.0
42,1764,1,514.5,639.5
42,1764,0,618.5,639.5
42,1764,0,215.6,493.0
42,1764,0,472.0,599.5
42,1764,1,529.5,640.0
42,1765,0,85.0,640.0
42,1765,0,155.2,607.0
42,1765,1,519.9,640.0
42,1765,0,627.0,640.0
42,1765,1,9.8,497.0
42,1765,0,388.5,458.2
42,1765,1,10.0,638.0
42,1765,0,389.0,509.5
42,1765,0,421.0,569.5
42,1765,1,365.2,471.0
42,1765,1,222.8,487.5
42,1765,0,467.5,596.0
42,1765,1,523.5,626.5
42,1765,0,218.5,499.5
42,1765,1,537.0,137.8
42,1765,0,192.8,530.0
42,1765,1,9.9,495.0
42,1765,1,535.9,550.0
42,1766,0,76.8,638.0
42,1766,0,150.0,606.0
42,1766,1,219.5,490.5
42,1766,0,189.2,535.0
42,1766,1,529.0,639.0
42,1766,1,364.8,468.5
42,1766,0,388.2,457.5
42,1766,0,389.0,513.0
42,1766,1,528.5,639.0
42,1766,0,633.5,467.5
42,1766,0,619.0,497.5
42,1766,0,391.5,513.5
42,1767,0,147.0,610.0
42,1767,0,71.3,639.0
42,1767,1,218.0,495.8
42,1767,0,187.0,539.5
42,1767,1,531.0,639.0
42,1767,0,390.2,514.0
42,1767,0,387.8,500.2
42,1767,1,530.5,639.0
42,1767,1,362.5,475.0
42,1767,0,389.0,460.0
42,1767,1,217.9,486.0
42,1767,0,637.0,461.5
42,1767,0,637.0,454.0
42,1767,1,272.8,318.5
42,1768,0,65.7,640.0
42,1768,0,146.2,622.5
42,1768,0,187.8,543.5
42,1768,1,219.5,498.0
42,1768,1,366.5,476.5
42,1768,0,392.8,459.8
42,1768,0,490.0,639.0
42,1768,0,495.5,640.0
42,1768,0,394.5,518.0
42,1768,0,496.8,605.0
42,1769,0,140.8,628.0
42,1769,0,184.5,548.0
42,1769,1,218.1,502.0
42,1769,0,51.8,639.0
42,1769,1,365.8,482.5
42,1769,0,497.2,633.0
42,1769,0,394.0,524.5
42,1769,0,392.5,477.5
42,1769,1,552.0,639.5
42,1769,1,551.0,640.0
42,1769,1,63.1,476.8
42,1769,0,375.5,484.5
42,1769,0,208.2,488.5
42,1770,0,44.2,639.5
42,1770,0,133.8,632.0
42,1770,1,214.5,503.0
42,1770,0,204.6,518.5
42,1770,0,179.1,551.0
42,1770,1,554.0,640.0
42,1770,1,55.7,478.8
42,1770,0,499.2,633.5
42,1770,0,391.5,476.0
42,1770,0,393.5,527.5
42,1770,0,205.4,497.5
42,1770,1,272.8,321.0
42,1771,0,32.6,640.0
42,1771,1,568.5,640.0
42,1771,0,131.9,633.5
42,1771,0,391.5,469.0
42,1771,0,177.6,552.0
42,1771,1,214.5,497.2
42,1771,1,214.8,505.2
42,1771,0,204.9,518.5
42,1771,1,22.6,480.0
42,1771,0,205.0,520.0
42,1772,1,581.5,640.0
42,1772,0,174.5,558.5
42,1772,1,212.9,505.0
42,1772,0,125.5,634.0
42,1772,0,18.9,639.5
42,1772,0,519.0,639.0
42,1772,0,202.5,520.5
42,1772,0,394.8,527.0
42,1772,0,23.3,639.0
42,1772,0,522.5,620.0
42,1773,1,612.0,640.0
42,1773,0,539.5,640.0
42,1773,0,11.0,518.0
42,1773,1,209.2,504.5
42,1773,1,604.0,479.5
42,1773,0,169.0,566.0
42,1773,1,367.8,481.0
42,1773,1,207.8,510.5
42,1773,1,368.0,493.5
42,1773,1,35.7,475.0
42,1773,0,397.0,498.0
42,1774,0,542.0,639.0
42,1774,1,207.4,511.5
42,1774,0,167.5,565.0
42,1774,0,615.0,639.5
42,1774,1,615.0,640.0
42,1774,1,368.0,493.0
42,1774,1,367.0,482.5
42,1774,0,8.2,528.5
42,1775,0,548.0,632.0
42,1775,0,621.5,640.0
42,1775,1,369.5,491.5
42,1775,0,169.0,566.5
42,1775,1,209.4,504.0
42,1775,1,274.5,321.0
42,1775,0,8.0,525.5
42,1776,0,554.0,634.5
42,1776,1,206.0,516.5
42,1776,1,526.5,479.0
42,1776,1,206.2,499.5
42,1776,1,631.0,640.0
42,1776,0,164.5,571.5
42,1776,1,272.2,321.0
42,1776,1,37.1,488.0
42,1776,1,624.5,491.5
42,1776,1,204.8,518.0
42,1776,1,253.2,67.2
42,1777,1,202.2,525.5
42,1777,1,368.0,498.0
42,1777,0,563.5,639.0
42,1777,1,270.8,327.5
42,1777,0,158.0,583.5
42,1777,0,395.5,487.0
42,1777,1,202.2,516.5
42,1777,1,367.0,486.5
42,1778,1,199.4,526.5
42,1778,0,154.5,589.0
42,1778,1,149.5,171.9
42,1778,1,23.6,485.5
42,1778,0,397.5,487.0
42,1778,0,633.5,473.0
42,1778,1,269.0,328.0
42,1778,0,398.5,546.0
42,1778,0,91.6,637.0
42,1778,1,366.2,494.0
42,1778,0,10.2,467.0
42,1779,0,608.0,640.0
42,1779,0,93.5,638.0
42,1779,1,207.2,529.5
42,1779,0,408.5,487.0
42,1779,1,377.0,498.5
42,1779,1,378.0,501.0
42,1779,1,29.5,470.0
42,1779,1,375.5,503.0
42,1779,0,160.8,590.0
42,1780,1,376.5,500.5
42,1780,1,206.0,526.5
42,1780,0,407.0,486.5
42,1780,1,27.3,510.0
42,1780,1,206.4,504.5
42,1780,0,608.5,639.0
42,1780,1,327.8,352.5
42,1781,0,83.2,639.5
42,1781,1,378.2,509.0
42,1781,1,205.5,529.5
42,1781,1,23.2,502.0
42,1781,1,574.5,637.5
42,1781,0,155.9,601.5
42,1781,1,205.8,505.5
42,1781,0,625.5,542.5
42,1782,1,203.8,530.0
42,1782,0,412.5,490.5
42,1782,0,73.1,640.0
42,1782,1,378.0,504.5
42,1782,1,328.2,347.0
42,1782,1,551.0,492.5
42,1783,1,201.1,534.0
42,1783,1,595.0,639.0
42,1783,1,378.5,501.0
42,1783,0,138.0,608.5
42,1783,0,414.0,562.0
42,1783,1,327.5,345.8
42,1783,0,147.6,610.0
42,1784,1,199.9,534.5
42,1784,0,591.5,520.5
42,1784,0,56.7,639.0
42,1784,1,377.8,511.0
42,1784,1,607.0,637.5
42,1784,1,328.0,348.5
42,1784,0,414.8,499.0
42,1784,0,415.0,579.0
42,1785,1,197.0,537.0
42,1785,0,139.5,617.0
42,1785,1,377.0,512.5
42,1785,0,603.0,521.5
42,1785,1,556.0,491.0
42,1785,0,417.0,584.0
42,1785,1,621.5,640.0
42,1786,1,197.0,537.0
42,1786,0,43.8,640.0
42,1786,1,635.0,640.0
42,1786,1,500.5,515.5
42,1786,1,379.0,508.0
42,1786,0,539.0,524.5
42,1786,1,378.2,512.5
42,1786,1,327.0,356.0
42,1787,1,195.4,532.5
42,1787,1,379.5,509.5
42,1787,1,379.0,514.0
42,1787,0,555.0,526.5
42,1788,1,379.2,504.0
42,1788,0,15.9,639.0
42,1789,1,379.0,512.0
42,1789,1,190.1,539.5
42,1789,1,275.0,317.5
42,1789,1,188.8,468.2
42,1790,1,187.5,544.0
42,1790,1,379.0,514.0
42,1790,1,571.0,152.2
42,1790,0,425.0,600.5
42,1790,1,506.0,110.8
42,1790,1,186.6,530.0
42,1790,0,473.8,460.5
42,1791,1,186.2,546.0
42,1791,1,276.0,319.5
42,1791,1,382.2,515.5
42,1791,0,423.0,510.5
42,1792,1,179.2,559.5
42,1792,0,501.0,482.5
42,1792,1,382.0,501.0
42,1793,1,172.5,563.5
42,1793,1,381.5,362.5
42,1793,1,275.0,321.5
42,1793,1,383.0,503.5
42,1794,1,165.0,577.0
42,1794,1,387.5,545.5
42,1795,1,387.5,559.5
42,1796,1,159.2,596.0
42,1796,1,389.5,574.0
42,1796,1,441.5,73.1
42,1796,1,271.8,321.8
42,1797,1,153.0,561.5
42,1797,1,153.8,607.0
42,1797,1,389.8,567.5
42,1798,1,150.1,603.0
42,1798,1,389.8,577.0
42,1799,1,146.4,607.0
42,1799,1,390.2,576.0
42,1799,1,389.0,538.5
42,1799,1,270.5,329.0
42,1800,1,141.0,613.0
42,1800,1,391.5,577.0
42,1800,0,513.1,531.5
42,1800,1,634.0,557.0
42,1800,1,271.5,327.0
42,1800,1,140.6,544.0
42,1800,0,435.0,464.5
42,1800,1,323.5,349.5
42,1801,1,162.2,427.0
42,1801,1,136.0,538.5
42,1801,1,391.2,592.0
42,1801,1,636.0,564.5
42,1801,1,136.2,626.5
42,1801,1,322.0,350.2
42,1801,1,151.6,155.2
42,1801,1,269.8,322.5
42,1802,1,393.5,590.0
42,1802,1,161.8,426.8
42,1802,1,231.2,417.2
42,1802,1,127.0,599.0
42,1802,1,322.0,350.0
42,1802,1,126.2,567.0
42,1802,1,270.0,323.0
42,1990,1,92.3,634.5
42,1990,1,341.8,640.0
42,1990,1,529.0,452.5
42,1990,0,241.0,482.0
42,1990,1,496.5,504.5
42,1990,1,343.8,527.5
42,1990,1,95.5,568.0
42,1990,1,360.0,489.0
42,1991,1,18.7,640.0
42,1991,1,614.0,526.5
42,1991,0,186.0,471.0
42,1991,0,146.5,469.5
42,1991,0,462.5,433.2
42,1991,1,289.2,553.0
42,1992,1,234.1,639.5
42,1992,1,561.0,510.5
42,1992,1,400.5,491.5
42,1992,1,178.9,639.5
42,1992,1,430.5,438.8
42,1992,0,88.1,473.5
42,1992,0,89.5,473.5
42,1993,1,189.5,638.5
42,1993,1,520.5,499.0
42,1993,1,365.8,485.0
42,1993,1,126.0,640.0
42,1994,1,129.4,640.0
42,1994,1,323.0,479.0
42,1994,1,474.8,486.0
42,1994,0,342.0,413.5
42,1995,1,83.0,640.0
42,1995,1,296.0,473.5
42,1995,1,446.0,475.0
42,1995,1,327.5,417.8
42,1996,1,74.2,640.0
42,1996,1,293.5,474.5
42,1996,1,444.0,476.2
42,1996,1,71.9,638.5
42,1996,0,312.5,404.5
42,1996,1,23.9,485.5
42,1996,1,76.3,515.5
42,1997,1,449.0,479.2
42,1997,1,295.5,478.0
42,1997,1,64.1,640.0
42,1997,1,375.5,345.0
42,1998,1,302.8,481.5
42,1998,1,458.5,484.0
42,1999,1,61.9,640.0
42,1999,1,305.5,478.5
42,1999,1,462.0,484.0
42,1999,0,325.0,411.0
42,1999,1,338.0,423.5
42,2000,1,49.5,640.0
42,2000,1,310.5,488.5
42,2000,1,470.8,496.8
42,2000,1,342.0,425.5
42,2000,0,329.8,414.0
42,2000,1,52.8,557.5
42,2000,1,389.0,352.2
42,2001,1,48.5,640.0
42,2001,1,471.5,496.5
42,2001,1,310.5,489.0
42,2001,1,44.3,639.5
42,2001,1,391.2,352.5
42,2002,1,37.8,640.0
42,2002,1,310.2,494.5
42,2002,1,472.0,500.8
42,2002,0,330.0,415.2
42,2002,1,342.2,425.5
42,2002,1,36.2,639.5
42,2002,1,41.1,516.0
42,2002,1,390.0,349.5
42,2003,1,32.8,640.0
42,2003,1,311.8,497.0
42,2003,1,476.0,507.0
42,2003,1,344.5,432.8
42,2003,0,332.2,421.0
42,2004,1,18.0,640.0
42,2004,1,306.2,504.0
42,2004,1,471.8,512.0
42,2004,1,14.5,640.0
42,2004,1,20.5,501.0
42,2005,1,290.0,509.5
42,2005,1,456.5,516.0
42,2005,1,324.5,436.0
42,2006,1,284.8,512.0
42,2006,1,453.0,521.0
42,2006,1,368.2,360.5
42,2007,1,280.0,513.5
42,2007,1,449.0,518.5
42,2007,0,158.2,494.0
42,2007,1,365.0,359.8
42,2007,1,408.8,434.5
42,2007,0,302.5,428.0
42,2008,1,277.0,517.5
42,2008,1,313.0,443.5
42,2008,0,150.4,503.5
42,2008,1,448.5,526.0
42,2008,0,300.0,430.5
42,2009,1,274.5,533.5
42,2009,1,311.5,454.5
42,2009,1,449.2,540.0
42,2009,0,141.8,524.0
42,2009,0,298.5,443.0
42,2009,1,105.0,515.5
42,2009,1,362.0,370.8
42,2010,1,270.5,550.0
42,2010,1,309.5,469.0
42,2010,1,359.8,392.0
42,2010,1,408.0,323.5
42,2010,1,449.0,556.5
42,2011,1,269.0,555.5
42,2011,1,449.5,559.5
42,2011,1,357.0,394.5
42,2011,0,293.5,463.0
42,2012,1,267.5,561.0
42,2012,1,357.8,395.2
42,2012,0,293.5,464.0
42,2012,1,450.5,560.0
42,2013,1,264.5,563.5
42,2013,1,449.5,561.0
42,2014,1,267.0,564.0
42,2014,1,359.5,396.2
42,2014,1,405.5,479.0
42,2014,0,294.5,469.0
42,2014,1,454.8,569.0
42,2015,1,245.6,570.0
42,2015,1,439.5,570.0
42,2015,1,388.5,478.8
42,2016,1,286.0,470.0
42,2016,1,241.0,564.5
42,2016,0,270.5,459.5
42,2017,1,236.0,563.0
42,2017,1,385.0,469.5
42,2018,1,274.5,467.0
42,2018,1,224.8,571.0
42,2018,1,379.0,304.2
42,2018,1,377.8,470.8
42,2018,0,258.9,451.8
42,2018,1,330.2,379.2
42,2019,1,270.5,469.8
42,2019,1,218.0,581.0
42,2019,1,269.5,472.5
42,2019,1,373.5,468.5
42,2019,0,253.1,455.0
42,2020,1,264.0,468.0
42,2020,1,369.5,474.5
42,2020,1,426.5,583.0
42,2020,1,208.5,586.0
42,2020,0,246.6,458.0
42,2020,0,188.8,446.2
42,2021,1,360.8,472.5
42,2021,1,254.0,471.5
42,2021,1,637.0,586.0
42,2021,1,419.0,584.0
42,2021,1,312.2,377.2
42,2022,1,234.5,470.2
42,2022,1,170.2,602.5
42,2022,0,215.5,461.5
42,2022,1,400.5,585.0
42,2022,1,618.0,572.0
42,2022,0,357.0,443.5
42,2023,1,228.8,463.8
42,2023,1,337.8,456.0
42,2023,1,396.5,580.0
42,2023,1,160.5,593.0
42,2023,1,337.5,456.5
42,2024,1,219.0,468.2
42,2024,1,391.5,585.0
42,2024,0,343.0,443.5
42,2024,1,146.0,608.0
42,2025,1,210.5,473.2
42,2025,1,325.0,469.8
42,2025,0,186.8,464.5
42,2025,0,50.6,479.5
42,2025,1,129.9,598.0
42,2026,1,211.0,474.0
42,2026,1,325.5,468.5
42,2027,1,218.2,480.0
42,2027,1,403.0,621.0
42,2027,1,334.5,465.8
42,2028,1,216.0,476.2
42,2028,1,123.4,639.0
42,2028,1,334.5,468.0
42,2028,0,189.2,463.0
42,2028,0,15.9,498.5
42,2028,1,405.2,626.5
42,2029,1,217.6,481.5
42,2029,1,336.5,471.5
42,2029,0,7.7,521.0
42,2029,1,121.2,639.0
42,2029,1,405.5,269.0
42,2030,1,214.5,466.0
42,2030,1,283.0,360.0
42,2031,1,216.2,468.8
42,2031,1,339.0,461.8
42,2031,0,501.5,443.8
42,2032,1,627.0,383.2
42,2032,1,338.5,447.0
42,2032,1,283.0,359.5
42,2032,0,354.0,436.5
42,2032,1,213.5,473.0
42,2033,1,217.9,469.0
42,2033,1,429.5,624.0
42,2033,1,344.5,449.5
42,2033,0,360.2,431.0
42,2033,0,542.0,461.5
42,2033,1,91.8,640.0
42,2034,1,234.5,463.5
42,2034,0,578.0,467.5
42,2034,1,362.0,448.5
42,2034,1,107.6,639.0
42,2034,1,107.4,640.0
42,2035,1,460.0,637.0
42,2035,1,238.5,467.0
42,2035,1,367.0,453.8
42,2035,1,107.6,640.0
42,2035,1,309.5,344.2
42,2035,1,237.2,469.5
42,2036,1,467.2,628.5
42,2036,1,369.0,453.5
42,2036,1,239.8,473.0
42,2036,1,107.4,640.0
42,2037,1,474.0,632.0
42,2037,1,242.1,469.5
42,2037,0,629.5,508.0
42,2037,1,372.8,454.0
42,2037,1,105.4,640.0
42,2037,0,390.0,437.5
42,2037,1,313.0,349.0
42,2038,1,242.8,470.0
42,2038,1,101.6,640.0
42,2038,1,478.0,640.0
42,2038,1,374.0,454.8
42,2038,0,391.5,435.0
42,2039,1,241.5,469.0
42,2039,1,98.4,640.0
42,2039,1,373.2,447.0
42,2039,0,444.0,524.0
42,2039,1,478.2,633.5
42,2039,1,314.0,343.0
42,2039,0,391.5,427.2
42,2039,0,362.0,433.5
42,2040,1,244.0,463.8
42,2040,1,377.0,448.5
42,2040,1,486.0,640.0
42,2041,1,490.8,635.0
42,2041,1,245.2,462.0
42,2041,1,379.2,445.0
42,2041,0,398.0,437.0
42,2041,0,421.5,548.5
42,2042,1,493.0,636.0
42,2042,1,243.6,467.0
42,2042,1,378.0,445.5
42,2042,1,90.0,640.0
42,2042,0,397.0,426.5
42,2042,0,265.0,415.0
42,2042,0,452.8,487.0
42,2043,1,494.8,634.5
42,2043,1,241.5,460.0
42,2043,1,377.0,443.5
42,2043,1,81.0,639.5
42,2044,1,506.0,639.0
42,2044,1,244.5,467.5
42,2044,1,381.8,449.0
42,2044,1,78.4,640.0
42,2044,1,532.0,639.0
42,2044,0,370.0,432.5
42,2045,1,245.0,470.5
42,2045,1,383.5,452.0
42,2045,1,513.9,640.0
42,2045,0,245.5,471.2
42,2045,1,277.0,408.5
42,2046,1,242.2,465.0
42,2046,1,382.5,449.5
42,2046,0,177.2,589.0
42,2046,1,514.9,627.5
42,2047,1,518.0,640.0
42,2047,1,243.0,469.0
42,2047,1,56.2,640.0
42,2047,1,383.5,447.5
42,2047,0,472.0,524.0
42,2047,0,175.0,588.0
42,2047,0,432.5,556.0
42,2047,0,265.0,406.5
42,2048,1,520.0,640.0
42,2048,1,241.4,469.0
42,2048,0,472.2,521.0
42,2048,1,50.0,640.0
42,2048,1,383.0,452.0
42,2048,0,432.5,556.0
42,2049,1,530.5,640.0
42,2049,1,244.0,473.0
42,2049,1,386.0,449.5
42,2049,1,46.6,640.0
42,2049,1,632.5,640.0
42,2049,0,47.1,640.0
42,2049,0,479.0,559.0
42,2049,1,277.8,409.0
42,2050,1,532.0,639.0
42,2050,1,383.5,449.0
42,2050,1,239.5,470.5
42,2050,0,102.4,491.0
42,2050,0,165.8,556.0
42,2051,1,539.5,638.0
42,2051,1,384.8,449.0
42,2051,1,239.8,471.0
42,2052,1,386.5,454.0
42,2052,1,240.2,472.0
42,2052,1,543.0,640.0
42,2052,0,264.5,414.8
42,2052,0,12.2,510.5
42,2052,0,14.6,640.0
42,2053,1,551.0,640.0
42,2053,1,386.8,451.5
42,2053,0,491.5,569.0
42,2053,1,239.4,474.2
42,2053,0,5.1,516.0
42,2053,0,90.3,500.5
42,2053,1,8.1,640.0
42,2054,1,557.0,639.5
42,2054,1,388.0,449.0
42,2054,1,240.1,474.0
42,2054,0,3.8,522.0
42,2054,0,85.6,501.0
42,2054,0,495.2,568.0
42,2054,0,412.5,424.5
42,2055,1,560.0,639.0
42,2055,1,388.2,451.5
42,2055,1,238.9,475.0
42,2055,0,499.0,575.5
42,2055,0,156.8,588.0
42,2055,0,500.5,618.5
42,2056,1,566.0,640.0
42,2056,1,389.5,450.2
42,2056,1,239.2,475.0
42,2056,0,39.9,508.5
42,2056,0,265.5,424.0
42,2056,0,77.8,504.5
42,2056,0,413.5,429.0
42,2056,0,502.0,571.5
42,2057,1,579.0,639.0
42,2057,1,240.8,478.8
42,2057,1,392.0,457.0
42,2057,1,278.0,408.0
42,2057,0,502.0,590.0
42,2058,1,586.5,639.0
42,2058,1,393.0,459.0
42,2058,1,240.2,480.0
42,2058,0,454.8,597.5
42,2058,0,67.7,511.5
42,2058,1,277.5,412.0
42,2059,1,592.0,638.5
42,2059,1,391.8,466.0
42,2059,1,238.2,482.8
42,2059,1,613.5,55.3
42,2060,1,604.5,639.0
42,2060,1,394.5,468.5
42,2060,1,239.5,488.5
42,2060,0,58.9,517.5
42,2061,1,611.0,640.0
42,2061,1,239.2,490.0
42,2061,0,59.3,525.0
42,2061,1,395.0,472.0
42,2061,1,278.0,418.2
42,2061,0,521.5,634.5
42,2062,1,617.5,639.0
42,2062,0,50.1,528.5
42,2062,1,394.0,477.5
42,2062,1,237.1,494.0
42,2062,0,7.7,488.2
42,2062,1,78.1,493.5
42,2063,1,625.0,640.0
42,2063,0,50.1,532.0
42,2063,1,238.5,490.8
42,2063,1,397.0,471.8
42,2063,0,464.2,623.5
42,2063,0,424.5,533.0
42,2063,1,325.0,344.0
42,2064,1,398.0,476.0
42,2064,1,238.2,491.0
42,2064,0,43.0,541.5
42,2064,0,630.0,602.0
42,2065,1,398.2,477.5
42,2065,1,238.0,495.0
42,2065,0,266.5,442.8
42,2065,0,143.8,545.0
42,2065,0,136.8,546.0
42,2065,0,634.0,502.5
42,2065,0,146.8,428.0
42,2065,0,489.0,410.8
42,2066,1,399.0,480.0
42,2066,0,138.4,635.0
42,2066,1,236.5,497.8
42,2066,1,19.9,556.0
42,2066,0,191.8,577.0
42,2066,0,496.5,420.0
42,2066,0,141.5,431.0
42,2067,1,399.0,483.5
42,2067,1,234.9,504.0
42,2067,0,138.2,440.0
42,2067,0,497.5,426.2
42,2068,1,401.8,482.5
42,2068,1,236.5,500.2
42,2068,1,278.5,419.5
42,2068,1,370.2,410.2
42,2069,1,400.5,477.5
42,2069,1,234.0,503.5
42,2069,0,131.9,435.0
42,2069,0,503.5,420.5
42,2069,0,108.0,447.0
42,2069,0,265.5,444.5
42,2069,0,540.0,407.0
42,2069,0,381.0,414.0
42,2070,1,400.5,478.0
42,2070,1,232.5,506.0
42,2070,0,507.0,421.5
42,2070,0,264.0,444.2
42,2070,0,472.8,391.0
42,2070,0,119.2,623.0
42,2071,1,232.6,509.0
42,2071,1,403.0,485.5
42,2071,0,512.0,427.2
42,2071,1,325.0,345.0
42,2071,0,487.0,402.2
42,2071,0,119.3,638.0
42,2071,1,370.2,408.5
42,2071,0,475.5,389.0
42,2072,1,232.5,508.5
42,2072,0,515.0,422.0
42,2072,1,403.8,481.5
42,2072,1,278.0,420.5
42,2072,0,382.8,404.0
42,2073,1,230.0,515.0
42,2073,1,409.5,491.5
42,2073,1,593.0,475.2
42,2073,0,170.0,589.5
42,2073,1,277.8,423.8
42,2073,0,446.0,472.5
42,2073,0,390.0,462.5
42,2074,1,593.0,478.0
42,2074,1,408.5,493.0
42,2074,1,227.5,513.0
42,2074,0,101.2,446.5
42,2074,0,388.0,462.0
42,2074,1,372.0,415.0
42,2074,0,593.5,478.5
42,2075,1,407.5,495.0
42,2075,0,97.8,448.5
42,2075,0,547.5,440.2
42,2075,1,592.5,478.5
42,2075,1,225.4,515.5
42,2075,1,369.5,412.8
42,2075,1,274.0,422.5
42,2075,1,86.3,450.0
42,2075,0,594.0,478.8
42,2076,1,410.5,495.5
42,2076,1,228.9,518.0
42,2076,0,263.0,451.0
42,2076,0,101.0,447.0
42,2076,1,597.0,482.0
42,2076,0,389.0,463.5
42,2076,0,388.0,432.5
42,2076,0,167.8,593.5
42,2076,0,262.8,438.5
42,2077,1,228.5,518.5
42,2077,1,410.5,495.8
42,2077,1,598.0,482.5
42,2077,0,165.6,600.0
42,2077,0,558.0,465.0
42,2077,1,374.0,419.8
42,2077,0,263.0,450.5
42,2077,0,388.5,431.2
42,2077,0,389.5,453.0
42,2078,1,409.2,495.0
42,2078,0,558.0,448.0
42,2078,1,226.5,518.5
42,2078,1,597.0,485.5
42,2078,1,328.0,347.5
42,2078,0,96.5,447.5
42,2078,0,487.0,388.8
42,2079,1,408.0,499.8
42,2079,1,596.0,487.5
42,2079,0,557.5,455.8
42,2079,1,370.5,417.0
42,2079,1,273.2,429.0
42,2079,1,224.4,518.5
42,2080,1,410.8,498.2
42,2080,1,600.5,486.0
42,2080,1,226.9,522.5
42,2080,0,561.5,447.5
42,2080,1,327.8,349.0
42,2080,0,389.5,465.8
42,2080,0,388.2,434.5
42,2081,1,603.0,486.2
42,2081,0,74.1,639.5
42,2081,1,226.5,520.5
42,2081,1,412.0,498.0
42,2081,0,389.0,429.5
42,2081,1,329.5,347.8
42,2081,0,12.5,529.0
42,2082,1,606.0,494.8
42,2082,1,412.5,500.5
42,2082,1,329.0,347.0
42,2082,1,374.0,419.5
42,2082,0,456.2,592.0
42,2082,1,224.5,518.5
42,2083,1,609.0,497.8
42,2083,1,225.4,516.5
42,2083,1,277.5,421.0
42,2083,0,83.5,446.0
42,2083,1,330.5,347.0
42,2084,1,610.0,461.5
42,2084,1,417.0,502.0
42,2084,0,75.6,445.0
42,2084,1,225.2,518.0
42,2084,0,393.8,466.0
42,2084,1,84.9,442.2
42,2084,1,376.0,414.5
42,2085,1,416.2,502.5
42,2085,0,612.0,462.0
42,2085,1,222.5,517.0
42,2085,0,70.6,447.0
42,2086,1,417.8,507.5
42,2086,1,612.5,461.5
42,2086,0,9.3,499.0
42,2086,0,131.5,441.5
42,2086,0,612.0,462.0
42,2086,1,222.2,522.5
42,2086,0,157.5,430.0
42,2086,1,376.5,417.0
42,2086,1,618.0,462.0
42,2087,1,420.5,506.2
42,2087,0,621.0,470.0
42,2087,0,394.5,432.5
42,2087,1,277.8,419.5
42,2087,1,27.4,570.0
42,2087,1,222.2,526.0
42,2087,0,521.0,394.0
42,2087,1,330.5,343.5
42,2087,0,635.0,457.5
42,2087,0,156.6,431.0
42,2088,1,420.8,508.5
42,2088,1,625.0,479.0
42,2088,1,626.0,480.5
42,2088,0,526.5,393.0
42,2088,1,277.2,421.0
42,2088,1,221.5,534.0
42,2088,0,471.8,597.5
42,2088,0,395.8,443.5
42,2089,1,632.5,492.0
42,2089,1,424.2,516.5
42,2089,1,278.0,428.5
42,2089,0,167.0,435.5
42,2089,0,397.5,464.5
42,2089,1,221.8,539.5
42,2089,0,532.0,394.8
42,2089,1,23.7,498.5
42,2089,0,397.0,440.0
42,2090,1,633.0,495.5
42,2090,1,424.0,512.5
42,2090,1,219.0,538.5
42,2090,1,16.6,489.5
42,2090,0,533.0,393.5
42,2090,1,277.0,430.8
42,2090,0,260.8,432.2
42,2090,1,329.8,346.5
42,2090,0,397.0,452.0
42,2090,1,277.5,428.2
42,2091,1,217.0,542.5
42,2091,0,540.0,390.5
42,2091,0,98.4,482.0
42,2091,1,277.5,432.0
42,2091,0,399.0,470.0
42,2091,0,260.5,434.2
42,2091,0,442.5,511.0
42,2091,1,425.8,512.5
42,2091,1,278.2,426.0
42,2092,1,217.0,544.0
42,2092,1,277.8,431.8
42,2092,0,545.5,394.5
42,2092,0,399.5,452.5
42,2092,1,427.5,517.5
42,2092,0,582.0,508.5
42,2093,1,214.8,544.0
42,2093,0,398.8,460.8
42,2093,0,100.9,458.0
42,2093,1,427.0,515.5
42,2093,0,398.5,440.5
42,2093,1,8.4,576.0
42,2093,1,6.2,574.0
42,2094,1,215.5,547.0
42,2094,1,4.4,532.0
42,2094,1,278.2,430.0
42,2094,1,5.0,576.5
42,2094,1,430.5,515.0
42,2094,0,403.0,471.0
42,2094,0,261.0,433.5
42,2095,1,212.5,553.5
42,2095,0,402.2,480.2
42,2095,1,430.8,517.5
42,2095,0,91.2,464.5
42,2095,1,276.5,432.0
42,2095,1,330.0,343.5
42,2096,1,210.9,555.5
42,2096,1,277.0,431.0
42,2096,0,404.0,486.5
42,2096,1,432.8,529.0
42,2097,1,437.0,534.5
42,2097,1,211.6,553.5
42,2097,0,404.8,478.0
42,2097,0,454.2,521.0
42,2097,1,277.8,433.0
42,2097,0,131.2,445.5
42,2098,1,438.5,534.5
42,2098,1,209.5,550.5
42,2098,0,406.8,475.0
42,2098,0,457.5,521.0
42,2098,1,6.1,45.5
42,2098,1,277.5,424.0
42,2098,0,405.8,453.2
42,2098,1,385.2,423.5
42,2099,1,439.5,532.5
42,2099,1,208.1,551.5
42,2099,0,406.0,442.0
42,2099,0,406.8,474.5
42,2099,1,385.0,418.2
42,2099,0,458.8,522.0
42,2099,1,277.0,422.2
42,2099,1,386.2,420.5
42,2099,0,3.3,468.0
42,2100,1,439.0,534.0
42,2100,0,405.5,474.5
42,2100,1,204.9,554.0
42,2100,1,275.0,421.0
42,2100,0,458.5,524.0
42,2100,0,404.8,444.0
42,2100,0,63.4,457.0
42,2100,1,274.0,424.0
42,2100,0,425.5,520.0
42,2100,1,275.0,423.5
42,2101,0,407.5,475.0
42,2101,1,442.5,536.5
42,2101,1,385.0,416.8
42,2101,1,204.8,553.0
42,2101,1,276.5,421.0
42,2101,1,142.5,436.5
42,2102,0,408.0,474.5
42,2102,1,275.0,421.5
42,2102,1,385.0,418.0
42,2102,1,200.9,557.5
42,2102,1,444.0,538.5
42,2102,0,45.4,459.5
42,2103,1,201.5,562.5
42,2103,1,385.5,417.2
42,2103,1,276.2,423.2
42,2103,0,409.2,471.0
42,2104,1,200.5,563.5
42,2104,0,34.2,470.0
42,2104,1,276.5,422.0
42,2104,1,387.0,417.0
42,2104,0,411.0,469.2
42,2105,1,199.0,567.0
42,2105,0,28.4,475.0
42,2105,1,387.0,421.0
42,2105,0,411.5,474.0
42,2105,1,276.2,423.0
42,2106,1,197.2,576.0
42,2106,0,19.7,482.0
42,2106,0,412.0,482.0
42,2106,1,450.5,552.0
42,2106,1,276.0,429.0
42,2106,1,387.5,420.5
42,2106,0,472.5,538.5
42,2107,1,453.0,555.0
42,2107,1,197.0,578.0
42,2107,0,476.0,547.5
42,2107,0,126.9,492.0
42,2107,0,414.5,480.5
42,2107,0,413.5,456.0
42,2107,0,12.2,483.0
42,2107,1,388.5,422.5
42,2107,1,275.8,428.5
42,2107,1,452.0,529.0
42,2108,1,196.2,580.5
42,2108,1,454.8,554.5
42,2108,1,389.5,420.0
42,2108,0,6.5,510.5
42,2108,1,276.5,429.2
42,2108,1,622.0,400.5
42,2108,0,438.0,522.0
42,2108,0,416.0,479.5
42,2109,1,195.4,583.5
42,2109,1,458.5,556.5
42,2109,1,391.0,420.2
42,2109,0,39.4,638.5
42,2109,1,277.0,428.5
42,2109,1,194.5,545.5
42,2110,1,460.0,560.5
42,2110,0,417.8,486.0
42,2110,1,391.2,417.5
42,2110,0,438.5,495.5
42,2110,0,616.0,394.5
42,2110,0,254.8,432.0
42,2110,1,277.0,430.2
42,2111,1,279.0,431.5
42,2111,1,464.5,565.5
42,2111,0,421.0,488.0
42,2111,1,393.5,421.8
42,2111,0,420.5,454.0
42,2111,1,194.6,591.5
42,2111,1,193.8,549.0
42,2111,0,489.2,607.0
42,2112,0,418.5,489.5
42,2112,1,391.8,424.5
42,2112,1,463.0,569.5
42,2112,0,483.8,545.5
42,2112,0,439.2,500.0
42,2113,1,465.5,579.0
42,2113,0,420.2,496.0
42,2113,0,487.5,559.5
42,2113,1,393.0,428.5
42,2113,0,442.8,510.0
42,2113,1,464.5,544.0
42,2114,1,466.0,582.0
42,2114,1,187.4,600.0
42,2114,1,391.5,427.0
42,2114,0,419.5,497.8
42,2114,0,442.8,518.5
42,2114,0,419.8,469.0
42,2115,1,470.8,584.0
42,2115,0,625.5,418.2
42,2115,0,423.5,491.0
42,2115,1,279.0,437.0
42,2115,0,636.0,410.0
42,2115,0,425.0,499.0
42,2116,1,473.0,585.0
42,2116,1,278.5,435.5
42,2116,0,424.0,482.5
42,2116,0,425.5,500.0
42,2116,1,188.2,600.5
42,2116,1,395.0,429.2
42,2117,1,281.0,434.0
42,2117,0,428.2,488.5
42,2117,1,398.5,425.8
42,2117,1,478.2,585.0
42,2117,0,428.0,454.0
42,2117,0,5.2,640.0
42,2118,1,281.2,433.5
42,2118,0,429.5,459.5
42,2118,0,507.5,571.0
42,2118,1,399.0,427.0
42,2118,0,455.0,544.0
42,2118,1,479.0,556.0
42,2119,1,482.0,594.0
42,2119,1,281.2,435.0
42,2119,1,187.9,605.0
42,2119,0,457.2,545.0
42,2119,1,399.5,427.0
42,2119,0,431.0,488.5
42,2119,0,430.5,455.0
42,2119,0,455.0,517.5
42,2120,1,485.5,595.0
42,2120,1,402.0,427.5
42,2120,0,10.4,508.5
42,2120,0,461.0,550.0
42,2120,0,634.5,506.2
42,2120,0,432.5,458.8
42,2120,0,637.0,410.0
42,2120,1,188.2,607.0
42,2121,1,485.5,594.0
42,2121,1,401.0,423.5
42,2121,1,281.8,432.0
42,2121,1,185.5,608.5
42,2121,0,461.5,550.5
42,2121,0,432.2,458.5
42,2121,0,7.1,482.0
42,2122,1,489.0,599.5
42,2122,1,186.2,612.5
42,2122,0,434.8,460.5
42,2122,0,4.9,465.5
42,2122,0,464.0,552.0
42,2122,1,402.0,425.5
42,2123,1,489.5,602.5
42,2123,0,435.8,503.0
42,2123,1,183.9,616.0
42,2123,1,402.2,426.0
42,2123,1,487.2,574.5
42,2123,1,282.5,435.8
42,2124,1,488.8,603.0
42,2124,0,462.0,546.0
42,2124,1,401.5,430.0
42,2124,1,280.5,437.0
42,2124,0,433.0,462.0
42,2125,1,493.8,606.5
42,2125,0,466.8,559.0
42,2125,1,182.8,625.0
42,2125,0,436.2,460.0
42,2125,0,636.0,429.5
42,2125,1,493.0,621.0
42,2125,0,525.0,619.5
42,2125,1,282.5,437.8
42,2126,1,492.0,606.0
42,2126,0,435.8,507.0
42,2126,1,280.5,439.5
42,2126,1,402.0,430.5
42,2126,1,178.5,629.5
42,2126,0,635.0,424.2
42,2126,0,435.2,485.2
42,2127,1,492.5,608.5
42,2127,1,176.1,636.5
42,2127,1,279.5,442.5
42,2127,0,435.0,505.2
42,2127,1,178.2,634.0
42,2127,0,635.0,424.5
42,2127,0,434.5,473.2
42,2127,1,401.0,429.0
42,2127,1,400.8,431.5
42,2128,1,489.5,609.0
42,2128,1,399.0,431.5
42,2128,0,431.5,463.0
42,2128,1,170.2,635.5
42,2128,0,462.0,562.0
42,2128,1,487.5,585.0
42,2129,1,485.0,613.0
42,2129,0,426.5,501.0
42,2129,1,392.5,434.0
42,2129,1,268.5,442.8
42,2129,0,454.5,520.0
42,2130,1,145.9,636.0
42,2130,0,425.8,512.5
42,2130,1,389.2,436.2
42,2130,1,485.8,624.0
42,2130,0,456.0,541.5
42,2130,0,453.5,530.5
42,2130,1,263.5,447.2
42,2130,0,423.8,472.5
42,2131,1,146.4,636.0
42,2131,0,426.5,504.5
42,2131,1,489.0,625.0
42,2131,1,391.0,436.5
42,2131,0,461.2,576.0
42,2131,1,264.2,446.8
42,2131,0,404.0,458.0
42,2131,0,457.5,529.5
42,2132,1,144.2,635.0
42,2132,0,426.2,504.5
42,2132,1,490.0,625.0
42,2132,1,390.8,435.5
42,2132,1,263.8,446.5
42,2132,0,461.0,577.0
42,2133,1,141.1,640.0
42,2133,0,426.0,511.0
42,2133,1,390.0,436.0
42,2133,1,487.5,634.0
42,2133,0,458.0,555.0
42,2134,0,425.2,511.0
42,2134,1,138.6,639.0
42,2134,0,455.2,528.0
42,2134,1,137.8,578.5
42,2134,1,487.8,623.0
42,2134,0,457.2,546.5
42,2134,1,10.7,486.5
42,2134,1,388.0,435.2
42,2135,1,138.8,639.0
42,2135,0,427.0,510.8
42,2135,1,491.5,633.5
42,2135,1,389.5,436.5
42,2135,1,483.8,628.0
42,2135,1,139.4,637.0
42,2135,0,459.5,563.0
42,2135,0,457.5,534.0
42,2135,1,262.2,447.8
42,2136,1,493.0,637.0
42,2136,0,427.8,512.0
42,2136,1,138.2,638.5
42,2136,1,486.0,632.0
42,2136,1,138.9,639.0
42,2136,1,390.5,435.5
42,2136,0,460.0,545.5
42,2137,1,492.0,638.0
42,2137,0,425.8,513.5
42,2137,1,135.6,597.0
42,2137,1,490.5,638.5
42,2137,0,458.0,533.5
42,2137,1,389.0,441.2
42,2137,1,261.2,453.2
42,2137,1,135.0,640.0
42,2137,1,487.8,610.5
42,2138,1,492.5,638.0
42,2138,0,425.8,519.0
42,2138,1,389.0,442.5
42,2138,1,134.5,631.5
42,2138,1,491.0,638.5
42,2138,1,489.0,640.0
42,2138,1,487.0,636.5
42,2139,1,492.5,636.0
42,2139,0,425.8,522.0
42,2139,1,485.0,637.0
42,2139,1,490.5,638.0
42,2139,1,132.3,636.0
42,2139,1,326.2,351.8
42,2139,0,458.0,549.0
42,2140,1,494.0,637.5
42,2140,0,425.8,520.5
42,2140,1,388.8,442.2
42,2140,1,490.0,604.5
42,2140,1,131.8,623.0
42,2140,1,326.5,351.5
42,2140,1,260.0,457.0
42,2141,1,494.5,640.0
42,2141,1,486.2,636.5
42,2141,0,426.2,522.0
42,2141,0,460.0,556.5
42,2141,1,492.5,638.5
42,2142,1,495.0,639.0
42,2142,1,486.0,632.0
42,2142,0,425.5,522.5
42,2142,0,611.0,415.0
42,2142,1,386.5,436.5
42,2143,0,426.5,522.5
42,2143,1,494.0,640.0
42,2143,1,387.5,439.5
42,2143,1,490.5,637.0
42,2143,0,461.0,557.0
42,2144,1,388.5,441.0
42,2144,0,428.0,525.0
42,2144,1,498.0,621.0
42,2144,0,462.8,555.0
42,2144,1,496.0,636.0
42,2144,1,123.6,594.0
42,2144,1,323.0,253.5
42,2145,0,427.5,524.5
42,2145,1,496.8,639.0
42,2145,1,119.6,629.0
42,2145,1,495.8,632.5
42,2146,0,429.0,521.5
42,2146,1,496.8,623.0
42,2146,0,632.0,417.5
42,2146,1,322.2,243.0
42,2146,1,497.0,638.5
42,2146,1,388.8,441.0
42,2147,1,498.0,623.0
42,2147,1,114.5,639.0
42,2147,0,427.0,527.0
42,2147,1,491.5,614.0
42,2147,1,497.0,639.0
42,2147,0,633.0,407.5
42,2148,0,430.0,534.0
42,2148,1,114.5,638.5
42,2148,0,467.8,562.0
42,2148,1,506.5,640.0
42,2148,1,500.5,631.0
42,2148,0,428.2,491.5
42,2148,1,389.0,444.8
42,2148,1,323.0,252.5
42,2149,1,509.0,637.5
42,2149,1,111.8,639.0
42,2149,0,431.0,535.5
42,2149,0,469.2,575.0
42,2149,1,323.0,245.5
42,2149,1,389.2,447.5
42,2150,1,111.0,640.0
42,2150,0,432.0,538.5
42,2150,1,512.1,637.0
42,2150,1,390.5,447.5
42,2150,0,471.0,551.5
42,2150,0,431.0,495.2
42,2151,1,107.4,639.0
42,2151,0,433.5,543.0
42,2151,1,390.8,451.0
42,2151,1,328.2,352.0
42,2151,0,472.5,569.0
42,2151,1,513.0,640.0
42,2152,0,431.8,545.0
42,2152,0,472.0,575.5
42,2152,1,104.2,627.0
42,2152,1,327.0,353.0
42,2152,1,324.5,245.8
42,2153,0,434.2,544.0
42,2153,1,514.0,635.0
42,2153,1,103.2,602.5
42,2153,1,390.5,453.0
42,2153,1,328.0,348.0
42,2154,1,518.5,640.0
42,2154,0,435.5,541.5
42,2154,1,523.5,635.0
42,2154,1,391.0,452.5
42,2154,1,101.1,639.0
42,2154,1,328.0,353.0
42,2155,1,520.9,638.5
42,2155,0,436.8,543.5
42,2155,1,527.0,635.5
42,2155,1,392.2,453.5
42,2155,1,100.8,631.0
42,2155,1,100.1,640.0
42,2155,1,329.5,353.0
42,2155,1,523.9,640.0
42,2155,0,479.2,587.5
42,2156,0,436.2,542.5
42,2156,1,521.0,639.0
42,2156,1,524.9,633.5
42,2156,1,391.8,452.5
42,2156,0,479.8,593.0
42,2156,1,525.0,640.0
42,2157,0,438.0,542.0
42,2157,1,525.9,640.0
42,2157,1,392.0,452.5
42,2157,0,481.5,586.0
42,2157,1,327.5,348.8
42,2157,1,93.2,611.0
42,2158,1,525.5,637.0
42,2158,0,438.8,545.0
42,2158,0,483.5,593.0
42,2158,1,88.8,640.0
42,2158,1,393.5,452.2
42,2158,1,89.2,640.0
42,2158,1,518.5,622.5
42,2158,1,255.1,460.0
42,2159,0,438.5,516.0
42,2159,1,525.0,632.0
42,2159,1,85.8,640.0
42,2159,0,439.5,548.0
42,2159,0,484.8,599.0
42,2159,1,393.5,454.0
42,2159,1,528.0,639.0
42,2159,1,86.2,625.0
42,2160,1,80.4,638.5
42,2160,0,440.0,527.5
42,2160,1,528.0,632.0
42,2160,1,323.8,245.8
42,2160,1,393.5,454.5
42,2160,0,487.0,601.5
42,2160,1,530.1,639.5
42,2161,1,79.6,639.5
42,2161,0,442.5,543.0
42,2161,1,532.0,640.0
42,2161,1,324.5,245.5
42,2161,1,532.5,639.0
42,2161,0,489.5,601.0
42,2162,0,442.0,546.5
42,2162,1,73.4,639.0
42,2162,1,531.1,640.0
42,2162,0,489.5,597.5
42,2162,1,393.8,454.2
42,2163,0,444.5,552.5
42,2163,1,537.0,638.0
42,2163,1,254.9,465.2
42,2163,0,493.5,605.5
42,2163,1,71.2,636.0
42,2163,1,323.5,254.8
42,2163,1,139.5,309.0
42,2163,1,395.0,452.5
42,2164,0,445.0,555.5
42,2164,1,541.0,638.0
42,2164,1,68.1,640.0
42,2164,1,139.0,311.8
42,2164,0,444.2,520.0
42,2164,0,495.5,617.0
42,2164,1,395.5,456.5
42,2164,1,254.8,469.5
42,2165,1,545.0,638.5
42,2165,0,445.5,558.5
42,2165,0,495.0,611.5
42,2165,1,252.6,471.0
42,2165,1,322.8,252.9
42,2165,1,613.5,639.5
42,2165,0,444.2,516.0
42,2165,1,324.0,365.5
42,2165,1,61.2,640.0
42,2166,0,447.5,561.0
42,2166,1,549.0,636.0
42,2166,1,396.0,457.2
42,2166,1,58.1,608.5
42,2166,1,552.5,639.5
42,2166,1,254.2,472.0
42,2166,1,58.3,640.0
42,2166,0,498.5,601.5
42,2167,0,450.5,560.0
42,2167,1,553.5,637.0
42,2167,1,57.8,611.0
42,2167,1,255.2,473.5
42,2168,0,451.0,561.0
42,2168,1,54.1,639.5
42,2168,1,255.6,472.5
42,2168,1,554.0,625.0
42,2168,0,632.0,469.0
42,2168,1,399.2,457.2
42,2169,1,47.7,640.0
42,2169,0,453.2,566.0
42,2169,1,255.8,475.0
42,2169,1,562.0,639.5
42,2169,1,399.5,458.5
42,2170,1,567.0,639.5
42,2170,0,453.0,568.5
42,2170,1,41.4,640.0
42,2170,1,254.8,476.2
42,2170,0,625.5,452.5
42,2171,1,564.0,638.0
42,2171,0,453.5,572.0
42,2171,1,36.5,640.0
42,2171,1,253.8,477.0
42,2171,1,576.0,640.0
42,2172,0,455.5,571.5
42,2172,1,571.5,640.0
42,2172,1,35.6,637.0
42,2172,1,254.5,477.0
42,2172,1,401.0,458.8
42,2173,1,578.5,640.0
42,2173,0,456.5,576.0
42,2173,1,29.3,572.0
42,2173,1,253.5,478.0
42,2173,1,400.8,461.2
42,2173,0,627.0,456.5
42,2174,0,460.8,580.5
42,2174,1,585.0,639.0
42,2174,1,27.3,568.0
42,2174,1,254.9,479.5
42,2174,0,422.0,455.8
42,2175,1,590.0,640.0
42,2175,1,22.6,639.0
42,2175,0,463.0,579.0
42,2175,1,255.9,478.5
42,2175,0,635.0,443.5
42,2175,0,617.0,434.5
42,2176,1,17.7,640.0
42,2176,1,599.0,640.0
42,2176,0,466.5,585.0
42,2177,1,598.0,640.0
42,2177,1,12.5,640.0
42,2177,0,464.5,590.0
42,2177,1,253.4,484.0
42,2177,0,422.0,459.0
42,2177,0,635.5,417.0
42,2178,0,468.5,597.5
42,2178,1,605.0,640.0
42,2178,1,255.6,484.5
42,2178,1,11.2,640.0
42,2178,1,406.0,472.0
42,2179,0,467.5,600.5
42,2179,1,610.5,640.0
42,2179,1,6.5,627.0
42,2179,1,253.6,485.5
42,2179,1,6.0,562.5
42,2180,0,470.0,605.5
42,2180,1,615.0,640.0
42,2180,1,331.0,250.2
42,2181,1,618.0,640.0
42,2181,0,472.0,604.5
42,2181,1,334.0,364.0
42,2181,1,407.8,479.0
42,2181,1,255.2,485.2
42,2182,0,473.0,608.0
42,2182,1,624.0,633.0
42,2182,1,254.0,483.0
42,2183,1,255.2,485.0
42,2183,1,332.8,363.5
42,2183,0,475.5,613.0
42,2184,0,479.5,605.0
42,2184,1,255.1,486.0
42,2184,1,104.2,462.0
42,2184,1,333.5,356.2
42,2185,1,334.0,359.5
42,2185,1,102.0,459.5
42,2185,1,410.5,478.5
42,2185,0,481.0,616.0
42,2185,1,254.8,486.5
42,2186,1,413.2,476.2
42,2186,0,485.2,620.0
42,2186,1,334.2,363.0
42,2187,0,485.5,620.5
42,2187,1,333.5,367.0
42,2187,1,255.0,487.5
42,2188,0,487.8,631.5
42,2188,1,333.5,366.5
42,2188,1,414.5,483.0
42,2189,0,487.2,637.0
42,2190,0,488.0,639.0
42,2191,1,414.5,486.5
42,2191,0,489.2,591.5
42,2192,0,487.5,589.0
42,2192,1,250.8,509.0
42,2193,0,495.2,585.5
42,2193,1,416.5,486.5
42,2194,1,416.0,485.0
42,2194,0,493.8,603.0
42,2195,0,497.2,593.5
42,2195,1,588.0,640.0
42,2196,0,500.5,600.0
42,2196,1,417.5,493.0
42,2196,1,6.1,167.6
42,2197,0,502.2,605.0
42,2197,1,172.5,281.0
42,2197,1,417.0,491.0
42,2198,0,503.0,601.5
42,2198,1,250.9,518.0
42,2198,1,332.5,379.5
42,2198,1,334.0,246.0
42,2198,1,417.2,495.0
42,2199,1,334.0,377.5
42,2199,0,507.0,608.5
42,2199,1,420.0,495.5
42,2199,1,5.6,265.8
42,2199,1,333.5,245.5
42,2200,1,594.5,469.0
42,2200,0,510.5,610.0
42,2200,1,421.2,498.5
42,2200,1,335.5,378.2
42,2200,1,609.5,639.5
42,2200,0,451.2,476.0
42,2201,1,421.5,500.8
42,2201,1,611.5,638.0
42,2201,0,511.5,620.0
42,2201,1,596.0,473.0
42,2201,1,334.5,379.8
42,2201,1,170.0,276.2
42,2202,1,88.8,492.5
42,2202,1,423.0,503.0
42,2202,1,336.5,380.5
42,2203,1,421.8,501.5
42,2203,1,334.5,378.8
42,2203,1,86.6,493.2
42,2204,0,520.5,622.0
42,2204,0,13.0,581.0
42,2204,1,427.5,503.5
42,2204,1,90.4,499.5
42,2204,0,611.5,484.0
42,2204,0,617.0,485.0
42,2204,0,13.8,565.0
42,2205,1,86.1,521.5
42,2205,1,609.0,474.2
42,2205,1,338.5,262.5
42,2205,1,427.2,510.0
42,2206,1,428.5,511.5
42,2206,1,80.8,514.0
42,2206,0,530.5,637.0
42,2207,1,428.5,512.5
42,2207,0,534.0,638.0
42,2207,1,248.5,529.0
42,2207,1,76.5,517.0
42,2207,1,341.8,365.5
42,2208,1,433.2,516.5
42,2208,0,543.0,640.0
42,2209,0,550.0,639.5
42,2209,1,628.5,504.5
42,2209,1,250.9,536.5
42,2209,0,476.8,502.5
42,2209,1,435.5,523.0
42,2210,0,480.0,510.0
42,2210,0,557.0,639.5
42,2210,1,436.5,530.0
42,2211,0,488.0,519.5
42,2211,0,571.0,639.5
42,2211,1,345.5,365.5
42,2212,0,596.5,640.0
42,2212,1,455.0,526.0
42,2212,1,83.7,552.0
42,2212,0,507.0,518.0
42,2212,1,356.0,364.8
42,2213,1,458.5,528.0
42,2213,0,509.5,525.0
42,2213,1,357.5,366.5
42,2213,0,603.0,640.0
42,2214,0,518.1,511.0
42,2214,1,359.5,367.0
42,2215,1,461.0,537.0
42,2215,0,518.0,521.0
42,2215,1,357.2,366.5
42,2216,0,626.0,640.0
42,2216,0,503.8,518.0
42,2216,1,343.8,367.5
42,2217,0,500.5,519.0
42,2217,1,335.8,381.5
42,2218,0,500.0,525.5
42,2218,1,437.0,541.0
42,2218,1,333.5,311.5
42,2218,1,332.0,367.2
42,2218,1,331.8,229.0
42,2219,0,502.0,527.5
42,2219,1,436.5,541.0
42,2220,1,9.0,546.5
42,2220,0,504.8,526.5
42,2220,1,329.5,368.5
42,2220,1,437.0,543.0
42,2221,1,328.2,368.2
42,2221,1,216.0,561.5
42,2222,1,413.5,224.5
42,2222,1,215.2,563.5
42,2222,0,512.9,535.5
42,2222,1,328.2,352.5
42,2223,1,327.2,352.5
42,2224,1,322.5,211.6
42,2224,1,438.8,555.0
42,2224,1,409.0,199.0
42,2224,1,204.9,571.5
42,2225,1,323.0,213.0
42,2225,1,109.1,262.0
42,2226,1,197.2,584.0
42,2226,1,320.5,214.2
42,2226,1,438.2,566.0
42,2228,1,318.0,211.2
42,2229,1,318.5,213.0
42,2229,1,318.5,292.0
42,2230,1,317.5,213.5
42,2231,1,318.0,212.0
42,2232,1,451.0,594.0
42,2232,1,319.2,214.2
42,2233,1,411.5,373.0
42,2233,1,217.4,351.5
42,2233,1,315.5,334.0
42,2233,1,453.5,606.0
42,2233,1,179.0,382.5
42,2233,1,314.0,198.5
42,2234,1,314.2,336.5
42,2234,1,203.4,389.5
42,2234,1,215.8,331.0
42,2234,1,169.0,576.5
42,2234,1,11.9,180.8
42,2235,1,460.0,621.0
42,2235,0,630.5,513.5
42,2235,1,312.5,336.5
42,2235,1,411.0,358.5
42,2235,1,413.0,363.0
42,2235,0,630.5,479.0
42,2235,1,211.8,311.0
42,2235,1,460.8,595.0
42,2236,1,470.0,639.0
42,2236,1,207.8,390.5
42,2236,1,137.8,638.5
42,2236,1,313.0,335.0
42,2236,1,412.0,363.0
42,2236,1,210.6,269.2
42,2237,1,311.5,331.0
42,2237,1,118.5,639.0
42,2237,1,203.0,399.0
42,2237,1,411.5,367.5
42,2237,1,205.5,398.5
42,2238,1,485.8,639.5
42,2238,1,310.5,329.5
42,2238,1,114.4,637.0
42,2238,1,203.5,398.5
42,2238,1,310.0,261.0
42,2238,1,113.5,639.5
42,2238,1,309.0,205.8
42,2238,1,411.5,380.5
42,2239,1,487.5,640.0
42,2239,1,307.5,206.1
42,2239,1,310.0,325.0
42,2239,1,314.5,390.5
42,2239,1,104.4,639.0
42,2239,1,203.0,336.5
42,2240,1,490.0,639.0
42,2240,1,487.5,639.5
42,2240,1,306.5,398.0
42,2240,1,202.1,391.2
42,2240,1,201.5,336.2
42,2241,1,491.0,639.5
42,2241,1,306.2,387.5
42,2241,1,309.0,329.8
42,2241,1,200.8,336.8
42,2242,1,499.0,638.5
42,2242,1,86.3,637.5
42,2242,1,309.0,388.0
42,2242,1,305.2,384.0
42,2242,1,84.9,639.0
42,2243,1,76.3,639.5
42,2243,1,80.0,625.0
42,2243,1,308.5,390.5
42,2243,1,307.0,204.8
42,2243,1,200.0,407.5
42,2243,1,411.0,398.5
42,2244,1,306.5,392.0
42,2244,1,197.4,415.5
42,2244,1,511.5,640.0
42,2244,1,412.2,392.0
42,2244,1,303.2,386.8
42,2244,0,14.1,481.5
42,2244,1,306.0,201.1
42,2245,1,519.0,639.5
42,2245,1,45.9,638.5
42,2245,1,308.0,391.0
42,2245,1,519.0,638.0
42,2245,1,303.8,386.8
42,2245,1,302.5,213.5
42,2245,0,629.0,639.5
42,2246,1,531.0,639.5
42,2246,1,26.1,640.0
42,2246,1,531.0,639.5
42,2247,1,10.2,640.0
42,2247,1,535.0,639.0
42,2247,1,14.8,640.0
42,2247,1,536.0,639.5
42,2247,1,21.5,449.5
42,2247,1,302.2,389.8
42,2247,1,410.0,394.0
42,2248,1,553.0,639.5
42,2248,1,550.0,638.0
42,2248,1,187.2,384.5
42,2248,1,300.0,333.5
42,2248,1,187.0,332.5
42,2248,1,409.0,416.5
42,2248,1,142.2,284.5
42,2249,1,562.0,639.0
42,2249,1,565.5,639.5
42,2249,1,412.0,399.2
42,2249,1,303.0,410.0
42,2250,1,579.0,640.0
42,2250,1,581.5,640.0
42,2250,1,11.3,638.0
42,2250,1,186.8,398.8
42,2250,1,302.5,399.5
42,2250,1,185.8,321.0
42,2250,1,412.0,402.0
42,2251,1,594.0,640.0
42,2251,1,183.8,400.2
42,2252,1,615.5,640.0
42,2252,1,13.9,276.2
42,2252,1,301.5,266.2
42,2252,1,353.8,106.4
42,2252,1,182.6,401.0
42,2252,1,90.6,320.0
42,2252,1,91.9,167.4
42,2253,1,411.8,409.5
42,2253,1,298.5,328.2
42,2253,1,409.0,324.0
42,2254,1,176.2,403.2
42,2254,1,20.5,258.0
42,2255,1,172.5,405.2
42,2255,1,297.5,323.2
42,2255,1,412.0,404.0
42,2255,1,12.6,267.2
42,2255,1,299.0,429.5
42,2256,1,12.2,266.0
42,2256,1,173.0,404.0
42,2257,1,170.9,409.2
42,2257,1,201.2,336.2
42,2257,1,105.3,299.0
42,2257,1,171.5,351.0
42,2257,1,170.8,406.2
42,2257,1,8.1,311.8
42,2258,1,531.5,376.0
42,2258,1,166.0,385.8
42,2258,1,166.9,357.2
42,2259,1,167.5,356.0
42,2259,1,167.0,394.5
42,2260,1,306.5,415.8
42,2260,1,174.2,397.5
42,2260,1,362.2,173.5
42,2260,1,427.5,378.0
42,2260,1,618.0,363.0
42,2260,1,422.0,262.5
42,2260,1,362.2,190.2
42,2260,1,485.5,168.2
42,2260,1,205.1,226.0
42,2261,1,363.0,217.4
42,2261,1,487.0,171.2
42,2261,1,423.8,264.8
42,2261,1,427.5,356.5
42,2261,1,304.8,432.2
42,2261,1,174.6,397.0
42,2261,1,8.3,327.5
42,2262,1,26.3,259.2
42,2262,1,427.0,287.0
42,2262,1,8.6,327.0
42,2263,1,431.5,383.5
42,2263,1,177.2,154.8
42,2263,1,620.5,364.2
42,2263,1,552.0,370.0
42,2264,1,623.0,364.0
42,2264,1,435.0,384.0
42,2264,1,10.9,229.5
42,2264,1,312.5,291.5
42,2264,1,9.9,366.0
42,2264,1,11.0,302.0
42,2265,1,441.2,354.0
42,2265,1,182.5,384.5
42,2265,1,184.6,249.5
42,2265,1,248.8,262.2
42,2265,1,332.5,224.8
42,2265,1,183.5,386.0
42,2265,1,53.4,238.0
42,2265,1,315.0,285.0
42,2265,1,377.0,274.5
42,2265,1,441.0,378.5
42,2265,1,182.1,441.0
42,2265,1,565.5,374.5
42,2265,1,623.5,368.8
42,2266,1,632.0,313.5
42,2266,1,140.0,235.0
42,2267,1,587.0,387.8
42,2267,1,329.0,283.5
42,2267,1,126.5,219.8
42,2267,1,330.0,357.0
42,2267,1,457.5,360.0
42,2267,1,142.8,226.5
42,2267,1,620.0,172.5
42,2268,1,591.0,390.0
42,2268,1,622.5,168.4
42,2268,1,10.8,219.6
42,2268,1,424.2,141.2
42,2268,1,329.5,287.0
42,2268,1,196.5,247.9
42,2269,1,424.8,139.8
42,2269,1,329.5,286.5
42,2269,1,196.6,249.0
42,2270,1,597.0,378.5
42,2270,1,329.5,286.5
42,2270,1,425.0,130.0
42,2271,1,418.0,159.0
42,2271,1,185.5,385.0
42,2271,1,518.0,164.0
42,2271,1,586.0,379.8
42,2271,1,186.0,244.2
42,2271,1,485.0,138.9
42,2271,1,218.5,189.8
42,2271,1,502.0,131.9
42,2271,1,185.0,434.0
42,2272,1,109.1,211.4
42,2272,1,379.5,151.6
42,2272,1,592.0,359.5
42,2272,1,179.2,137.8
42,2273,1,413.5,146.0
42,2273,1,74.0,199.5
42,2273,1,125.1,217.6
42,2273,1,379.5,165.5
42,2273,1,178.9,384.5
42,2273,1,90.9,211.9
42,2273,1,585.0,367.8
42,2273,1,5.8,298.0
42,2273,1,345.5,84.9
42,2274,1,312.2,252.5
42,2274,1,445.5,396.5
42,2274,1,408.0,133.2
42,2274,1,100.4,174.6
42,2274,1,628.0,275.0
42,2274,1,339.5,84.4
42,2274,1,13.1,203.2
42,2274,1,206.0,212.8
42,2274,1,171.8,249.8
42,2275,1,203.4,190.2
42,2275,1,339.5,98.9
42,2275,1,444.0,404.0
42,2275,1,170.0,385.8
42,2275,1,341.0,255.0
42,2275,1,374.5,201.9
42,2275,1,313.5,261.0
42,2275,1,408.0,146.9
42,2275,1,340.8,208.9
42,2275,1,62.5,207.0
42,2275,1,458.0,129.8
42,2276,1,461.2,92.2
42,2276,1,410.0,64.4
42,2276,1,312.8,254.9
42,2276,1,377.0,209.9
42,2276,1,410.5,142.2
42,2276,1,205.2,154.2
42,2276,1,275.0,157.0
42,2276,1,629.0,285.0
42,2276,1,460.5,105.9
42,2276,1,611.0,142.5
42,2276,1,171.5,385.0
42,2277,1,171.2,292.5
42,2277,1,377.5,200.6
42,2277,1,313.5,294.5
42,2277,1,274.5,144.6
42,2277,1,170.0,385.8
42,2277,1,204.8,124.6
42,2278,1,586.0,388.8
42,2278,1,377.5,162.2
42,2278,1,170.0,224.9
42,2278,1,170.2,328.5
42,2278,1,343.8,254.1
42,2278,1,273.8,157.5
42,2278,1,313.5,334.5
42,2278,1,446.0,181.1
42,2278,1,22.4,415.2
42,2278,1,313.2,271.0
42,2278,1,311.2,251.6
42,2278,1,579.0,168.8
42,2279,1,275.0,175.5
42,2279,1,332.5,175.5
42,2279,1,170.2,226.6
42,2279,1,22.4,415.0
42,2279,1,346.2,319.0
42,2279,1,345.5,265.0
42,2279,1,41.9,222.0
42,2279,1,150.5,231.9
42,2279,1,620.0,165.6
42,2279,1,587.0,370.8
42,2280,1,18.3,411.5
42,2280,1,202.5,255.0
42,2280,1,57.4,219.0
42,2280,1,274.0,173.8
42,2280,1,168.8,228.0
42,2280,1,167.5,381.2
42,2280,1,168.8,335.5
42,2280,1,602.5,144.2
42,2280,1,93.4,203.0
42,2280,1,345.5,319.0
42,2280,1,148.5,168.8
42,2280,1,620.0,150.5
42,2280,1,635.0,301.5
42,2280,1,274.5,156.5
42,2280,1,75.9,182.2
42,2280,1,331.2,146.2
42,2280,1,203.0,191.1
42,2281,1,15.1,412.2
42,2281,1,312.2,239.2
42,2281,1,90.0,227.5
42,2281,1,343.2,252.5
42,2281,1,413.5,150.8
42,2281,1,201.0,240.9
42,2281,1,603.0,146.6
42,2281,1,378.0,153.2
42,2281,1,166.2,231.6
42,2281,1,447.5,185.0
42,2281,1,166.2,419.2
42,2281,1,34.9,162.4
42,2281,1,635.0,301.8
42,2282,1,270.5,130.4
42,2282,1,13.3,416.0
42,2282,1,446.5,187.8
42,2282,1,342.0,236.4
42,2282,1,104.9,225.1
42,2282,1,69.1,226.0
42,2282,1,142.8,170.0
42,2282,1,377.5,218.0
42,2282,1,51.1,162.0
42,2282,1,378.0,295.2
42,2282,1,164.2,333.2
42,2282,1,69.1,185.8
42,2282,1,621.0,176.8
42,2282,1,465.5,182.2
42,2282,1,87.8,229.2
42,2282,1,634.0,303.5
42,2282,1,199.0,374.2
42,2283,1,446.2,179.5
42,2283,1,84.5,183.2
42,2283,1,376.5,208.6
42,2283,1,620.0,170.0
42,2283,1,29.0,167.5
42,2283,1,269.5,177.0
42,2283,1,412.0,156.5
42,2283,1,121.8,230.6
42,2283,1,325.5,193.8
42,2283,1,341.2,247.5
42,2283,1,17.8,416.5
42,2283,1,326.0,181.8
42,2283,1,140.6,169.6
42,2283,1,233.2,276.8
42,2283,1,602.0,149.1
42,2284,1,83.8,172.8
42,2284,1,27.3,163.8
42,2284,1,269.2,161.4
42,2284,1,341.8,245.0
42,2284,1,377.0,227.5
42,2284,1,15.5,413.5
42,2284,1,342.0,315.2
42,2284,1,447.0,179.0
42,2284,1,121.0,231.0
42,2284,1,233.1,262.0
42,2284,1,621.0,183.4
42,2284,1,140.0,168.2
42,2285,1,100.4,185.2
42,2285,1,268.8,157.8
42,2285,1,24.6,219.0
42,2285,1,446.5,180.4
42,2285,1,44.4,171.8
42,2285,1,585.5,392.2
42,2285,1,306.5,198.2
42,2285,1,16.2,403.0
42,2285,1,138.0,228.5
42,2285,1,341.5,276.5
42,2285,1,634.5,294.0
42,2286,1,266.0,163.4
42,2286,1,410.8,128.6
42,2286,1,78.5,192.5
42,2286,1,620.0,152.8
42,2286,1,445.8,190.8
42,2286,1,21.2,170.0
42,2286,1,59.0,214.4
42,2286,1,59.6,175.0
42,2286,1,325.8,180.8
42,2286,1,116.4,186.4
42,2286,1,156.2,329.5
42,2286,1,40.4,218.8
42,2287,1,76.0,182.1
42,2287,1,410.2,135.0
42,2287,1,445.0,186.8
42,2287,1,13.4,397.5
42,2287,1,18.6,163.8
42,2287,1,620.0,173.2
42,2287,1,264.5,171.2
42,2287,1,151.8,403.0
42,2287,1,155.0,232.8
42,2287,1,324.5,181.0
42,2287,1,633.5,292.5
42,2287,1,581.0,160.1
42,2287,1,154.2,304.2
42,2287,1,602.5,146.0
42,2287,1,304.0,388.2
42,2288,1,89.8,250.4
42,2288,1,187.2,146.1
42,2288,1,261.5,142.2
42,2288,1,620.0,153.8
42,2288,1,13.5,175.1
42,2288,1,304.0,387.2
42,2288,1,152.5,284.5
42,2288,1,91.2,185.0
42,2288,1,52.4,170.8
42,2288,1,90.1,324.2
42,2288,1,151.8,232.2
42,2288,1,11.8,401.8
42,2288,1,151.8,392.2
42,2288,1,408.2,140.8
42,2288,1,130.0,167.5
42,2288,1,602.0,137.8
42,2288,1,33.4,167.2
42,2289,1,68.5,169.5
42,2289,1,445.5,381.0
42,2289,1,9.4,281.2
42,2289,1,29.6,186.5
42,2289,1,106.6,340.5
42,2289,1,631.5,316.5
42,2289,1,126.1,173.2
42,2290,1,68.0,147.1
42,2290,1,444.5,171.0
42,2290,1,28.6,192.0
42,2290,1,106.4,343.5
42,2290,1,259.5,142.4
42,2290,1,148.4,399.0
42,2290,1,409.0,161.2
42,2290,1,8.4,291.0
42,2290,1,106.1,232.8
42,2290,1,27.9,224.1
42,2290,1,8.8,190.8
42,2290,1,26.8,324.8
42,2291,1,92.6,191.0
42,2291,1,342.0,290.0
42,2291,1,342.5,321.5
42,2291,1,265.8,152.9
42,2291,1,12.5,398.8
42,2291,1,415.0,126.6
42,2291,1,615.0,155.2
42,2291,1,73.4,233.9
42,2291,1,603.0,388.5
42,2291,1,378.5,275.0
42,2291,1,154.5,305.5
42,2291,1,631.5,294.0
42,2291,1,377.5,200.5
42,2291,1,14.5,175.8
42,2291,1,341.5,224.5
42,2291,1,631.0,165.5
42,2291,1,632.0,205.2
42,2291,1,153.0,235.1
42,2291,1,131.2,169.9
42,2292,1,382.8,105.1
42,2292,1,78.0,190.4
42,2292,1,13.2,395.5
42,2292,1,623.0,157.2
42,2292,1,19.9,166.8
42,2292,1,420.0,157.5
42,2292,1,270.2,171.1
42,2292,1,346.0,236.4
42,2292,1,531.0,150.8
42,2292,1,58.4,225.0
42,2292,1,269.8,133.0
42,2292,1,116.4,183.0
42,2292,1,331.0,166.8
42,2292,1,312.0,260.5
42,2292,1,456.0,250.9
42,2292,1,232.8,276.0
42,2292,1,476.0,166.6
42,2292,1,58.9,178.8
42,2292,1,346.5,317.0
42,2293,1,611.0,383.5
42,2293,1,466.2,383.2
42,2293,1,15.9,427.0
42,2293,1,426.5,113.2
42,2293,1,483.2,156.2
42,2293,1,84.1,164.8
42,2293,1,275.2,150.0
42,2293,1,26.2,225.2
42,2293,1,26.7,165.5
42,2293,1,318.5,248.8
42,2293,1,121.9,196.4
42,2293,1,46.2,172.5
42,2293,1,388.8,238.2
42,2294,1,621.0,384.5
42,2294,1,18.7,448.5
42,2294,1,108.1,173.9
42,2294,1,169.0,388.5
42,2294,1,358.0,230.5
42,2294,1,280.5,232.2
42,2294,1,169.0,306.0
42,2294,1,469.0,173.1
42,2294,1,546.5,151.8
42,2294,1,394.5,239.6
42,2294,1,432.0,129.6
42,2294,1,167.5,218.2
42,2294,1,51.2,155.8
42,2294,1,356.2,176.2
42,2294,1,168.9,358.5
42,2294,1,107.2,233.0
42,2294,1,106.6,343.5
42,2294,1,356.5,228.6
42,2295,1,623.0,363.0
42,2295,1,19.2,420.5
42,2295,1,285.5,104.4
42,2295,1,330.8,227.2
42,2295,1,114.4,159.0
42,2295,1,402.5,376.2
42,2295,1,349.5,165.9
42,2295,1,76.6,186.2
42,2295,1,133.1,181.5
42,2295,1,477.5,164.2
42,2295,1,555.0,150.5
42,2295,1,574.5,151.5
42,2295,1,497.5,137.6
42,2295,1,57.5,203.9
42,2295,1,400.8,159.8
42,2295,1,439.5,171.0
42,2296,1,448.8,125.8
42,2296,1,293.5,109.9
42,2296,1,84.9,163.9
42,2296,1,409.5,202.0
42,2296,1,336.0,386.2
42,2296,1,10.2,217.4
42,2296,1,527.0,159.0
42,2296,1,606.0,155.2
42,2296,1,141.2,190.6
42,2296,1,122.0,232.9
42,2296,1,339.5,221.2
42,2296,1,507.0,153.1
42,2296,1,122.5,171.8
42,2296,1,410.2,297.0
42,2296,1,182.2,387.5
42,2296,1,566.0,132.8
42,2296,1,491.0,374.5
42,2296,1,10.5,180.0
42,2297,1,502.5,377.5
42,2297,1,621.0,376.0
42,2297,1,132.0,149.2
42,2297,1,347.5,220.0
42,2297,1,579.0,144.2
42,2297,1,599.0,138.0
42,2297,1,459.0,105.2
42,2297,1,168.8,219.0
42,2297,1,519.0,124.6
42,2297,1,365.0,137.0
42,2297,1,76.4,154.2
42,2297,1,498.0,164.5
42,2297,1,539.0,154.8
42,2297,1,94.9,174.5
42,2297,1,266.0,269.8
42,2297,1,621.0,287.5
42,2297,1,598.5,108.4
42,2297,1,20.9,165.9
42,2297,1,57.7,139.6
42,2297,1,57.6,210.1
42,2297,1,380.5,228.8
42,2297,1,620.0,227.1
42,2297,1,623.0,382.0
42,2298,1,509.5,311.5
42,2298,1,140.0,149.1
42,2298,1,468.5,103.4
42,2298,1,158.5,176.8
42,2298,1,507.5,233.0
42,2298,1,591.0,169.2
42,2298,1,530.0,149.2
42,2298,1,391.0,293.5
42,2298,1,84.9,140.5
42,2298,1,549.5,152.6
42,2298,1,11.5,176.9
42,2298,1,390.5,231.8
42,2298,1,66.2,133.4
42,2298,1,611.0,152.2
42,2298,1,507.5,173.0
42,2298,1,199.9,306.5
42,2298,1,391.0,326.5
42,2298,1,234.5,241.0
42,2298,1,29.9,153.8
42,2299,1,116.6,156.2
42,2299,1,211.1,376.0
42,2299,1,527.0,379.8
42,2299,1,171.6,165.2
42,2299,1,189.8,181.8
42,2299,1,323.5,111.6
42,2299,1,370.0,376.5
42,2299,1,323.2,144.5
42,2299,1,547.0,158.1
42,2299,1,634.0,371.0
42,2299,1,523.5,238.0
42,2299,1,134.5,154.8
42,2299,1,546.0,150.1
42,2299,1,170.8,322.5
42,2299,1,525.0,304.0
42,2299,1,567.0,161.6
42,2299,1,45.1,155.0
42,2299,1,617.0,395.5
42,2299,1,98.8,160.5
42,2299,1,587.5,234.5
42,2299,1,523.0,171.0
42,2299,1,443.5,261.0
42,2299,1,153.2,165.5
42,2299,1,26.9,170.2
42,2299,1,484.0,137.5
42,2299,1,567.0,233.0
42,2300,1,126.6,174.0
42,2300,1,181.2,163.2
42,2300,1,108.9,167.5
42,2300,1,559.0,153.5
42,2300,1,332.8,152.8
42,2300,1,220.5,303.5
42,2300,1,538.0,295.8
42,2300,1,91.0,149.8
42,2300,1,537.0,251.1
42,2300,1,162.9,142.4
42,2300,1,602.0,215.4
42,2300,1,378.0,224.6
42,2300,1,21.8,181.4
42,2300,1,536.0,212.2
42,2300,1,296.0,275.5
42,2301,1,566.0,384.5
42,2301,1,28.7,198.2
42,2301,1,397.5,257.5
42,2301,1,399.0,382.0
42,2301,1,164.0,167.2
42,2301,1,217.9,217.5
42,2301,1,12.2,199.5
42,2301,1,45.7,195.0
42,2301,1,239.2,384.5
42,2301,1,477.0,253.0
42,2301,1,585.0,147.2
42,2301,1,313.2,259.8
42,2302,1,443.5,238.8
42,2302,1,24.9,288.0
42,2302,1,407.5,387.5
42,2302,1,625.0,389.5
42,2302,1,10.0,291.8
42,2302,1,72.6,206.9
42,2302,1,24.7,207.0
42,2302,1,138.4,217.9
42,2302,1,172.8,182.5
42,2302,1,360.5,267.5
42,2302,1,155.8,163.2
42,2302,1,488.0,250.4
42,2303,1,604.0,404.0
42,2303,1,264.0,386.0
42,2303,1,173.2,169.2
42,2303,1,264.0,234.8
42,2303,1,264.5,359.5
42,2303,1,377.8,302.0
42,2303,1,107.1,294.0
42,2304,1,617.5,394.8
42,2304,1,433.5,388.0
42,2304,1,11.6,402.0
42,2304,1,277.0,381.0
42,2304,1,476.2,233.2
42,2304,1,186.4,229.0
42,2304,1,522.5,249.5
42,2304,1,169.8,226.4
42,2304,1,524.0,387.2
42,2305,1,634.0,222.8
42,2305,1,404.0,87.9
42,2305,1,405.0,245.1
42,2305,1,539.0,229.8
42,2305,1,363.5,281.5
42,2305,1,593.0,384.5
42,2306,1,567.0,389.0
42,2306,1,28.8,163.4
42,2306,1,474.5,398.0
42,2306,1,306.0,382.0
42,2306,1,519.0,388.8
42,2306,1,473.8,224.1
42,2306,1,424.0,253.6
42,2306,1,202.0,231.8
42,2307,1,630.0,256.5
42,2307,1,72.6,398.8
42,2307,1,316.0,358.0
42,2307,1,432.8,84.6
42,2308,1,14.8,420.5
42,2308,1,410.2,306.5
42,2308,1,505.8,382.5
42,2308,1,604.0,361.0
42,2308,1,332.0,327.2
42,2309,1,623.5,367.0
42,2309,1,32.3,416.8
42,2309,1,525.0,377.8
42,2309,1,520.0,188.8
42,2309,1,620.5,291.0
42,2310,1,55.0,414.2
42,2311,1,571.0,384.0
42,2311,1,73.0,411.0
42,2311,1,603.0,370.2
42,2311,1,561.0,222.5
42,2311,1,568.0,384.5
42,2312,1,92.9,405.8
42,2312,1,588.0,379.5
42,2312,1,611.0,199.0
42,2312,1,595.0,370.2
42,2313,1,111.5,409.0
42,2313,1,609.0,388.0
42,2314,1,130.9,407.5
42,2314,1,628.0,383.5
42,2314,1,427.5,379.0
42,2314,1,567.5,197.5
42,2314,1,569.0,271.8
42,2315,1,150.8,407.5
42,2315,1,629.0,216.6
42,2315,1,629.0,160.0
42,2315,1,628.5,267.5
42,2315,1,431.5,622.0
42,2316,1,166.1,401.2
42,2316,1,561.5,381.5
42,2316,1,467.0,386.5
42,2316,1,621.0,369.0
42,2316,1,619.0,374.2
42,2316,1,617.0,277.0
42,2316,1,616.0,220.5
42,2316,1,564.0,385.8
42,2414,0,127.0,640.0
42,2414,0,463.5,561.5
42,2414,1,369.0,409.0
42,2414,1,442.5,533.5
42,2414,0,76.1,523.0
42,2414,0,275.0,462.5
42,2414,0,202.9,627.0
42,2414,1,246.9,527.5
42,2414,0,410.8,473.0
42,2414,0,274.2,480.0
42,2414,0,403.5,463.5
42,2414,0,273.0,491.5
42,2414,1,245.5,522.5
42,2414,0,411.5,489.0
42,2414,0,382.5,422.0
42,2414,0,52.8,547.5
42,2414,0,204.2,592.0
42,2414,1,388.2,441.8
42,2414,0,390.8,444.0
42,2414,0,275.8,452.8
42,2414,1,246.2,528.5
42,2414,1,303.0,408.8
42,2414,0,284.5,445.0
42,2415,0,408.0,459.5
42,2415,0,127.0,640.0
42,2415,0,468.5,556.5
42,2415,0,277.5,458.8
42,2415,1,446.2,526.0
42,2415,0,203.5,628.0
42,2415,0,278.5,460.0
42,2415,0,54.1,542.0
42,2415,1,392.5,438.5
42,2415,0,291.2,439.0
42,2415,0,396.5,442.0
42,2415,0,414.5,461.5
42,2415,0,413.2,465.0
42,2415,0,567.5,494.0
42,2415,1,250.0,528.0
42,2415,1,614.0,639.5
42,2415,1,435.0,516.5
42,2415,0,261.0,482.5
42,2415,0,415.2,467.5
42,2415,0,260.2,518.0
42,2415,0,387.5,427.0
42,2415,0,619.0,556.5
42,2416,0,120.4,640.0
42,2416,0,465.0,558.0
42,2416,1,443.2,532.0
42,2416,1,48.6,540.5
42,2416,0,404.2,457.5
42,2416,0,274.5,458.0
42,2416,0,411.8,464.0
42,2416,1,369.0,406.5
42,2416,0,200.5,613.5
42,2416,1,244.6,529.0
42,2416,0,154.5,469.0
42,2416,1,245.5,530.5
42,2416,1,388.0,440.5
42,2416,0,412.5,482.5
42,2416,0,382.5,418.0
42,2416,0,238.8,536.0
42,2416,0,273.8,460.5
42,2416,0,141.2,480.5
42,2416,1,244.8,528.5
42,2416,0,282.0,447.0
42,2416,1,245.8,532.0
42,2416,0,393.0,441.8
42,2417,0,122.6,639.5
42,2417,1,54.9,541.0
42,2417,0,409.0,457.5
42,2417,1,372.2,405.0
42,2417,0,624.0,567.0
42,2417,0,277.0,482.0
42,2417,0,203.2,636.0
42,2417,1,392.5,436.8
42,2417,0,278.5,463.8
42,2417,0,278.0,473.5
42,2417,0,470.5,556.5
42,2417,0,277.5,457.5
42,2417,1,30.0,122.9
42,2417,1,249.2,527.5
42,2417,0,387.8,425.0
42,2417,1,248.2,523.0
42,2417,0,397.8,443.0
42,2417,1,250.0,523.0
42,2417,0,122.1,469.0
42,2417,0,412.2,463.0
42,2418,0,113.5,639.0
42,2418,1,46.9,530.5
42,2418,0,413.2,464.5
42,2418,0,405.5,458.5
42,2418,0,274.0,459.8
42,2418,0,469.0,558.0
42,2418,0,198.5,619.0
42,2418,1,369.2,405.5
42,2418,0,406.5,458.0
42,2418,0,414.0,476.5
42,2418,1,244.8,533.0
42,2418,0,383.0,413.8
42,2418,0,273.0,462.5
42,2418,0,412.0,462.0
42,2418,0,284.0,442.0
42,2418,1,245.0,531.0
42,2418,0,281.8,445.2
42,2418,1,445.5,527.5
42,2418,1,369.5,406.5
42,2418,0,286.0,438.8
42,2418,0,434.5,518.5
42,2418,0,283.0,445.0
42,2418,0,392.8,442.2
42,2419,1,49.2,530.5
42,2419,0,115.4,639.5
42,2419,0,408.5,458.0
42,2419,0,277.5,459.0
42,2419,0,200.5,618.5
42,2419,0,519.0,595.5
42,2419,1,372.5,402.0
42,2419,0,471.0,561.5
42,2419,1,392.5,437.8
42,2419,0,397.5,442.0
42,2419,0,631.0,557.5
42,2419,0,386.5,419.5
42,2419,1,305.5,404.0
42,2419,1,244.0,529.5
42,2419,1,247.1,532.5
42,2419,1,372.5,402.5
42,2419,1,13.4,136.2
42,2419,1,246.6,526.0
42,2419,0,138.0,485.5
42,2420,1,46.9,534.5
42,2420,0,108.4,640.0
42,2420,0,276.8,458.5
42,2420,0,409.8,454.0
42,2420,0,472.5,560.5
42,2420,0,198.4,618.5
42,2420,1,373.0,402.0
42,2420,0,277.5,451.8
42,2420,1,245.5,522.0
42,2420,0,276.0,472.5
42,2420,0,387.5,418.5
42,2420,0,417.8,484.0
42,2420,1,392.5,432.0
42,2420,0,136.0,487.0
42,2420,1,306.2,400.5
42,2420,0,257.4,495.5
42,2420,1,449.5,532.5
42,2420,0,4.8,517.0
42,2420,1,373.8,402.0
42,2420,0,398.0,436.5
42,2420,1,246.5,526.5
42,2421,1,47.4,537.0
42,2421,0,108.9,639.0
42,2421,1,452.5,531.0
42,2421,0,474.2,558.5
42,2421,0,631.0,510.0
42,2421,0,277.8,454.5
42,2421,0,419.5,482.0
42,2421,0,410.5,454.0
42,2421,1,7.6,525.5
42,2421,0,198.8,617.0
42,2421,1,373.5,400.0
42,2421,1,247.6,528.0
42,2421,1,244.8,526.5
42,2421,1,374.0,397.5
42,2421,1,246.0,524.0
42,2421,1,305.5,397.5
42,2421,1,244.6,522.0
42,2421,0,291.0,429.5
42,2421,0,300.0,411.5
42,2421,0,134.2,483.0
42,2421,1,395.2,433.0
42,2422,0,106.2,639.5
42,2422,1,375.5,398.5
42,2422,0,276.8,483.0
42,2422,1,454.2,529.5
42,2422,0,421.0,482.5
42,2422,0,199.8,617.0
42,2422,1,48.3,538.0
42,2422,0,260.5,504.5
42,2422,0,633.0,510.0
42,2422,0,278.5,455.0
42,2422,1,249.4,529.5
42,2422,0,477.5,557.0
42,2422,0,411.8,454.0
42,2422,0,390.0,407.2
42,2422,1,6.4,578.0
42,2422,0,278.5,477.8
42,2422,1,242.0,524.5
42,2422,0,107.8,640.0
42,2422,0,130.4,489.8
42,2422,0,419.5,459.8
42,2422,1,6.7,515.5
42,2422,0,163.8,483.2
42,2423,0,99.1,640.0
42,2423,0,476.5,556.5
42,2423,1,453.5,530.0
42,2423,0,277.0,452.5
42,2423,1,373.5,395.5
42,2423,0,419.5,480.0
42,2423,1,246.5,523.5
42,2423,1,373.5,395.5
42,2423,0,411.0,448.5
42,2423,1,244.2,520.5
42,2423,1,306.0,396.5
42,2423,0,632.0,507.0
42,2423,0,277.5,454.8
42,2423,0,69.0,529.0
42,2423,0,196.0,621.5
42,2423,0,389.2,411.5
42,2423,0,410.5,450.8
42,2423,0,4.5,530.5
42,2423,0,300.5,405.8
42,2424,0,99.0,640.0
42,2424,1,244.0,522.5
42,2424,1,373.8,393.5
42,2424,0,196.9,622.0
42,2424,1,454.8,527.0
42,2424,0,480.5,552.5
42,2424,0,277.5,457.5
42,2424,0,421.0,480.0
42,2424,0,411.2,450.2
42,2424,1,374.0,394.5
42,2424,0,278.5,450.0
42,2424,0,389.0,407.8
42,2424,0,276.2,463.5
42,2424,0,124.8,488.5
42,2424,1,306.5,395.0
42,2424,0,412.5,450.5
42,2424,0,117.8,497.0
42,2424,0,419.5,458.0
42,2424,0,259.0,490.0
42,2424,0,3.9,542.0
42,2424,0,286.5,438.0
42,2425,0,95.8,640.0
42,2425,1,377.5,400.5
42,2425,0,422.8,456.0
42,2425,0,278.0,476.5
42,2425,0,278.8,454.5
42,2425,0,414.0,454.5
42,2425,0,196.4,635.0
42,2425,0,423.2,483.5
42,2425,0,391.0,406.0
42,2425,0,123.0,501.0
42,2425,1,310.0,402.2
42,2425,1,458.0,532.5
42,2425,0,260.2,511.0
42,2425,1,398.5,433.5
42,2425,0,277.0,484.2
42,2425,0,259.8,497.0
42,2425,0,156.0,489.0
42,2425,1,324.0,332.0
42,2425,0,446.0,493.0
42,2425,0,401.5,435.2
42,2425,1,248.2,537.0
42,2425,0,483.8,563.0
42,2426,0,89.2,640.0
42,2426,0,277.0,486.0
42,2426,1,458.8,535.0
42,2426,0,414.2,457.0
42,2426,0,423.5,485.5
42,2426,0,486.0,563.5
42,2426,0,115.9,505.5
42,2426,0,423.0,461.0
42,2426,0,195.0,633.0
42,2426,0,278.5,468.5
42,2426,1,376.5,401.8
42,2426,0,153.1,496.5
42,2426,0,422.0,479.5
42,2426,0,391.0,414.5
42,2426,1,609.5,433.0
42,2426,1,396.5,436.0
42,2426,0,446.2,479.5
42,2426,0,293.0,436.0
42,2426,0,277.5,459.5
42,2426,1,247.1,541.0
42,2426,0,401.5,439.8
42,2426,1,398.5,438.5
42,2426,1,245.2,532.0
42,2426,0,56.2,557.5
42,2426,0,169.0,478.2
42,2427,0,85.5,640.0
42,2427,0,116.8,510.0
42,2427,0,278.5,469.0
42,2427,0,415.0,459.2
42,2427,0,277.5,491.8
42,2427,0,620.0,514.0
42,2427,0,148.5,501.0
42,2427,0,486.2,569.0
42,2427,0,425.5,489.2
42,2427,1,377.8,403.5
42,2427,0,402.8,441.8
42,2427,1,460.0,542.5
42,2427,0,193.8,632.0
42,2427,1,310.0,408.0
42,2427,1,247.2,545.0
42,2427,0,293.5,441.0
42,2427,0,260.2,521.0
42,2427,0,278.8,479.5
42,2427,0,401.2,441.0
42,2427,0,392.0,413.5
42,2427,0,424.2,479.0
42,2427,0,394.0,419.0
42,2427,1,41.1,561.0
42,2427,0,279.0,456.5
42,2427,0,169.1,483.5
42,2427,0,258.2,519.5
42,2428,0,278.5,472.0
42,2428,1,377.8,406.0
42,2428,0,277.5,497.5
42,2428,1,462.8,551.0
42,2428,0,488.8,576.0
42,2428,0,80.7,640.0
42,2428,1,310.0,409.2
42,2428,0,403.0,442.8
42,2428,0,427.8,495.5
42,2428,0,278.8,481.5
42,2428,1,247.0,552.5
42,2428,1,463.2,544.5
42,2428,0,425.8,484.5
42,2428,0,425.0,468.5
42,2428,0,393.5,421.0
42,2428,0,394.8,423.0
42,2428,0,144.8,512.5
42,2428,0,449.5,499.8
42,2428,0,416.0,462.0
42,2428,0,293.2,442.8
42,2428,0,401.2,443.0
42,2428,0,190.8,631.0
42,2429,1,468.0,559.5
42,2429,0,189.5,631.0
42,2429,0,430.0,483.5
42,2429,0,495.2,589.0
42,2429,0,278.8,505.0
42,2429,1,247.5,560.0
42,2429,0,419.8,468.5
42,2429,0,430.5,502.5
42,2429,0,280.0,479.0
42,2429,1,295.5,447.0
42,2429,1,35.2,569.0
42,2429,0,293.5,450.0
42,2429,1,400.0,446.5
42,2429,0,261.0,525.5
42,2429,1,404.0,448.5
42,2429,1,379.5,409.5
42,2429,0,635.0,488.5
42,2429,0,406.0,450.5
42,2429,0,428.8,470.8
42,2429,0,396.5,426.8
42,2429,0,292.2,451.5
42,2429,1,311.0,410.5
42,2429,0,396.0,424.8
42,2429,0,295.0,446.5
42,2430,1,469.0,564.5
42,2430,0,184.0,634.5
42,2430,0,494.5,594.0
42,2430,0,276.0,507.2
42,2430,0,429.5,497.0
42,2430,1,378.5,412.0
42,2430,1,310.5,420.0
42,2430,0,277.8,508.0
42,2430,1,403.5,452.0
42,2430,0,278.5,491.5
42,2430,0,132.7,532.0
42,2430,1,243.9,557.5
42,2430,0,95.4,528.5
42,2430,0,7.2,600.0
42,2430,0,418.8,474.0
42,2430,0,235.8,558.5
42,2430,0,278.5,476.5
42,2430,1,399.5,450.2
42,2430,0,4.5,549.0
42,2430,1,402.0,452.0
42,2430,0,5.2,587.0
42,2430,0,425.5,483.2
42,2430,0,293.0,448.5
42,2430,1,405.2,452.0
42,2430,1,64.6,639.5
42,2430,0,395.0,425.5
42,2430,0,427.8,482.0
42,2430,0,491.5,590.0
42,2430,0,499.2,595.0
42,2430,0,59.7,552.0
42,2431,1,470.2,569.0
42,2431,0,181.6,639.5
42,2431,0,50.8,553.5
42,2431,1,402.0,453.8
42,2431,1,23.8,568.5
42,2431,0,277.5,479.5
42,2431,1,309.5,416.5
42,2431,0,430.0,509.2
42,2431,0,394.2,423.5
42,2431,1,403.8,452.8
42,2431,1,379.0,413.2
42,2431,0,275.0,504.5
42,2431,0,502.5,596.5
42,2431,1,399.5,451.0
42,2431,0,276.0,491.5
42,2431,0,455.8,543.0
42,2431,0,419.0,473.5
42,2431,1,240.8,562.0
42,2431,0,129.5,512.0
42,2431,0,233.6,534.0
42,2431,0,275.0,504.5
42,2431,0,165.4,469.5
42,2432,0,47.6,545.0
42,2432,0,423.5,474.0
42,2432,1,382.2,412.0
42,2432,0,277.5,505.0
42,2432,1,245.5,567.0
42,2432,0,435.5,511.0
42,2432,1,405.5,450.8
42,2432,0,505.0,602.0
42,2432,0,180.0,633.0
42,2432,0,279.5,500.2
42,2432,1,295.5,444.2
42,2432,0,398.0,422.5
42,2432,0,291.5,450.0
42,2432,0,510.0,605.0
42,2433,0,423.5,474.5
42,2433,1,381.5,411.5
42,2433,0,278.5,478.5
42,2433,0,277.0,479.0
42,2433,0,503.8,603.0
42,2433,0,293.8,446.5
42,2433,1,404.5,448.5
42,2433,0,584.0,640.0
42,2433,0,276.2,508.0
42,2433,0,435.5,511.2
42,2433,0,397.0,423.0
42,2433,1,243.5,566.0
42,2434,0,518.9,612.0
42,2434,0,438.2,511.2
42,2434,0,277.0,507.0
42,2434,0,425.2,474.5
42,2434,0,595.0,639.0
42,2434,1,383.0,412.0
42,2434,0,172.6,636.0
42,2434,1,243.8,570.5
42,2434,0,411.5,452.5
42,2434,0,279.0,488.2
42,2434,1,406.0,451.2
42,2434,0,295.0,446.0
42,2434,0,293.0,449.5
42,2434,1,295.5,445.2
42,2434,1,482.5,575.5
42,2434,1,11.3,573.0
42,2434,0,291.0,451.5
42,2434,1,405.0,451.5
42,2435,0,165.2,638.5
42,2435,1,486.5,583.5
42,2435,0,276.5,509.0
42,2435,0,440.5,513.0
42,2435,0,521.5,617.0
42,2435,0,427.2,477.5
42,2435,1,408.0,448.5
42,2435,0,277.8,495.8
42,2435,1,5.3,582.0
42,2435,0,469.0,550.5
42,2435,0,604.0,638.0
42,2435,0,289.5,453.8
42,2435,1,104.1,507.0
42,2435,0,278.8,481.0
42,2435,1,312.5,413.5
42,2435,0,469.5,503.8
42,2435,0,6.8,581.0
42,2435,1,241.0,576.5
42,2435,0,157.8,462.5
42,2435,1,296.0,449.0
42,2435,1,385.0,411.0
42,2436,1,487.8,583.5
42,2436,0,470.2,550.5
42,2436,0,441.5,514.0
42,2436,0,161.5,639.0
42,2436,0,427.2,476.5
42,2436,0,277.0,494.5
42,2436,1,408.0,448.5
42,2436,0,278.2,482.5
42,2436,0,525.0,622.0
42,2436,0,276.2,506.0
42,2436,1,24.2,544.0
42,2436,1,294.8,446.5
42,2436,0,295.0,445.0
42,2436,1,312.0,410.5
42,2437,1,491.5,584.0
42,2437,0,428.5,472.5
42,2437,0,277.5,481.5
42,2437,0,153.8,638.5
42,2437,0,275.5,506.5
42,2437,0,21.2,525.0
42,2437,0,443.0,512.5
42,2437,0,624.0,639.0
42,2437,1,408.5,447.5
42,2437,0,533.0,622.0
42,2437,1,294.2,447.5
42,2437,0,294.2,445.5
42,2437,0,275.0,509.5
42,2437,0,277.5,472.0
42,2437,1,412.0,447.5
42,2438,0,430.0,472.8
42,2438,0,276.8,489.0
42,2438,0,276.0,502.0
42,2438,0,445.5,511.0
42,2438,1,495.2,586.5
42,2438,0,274.5,511.0
42,2438,0,14.3,517.5
42,2438,0,251.2,555.5
42,2438,1,384.5,403.5
42,2438,0,444.0,508.8
42,2438,0,294.0,445.0
42,2438,1,40.8,119.7
42,2438,0,277.5,472.0
42,2438,1,294.0,446.5
42,2438,1,409.5,443.0
42,2439,1,385.8,404.0
42,2439,0,20.0,573.5
42,2439,0,277.5,484.8
42,2439,0,275.8,493.8
42,2439,1,498.0,585.0
42,2439,0,446.5,509.0
42,2439,0,275.0,509.5
42,2439,0,295.0,445.0
42,2439,1,410.8,445.5
42,2439,0,431.5,471.5
42,2439,1,375.5,282.5
42,2439,1,313.8,405.0
42,2439,0,135.1,464.0
42,2439,1,411.5,444.5
42,2439,0,252.2,525.0
42,2439,0,307.5,417.0
42,2439,1,183.0,448.0
42,2439,0,251.8,560.0
42,2439,0,294.0,448.5
42,2440,1,502.0,601.0
42,2440,0,9.0,543.0
42,2440,1,385.2,409.8
42,2440,0,276.0,483.5
42,2440,0,275.0,519.0
42,2440,1,232.0,595.0
42,2440,0,432.0,479.0
42,2440,0,293.5,454.5
42,2440,0,548.5,639.5
42,2440,0,250.4,543.0
42,2440,0,448.0,513.5
42,2440,0,417.0,456.0
42,2440,0,387.5,413.8
42,2440,0,273.5,519.0
42,2440,0,417.8,459.5
42,2441,0,436.0,482.0
42,2441,0,452.8,525.5
42,2441,0,486.8,572.0
42,2441,0,276.8,492.2
42,2441,1,414.0,453.5
42,2441,1,387.8,409.0
42,2441,0,558.5,639.0
42,2441,0,419.8,456.2
42,2441,0,251.2,534.0
42,2441,1,232.0,598.0
42,2441,0,275.8,504.0
42,2441,0,508.8,608.0
42,2441,0,277.5,482.2
42,2441,0,294.8,452.0
42,2441,0,4.9,552.0
42,2441,0,274.0,521.5
42,2441,0,293.2,453.5
42,2441,0,405.8,425.0
42,2441,1,295.5,451.0
42,2441,0,394.5,419.5
42,2441,0,388.2,409.0
42,2442,0,455.0,520.5
42,2442,0,438.0,480.5
42,2442,1,389.5,408.5
42,2442,1,232.1,597.0
42,2442,1,182.2,454.0
42,2442,0,275.0,517.0
42,2442,0,277.0,502.5
42,2442,0,489.5,570.0
42,2442,1,296.5,449.5
42,2442,0,409.8,441.8
42,2442,0,251.1,575.0
42,2442,0,557.0,633.5
42,2442,0,551.5,625.0
42,2442,0,251.9,525.0
42,2442,0,289.0,454.0
42,2442,0,421.0,454.8
42,2442,0,277.8,484.0
42,2442,0,275.0,518.0
42,2442,0,566.5,627.0
42,2442,0,407.8,428.0
42,2443,1,391.0,404.5
42,2443,0,440.8,477.5
42,2443,1,519.0,612.0
42,2443,0,458.8,520.5
42,2443,0,424.0,454.0
42,2443,0,274.5,515.5
42,2443,0,289.5,456.0
42,2443,1,231.4,600.0
42,2443,1,317.0,404.5
42,2443,0,310.5,413.8
42,2443,0,558.5,639.0
42,2443,0,276.5,512.5
42,2443,1,231.8,579.5
42,2443,0,277.0,499.0
42,2443,0,250.8,558.0
42,2443,1,334.2,328.5
42,2443,1,418.5,443.0
42,2443,0,309.5,418.5
42,2444,1,524.0,626.0
42,2444,0,442.0,483.0
42,2444,0,276.0,500.5
42,2444,1,391.0,407.8
42,2444,1,229.2,601.0
42,2444,0,276.8,488.0
42,2444,0,274.5,512.0
42,2444,0,460.8,528.0
42,2444,1,7.9,487.0
42,2444,0,424.5,456.5
42,2444,1,296.5,447.8
42,2444,1,419.0,451.5
42,2444,0,273.5,520.0
42,2444,0,249.0,545.0
42,2444,1,297.0,447.5
42,2444,0,289.0,452.5
42,2445,0,443.5,484.5
42,2445,1,391.5,406.5
42,2445,0,593.0,638.0
42,2445,0,276.0,499.5
42,2445,1,528.5,629.5
42,2445,0,274.5,514.5
42,2445,0,277.0,487.5
42,2445,1,228.2,603.5
42,2445,0,426.0,450.0
42,2445,1,296.5,447.5
42,2445,0,462.8,526.5
42,2445,0,248.0,594.0
42,2445,0,500.0,518.5
42,2445,1,333.5,327.8
42,2445,0,248.8,526.0
42,2445,1,419.5,449.0
42,2445,0,309.0,419.5
42,2445,0,81.9,530.5
42,2446,0,443.8,485.0
42,2446,0,245.4,531.0
42,2446,1,390.0,407.0
42,2446,0,16.5,560.0
42,2446,0,274.8,484.0
42,2446,0,463.5,529.5
42,2446,0,273.5,494.2
42,2446,0,600.0,638.0
42,2446,0,426.0,460.5
42,2446,0,294.5,450.5
42,2446,1,532.0,635.0
42,2446,1,378.5,250.2
42,2446,1,532.0,573.0
42,2446,0,276.0,482.2
42,2446,1,314.0,403.0
42,2446,0,37.2,562.0
42,2447,0,443.0,485.5
42,2447,1,389.2,404.5
42,2447,1,219.2,616.5
42,2447,0,240.8,551.0
42,2447,1,534.0,583.0
42,2447,0,463.0,532.5
42,2447,1,329.0,328.0
42,2447,0,267.5,524.5
42,2447,0,306.8,414.8
42,2447,0,15.0,572.0
42,2447,1,534.0,637.0
42,2447,1,418.5,449.5
42,2447,1,313.0,402.5
42,2447,0,425.0,453.5
42,2447,1,378.5,261.8
42,2447,1,293.5,447.5
42,2447,0,284.5,463.8
42,2447,0,423.5,458.0
42,2448,0,436.5,479.5
42,2448,1,382.2,402.0
42,2448,1,208.5,623.5
42,2448,1,530.0,638.0
42,2448,0,260.0,524.0
42,2448,0,230.2,597.0
42,2448,0,457.0,525.5
42,2448,0,262.0,508.0
42,2448,1,306.5,399.0
42,2448,0,418.0,452.5
42,2448,0,300.0,411.8
42,2448,0,231.2,532.0
42,2448,0,276.5,456.5
42,2448,1,306.0,396.2
42,2449,0,436.5,478.8
42,2449,1,380.0,395.5
42,2449,0,226.2,549.0
42,2449,0,457.0,524.5
42,2449,0,259.8,486.5
42,2449,0,296.5,401.8
42,2449,0,258.2,497.0
42,2449,1,202.0,608.5
42,2449,0,227.6,530.0
42,2449,0,257.5,519.0
42,2449,1,534.5,577.5
42,2449,0,417.2,447.0
42,2449,1,5.9,444.0
42,2449,1,410.5,437.5
42,2449,1,533.5,639.0
42,2449,1,158.9,438.2
42,2449,0,500.5,520.0
42,2449,1,202.0,558.5
42,2450,0,435.5,479.0
42,2450,1,378.0,397.0
42,2450,1,69.8,477.0
42,2450,0,257.0,485.5
42,2450,1,409.2,445.0
42,2450,0,457.0,526.5
42,2450,0,256.0,493.8
42,2450,1,302.5,396.8
42,2450,1,155.2,448.0
42,2450,0,386.2,406.2
42,2450,0,295.2,406.0
42,2450,0,398.5,413.0
42,2450,1,280.8,445.0
42,2450,0,224.4,559.0
42,2450,0,399.5,416.2
42,2450,1,318.5,321.0
42,2450,0,416.5,452.8
42,2450,0,398.0,405.2
42,2450,0,254.0,525.5
42,2450,1,409.0,447.5
42,2451,0,435.0,483.0
42,2451,1,377.5,399.5
42,2451,1,51.4,478.2
42,2451,1,408.5,445.5
42,2451,0,457.2,529.5
42,2451,0,268.5,462.5
42,2451,0,253.4,507.5
42,2451,0,254.8,492.5
42,2451,0,293.0,408.5
42,2451,0,220.5,544.0
42,2451,1,538.0,639.5
42,2451,0,385.5,407.0
42,2451,0,503.5,599.0
42,2451,1,152.1,451.0
42,2451,1,539.0,519.0
42,2451,1,538.5,576.0
42,2451,0,398.0,413.8
42,2451,0,269.5,459.5
42,2451,1,300.0,397.5
42,2451,1,278.5,447.5
42,2452,1,146.8,639.5
42,2452,1,360.0,406.0
42,2452,0,422.0,499.5
42,2452,1,392.8,459.0
42,2452,0,182.8,567.0
42,2452,0,222.6,554.5
42,2452,0,226.0,515.0
42,2452,1,279.5,405.5
42,2452,0,244.8,476.5
42,2452,1,548.5,637.5
42,2452,0,379.2,419.0
42,2452,1,623.0,640.0
42,2452,1,15.8,430.5
42,2452,1,625.0,639.5
42,2453,0,424.8,499.8
42,2453,1,361.2,403.8
42,2453,1,149.2,639.0
42,2453,1,394.5,458.5
42,2453,1,281.0,401.0
42,2453,1,630.0,639.5
42,2453,0,225.8,542.0
42,2453,0,184.0,584.0
42,2453,0,402.2,460.5
42,2453,1,281.5,402.5
42,2453,0,227.5,533.5
42,2453,1,552.0,563.0
42,2453,1,631.0,640.0
42,2453,1,553.5,459.0
42,2453,1,246.5,471.5
42,2453,0,449.5,557.0
42,2453,0,274.0,413.8
42,2454,1,361.5,403.5
42,2454,1,144.8,639.5
42,2454,0,424.0,501.0
42,2454,1,552.0,640.0
42,2454,1,281.2,401.2
42,2454,1,395.0,456.0
42,2454,0,226.2,508.8
42,2454,0,181.1,584.0
42,2454,0,222.6,553.5
42,2454,0,402.5,449.0
42,2454,0,274.0,413.5
42,2454,0,449.5,557.5
42,2454,1,632.0,640.0
42,2454,0,402.2,468.8
42,2454,1,245.0,475.5
42,2454,1,556.5,465.0
42,2454,1,280.5,402.0
42,2454,1,552.0,612.5
42,2454,1,244.0,489.0
42,2454,1,630.0,640.0
42,2455,1,140.8,638.0
42,2455,1,358.8,404.5
42,2455,0,177.6,597.0
42,2455,1,391.2,457.5
42,2455,0,421.0,497.8
42,2455,1,277.5,403.5
42,2455,1,632.0,640.0
42,2455,0,223.8,507.5
42,2455,0,270.5,414.0
42,2455,1,552.0,590.0
42,2455,0,222.5,522.5
42,2455,1,550.5,639.5
42,2455,0,380.0,416.0
42,2455,0,378.5,415.0
42,2456,0,418.5,498.5
42,2456,1,356.2,403.5
42,2456,1,631.0,640.0
42,2456,0,397.2,455.5
42,2456,1,276.0,402.5
42,2456,0,381.5,445.0
42,2456,0,39.2,507.0
42,2456,0,381.0,438.5
42,2456,0,445.0,553.0
42,2456,0,268.0,414.2
42,2456,1,396.0,461.0
42,2456,0,238.0,485.0
42,2456,0,173.9,602.0
42,2456,1,135.2,637.0
42,2456,1,251.1,455.5
42,2456,0,381.0,423.0
42,2456,1,548.0,640.0
42,2457,0,418.0,498.0
42,2457,1,355.2,405.0
42,2457,1,632.0,640.0
42,2457,0,171.5,611.5
42,2457,0,396.5,456.0
42,2457,0,236.1,488.0
42,2457,0,267.2,413.2
42,2457,0,444.5,553.5
42,2457,0,217.8,515.5
42,2457,0,216.0,548.0
42,2457,0,445.0,522.0
42,2457,0,444.8,494.5
42,2457,1,250.4,461.0
42,2457,1,131.3,617.5
42,2457,0,380.5,444.0
42,2458,1,352.8,404.5
42,2458,0,442.5,555.0
42,2458,0,263.8,413.0
42,2458,1,633.0,640.0
42,2458,0,34.1,505.8
42,2458,0,415.0,500.0
42,2458,0,372.5,424.8
42,2458,0,360.2,415.0
42,2458,1,125.5,640.0
42,2458,1,351.5,403.0
42,2458,0,394.0,446.8
42,2458,0,212.8,515.0
42,2458,0,230.2,503.5
42,2458,0,377.2,434.8
42,2458,1,549.0,635.0
42,2458,0,211.2,551.5
42,2458,0,374.0,427.5
42,2458,1,550.0,466.5
42,2458,1,270.8,405.0
42,2458,1,245.5,466.0
42,2458,1,550.0,548.5
42,2459,0,54.5,639.5
42,2459,1,109.4,640.0
42,2459,1,347.0,403.8
42,2459,0,412.5,495.8
42,2459,0,389.5,458.8
42,2459,0,257.8,413.0
42,2459,0,440.5,544.5
42,2459,0,226.2,476.8
42,2459,0,155.0,591.0
42,2459,1,266.0,398.0
42,2459,1,551.0,557.0
42,2459,1,550.0,640.0
42,2459,0,373.0,443.0
42,2459,1,381.0,454.5
42,2459,0,355.8,412.8
42,2459,0,372.5,423.5
42,2459,0,440.2,504.5
42,2459,1,347.5,403.5
42,2459,0,201.1,564.5
42,2459,0,389.5,468.8
42,2459,1,238.5,460.5
42,2460,1,344.2,402.5
42,2460,0,409.8,500.2
42,2460,1,550.5,639.0
42,2460,0,437.2,561.0
42,2460,0,365.5,421.8
42,2460,0,254.0,409.0
42,2460,1,378.0,459.8
42,2460,0,198.4,526.0
42,2460,0,219.2,500.8
42,2460,0,37.5,640.0
42,2460,0,353.0,413.5
42,2460,1,261.8,401.0
42,2460,0,221.0,488.5
42,2460,0,146.2,639.0
42,2460,1,343.5,401.0
42,2460,0,386.0,455.0
42,2460,1,553.0,559.5
42,2460,0,368.8,419.0
42,2460,0,366.8,426.0
42,2461,1,340.5,403.0
42,2461,1,341.0,404.5
42,2461,0,250.0,412.0
42,2461,1,374.5,459.8
42,2461,0,407.0,501.2
42,2461,0,214.0,510.5
42,2461,0,435.2,557.0
42,2461,0,139.2,615.5
42,2461,0,139.2,568.5
42,2461,0,229.5,461.5
42,2461,1,552.0,639.5
42,2461,1,551.0,640.0
42,2461,0,361.0,413.5
42,2461,0,194.0,536.0
42,2461,1,230.2,465.8
42,2462,1,338.0,403.5
42,2462,0,246.0,416.0
42,2462,1,558.0,639.0
42,2462,1,372.8,463.8
42,2462,0,381.0,457.0
42,2462,0,210.8,480.5
42,2462,0,406.0,501.0
42,2462,0,185.0,555.0
42,2462,0,234.4,433.5
42,2462,0,434.5,547.5
42,2462,1,254.2,405.5
42,2462,1,557.0,639.5
42,2462,0,125.4,602.5
42,2462,1,64.4,640.0
42,2462,0,358.5,413.5
42,2463,1,337.5,407.5
42,2463,0,245.1,421.0
42,2463,0,381.5,467.8
42,2463,0,406.5,514.5
42,2463,0,364.8,453.0
42,2463,0,438.0,577.5
42,2463,1,372.5,471.2
42,2463,0,119.3,631.0
42,2463,0,231.8,425.0
42,2463,0,182.1,545.0
42,2463,1,254.2,408.8
42,2463,0,205.2,525.0
42,2463,0,204.0,524.5
42,2463,0,364.5,446.8
42,2463,1,373.0,471.5
42,2463,0,3.3,485.5
42,2463,1,61.2,640.0
42,2463,1,570.0,640.0
42,2463,1,181.5,545.0
42,2463,0,438.0,524.0
42,2464,1,335.0,410.5
42,2464,0,380.0,472.5
42,2464,0,242.2,425.5
42,2464,0,107.3,638.0
42,2464,1,44.8,640.0
42,2464,0,405.0,517.5
42,2464,0,357.0,424.0
42,2464,1,70.8,455.0
42,2464,1,41.2,640.0
42,2464,1,47.8,492.5
42,2464,1,251.5,416.2
42,2464,0,200.5,530.5
42,2464,1,45.6,639.0
42,2464,0,358.0,427.2
42,2464,0,220.2,484.8
42,2464,1,371.5,474.5
42,2464,1,576.0,494.0
42,2464,0,437.5,588.0
42,2464,0,344.5,421.5
42,2464,0,361.0,431.0
42,2464,0,361.8,436.0
42,2464,0,173.4,600.0
42,2464,0,437.2,537.0
42,2464,1,574.0,640.0
42,2464,1,67.1,446.2
42,2464,0,229.6,437.5
42,2464,0,177.8,575.5
42,2464,1,250.5,412.5
42,2464,1,336.5,411.2
42,2465,1,30.3,639.0
42,2465,1,334.0,413.5
42,2465,0,380.0,469.0
42,2465,1,248.8,416.8
42,2465,0,168.8,609.5
42,2465,0,405.0,522.5
42,2465,0,361.5,438.5
42,2465,0,227.1,439.0
42,2465,0,240.0,428.8
42,2465,1,24.0,504.8
42,2465,0,439.0,570.0
42,2465,0,356.5,433.0
42,2465,0,171.1,564.5
42,2465,1,583.0,498.0
42,2465,0,197.6,538.5
42,2465,0,343.0,423.5
42,2465,0,199.6,518.5
42,2465,0,200.6,500.0
42,2465,0,102.0,639.5
42,2465,0,358.2,436.0
42,2465,0,217.0,488.5
42,2466,1,599.0,640.0
42,2466,0,381.2,476.5
42,2466,1,335.0,407.5
42,2466,0,407.5,522.0
42,2466,0,240.2,428.0
42,2466,0,442.5,584.5
42,2466,0,195.2,541.5
42,2466,0,197.8,506.2
42,2466,0,165.5,563.5
42,2466,0,226.4,441.5
42,2466,0,225.5,451.2
42,2466,1,10.1,639.5
42,2466,0,357.0,420.0
42,2466,0,361.5,424.2
42,2466,1,249.9,414.8
42,2466,1,10.0,514.0
42,2466,1,337.0,406.5
42,2466,1,598.0,617.5
42,2466,0,196.8,525.5
42,2466,1,372.5,475.0
42,2467,0,237.8,426.5
42,2467,0,380.5,476.0
42,2467,1,334.0,411.5
42,2467,0,406.5,526.0
42,2467,1,18.4,483.5
42,2467,1,612.0,640.0
42,2467,0,361.5,440.5
42,2467,1,246.5,415.2
42,2467,0,443.5,571.0
42,2467,1,609.0,505.5
42,2467,1,212.2,488.2
42,2467,0,211.8,487.8
42,2467,0,194.0,508.5
42,2467,0,630.0,414.8
42,2467,0,224.8,433.0
42,2467,0,356.0,437.2
42,2467,1,371.5,478.5
42,2468,1,629.0,639.0
42,2468,1,332.8,414.0
42,2468,0,235.1,428.0
42,2468,1,245.2,417.8
42,2468,0,381.0,485.2
42,2468,0,12.9,484.0
42,2468,0,220.9,450.0
42,2468,1,371.5,484.0
42,2468,0,189.5,514.0
42,2468,0,342.0,425.2
42,2468,1,332.5,414.0
42,2468,0,361.0,447.5
42,2468,1,630.0,525.5
42,2468,0,220.0,458.0
42,2468,1,370.5,483.5
42,2468,0,410.0,534.0
42,2469,0,234.0,429.5
42,2469,1,332.2,418.2
42,2469,0,380.5,480.0
42,2469,1,244.0,416.0
42,2469,1,371.0,482.0
42,2469,1,370.2,486.0
42,2469,1,332.2,418.2
42,2469,0,356.8,435.2
42,2469,0,205.5,501.2
42,2469,0,354.5,430.5
42,2469,0,218.5,455.0
42,2469,0,360.2,443.2
42,2469,0,217.9,470.0
42,2470,0,232.2,436.0
42,2470,1,372.0,490.5
42,2470,1,332.2,419.0
42,2470,0,216.2,452.0
42,2470,0,412.0,549.5
42,2470,0,24.5,630.5
42,2470,1,242.5,420.5
42,2470,0,382.0,477.5
42,2470,1,371.0,487.5
42,2470,0,361.5,453.0
42,2470,0,354.5,433.5
42,2470,0,216.5,446.0
42,2470,0,341.0,432.0
42,2470,0,454.8,621.5
42,2470,0,360.5,448.0
42,2470,0,202.8,506.5
42,2470,0,228.5,435.0
42,2471,0,229.5,436.5
42,2471,1,330.0,421.5
42,2471,0,414.5,551.0
42,2471,0,212.5,469.8
42,2471,0,381.0,485.5
42,2471,1,371.5,488.5
42,2471,1,370.0,491.5
42,2471,0,212.8,455.0
42,2471,1,240.5,423.5
42,2471,0,172.0,570.0
42,2471,0,637.0,480.5
42,2471,1,329.8,421.0
42,2471,0,221.1,438.8
42,2471,0,197.8,498.0
42,2471,0,356.0,435.0
42,2471,0,412.8,552.0
42,2472,0,228.8,439.5
42,2472,1,373.0,496.5
42,2472,1,331.0,421.0
42,2472,0,467.2,602.5
42,2472,0,417.5,562.0
42,2472,0,211.0,449.5
42,2472,1,240.5,420.8
42,2472,0,211.0,472.5
42,2472,1,372.5,494.0
42,2472,0,167.2,579.0
42,2472,0,354.5,433.0
42,2472,0,210.0,484.5
42,2472,0,607.5,446.5
42,2472,0,411.0,557.5
42,2472,0,341.0,435.0
42,2472,1,199.9,507.0
42,2472,0,219.8,435.5
42,2473,0,226.9,443.5
42,2473,1,372.5,499.0
42,2473,1,330.5,423.0
42,2473,0,189.5,523.0
42,2473,1,238.6,426.0
42,2473,1,372.0,497.5
42,2473,0,340.5,438.0
42,2473,0,353.8,435.2
42,2473,1,197.5,512.0
42,2473,0,162.2,590.0
42,2473,0,634.5,447.0
42,2473,0,216.6,432.5
42,2473,0,383.0,489.0
42,2473,0,470.5,572.0
42,2473,0,10.6,518.5
42,2473,0,419.5,566.5
42,2473,0,226.0,438.0
42,2473,0,216.9,443.0
42,2473,0,619.5,449.0
42,2473,0,361.0,462.5
42,2474,1,329.5,423.5
42,2474,0,224.8,443.8
42,2474,1,329.5,422.0
42,2474,0,104.4,634.0
42,2474,1,6.0,495.5
42,2474,1,236.2,425.5
42,2474,1,372.2,501.0
42,2474,0,214.9,439.5
42,2474,0,205.2,497.0
42,2474,1,372.5,502.0
42,2474,0,340.0,438.0
42,2474,0,187.1,523.5
42,2474,0,361.8,463.0
42,2474,0,28.6,482.0
42,2474,1,235.4,423.0
42,2474,1,6.6,499.5
42,2474,0,74.3,476.0
42,2474,0,157.2,595.5
42,2474,0,384.0,492.0
42,2474,0,636.5,478.0
42,2475,0,222.2,449.5
42,2475,1,329.5,426.5
42,2475,1,374.0,509.5
42,2475,1,233.8,430.5
42,2475,0,201.8,501.5
42,2475,1,373.5,508.0
42,2475,0,386.0,508.5
42,2475,0,212.5,455.8
42,2475,0,221.9,444.0
42,2475,0,201.5,476.5
42,2475,0,180.9,524.0
42,2475,1,634.5,640.0
42,2475,1,189.6,520.5
42,2475,1,232.9,430.5
42,2475,0,201.2,501.0
42,2475,0,422.5,581.5
42,2475,0,212.6,466.0
42,2476,0,221.2,447.5
42,2476,1,329.8,424.0
42,2476,1,233.1,431.5
42,2476,1,374.0,509.0
42,2476,0,387.0,500.0
42,2476,0,199.5,499.0
42,2476,0,210.8,450.5
42,2476,0,177.2,522.0
42,2476,0,199.2,457.0
42,2476,1,187.2,522.5
42,2476,0,176.2,491.0
42,2476,0,354.0,440.0
42,2476,1,232.6,432.0
42,2476,0,340.0,439.0
42,2477,0,219.1,452.0
42,2477,1,329.5,429.5
42,2477,1,231.8,433.5
42,2477,1,183.2,525.5
42,2477,0,388.8,504.0
42,2477,0,134.9,631.0
42,2477,1,375.5,514.0
42,2477,0,196.4,500.0
42,2477,0,196.5,474.0
42,2477,1,375.0,513.0
42,2477,0,173.4,529.5
42,2477,0,173.0,550.0
42,2477,0,137.8,591.0
42,2477,1,374.5,510.5
42,2477,0,364.0,499.8
42,2478,1,374.0,518.5
42,2478,1,327.5,425.5
42,2478,0,214.8,449.5
42,2478,1,227.8,431.0
42,2478,0,388.5,500.0
42,2478,0,202.5,445.0
42,2478,0,189.6,504.5
42,2478,1,68.8,441.0
42,2478,0,337.5,441.2
42,2478,0,165.0,533.5
42,2478,0,201.8,439.5
42,2479,0,211.2,450.5
42,2479,1,374.0,519.5
42,2479,1,325.5,422.0
42,2479,0,186.0,508.0
42,2479,0,199.5,470.5
42,2479,0,337.0,439.5
42,2479,0,388.5,509.5
42,2479,0,158.0,534.5
42,2479,1,224.8,428.0
42,2479,0,184.8,505.2
42,2479,0,332.5,434.0
42,2479,0,118.6,599.5
42,2479,0,351.2,441.0
42,2479,0,19.5,640.0
42,2479,1,539.0,99.0
42,2479,0,333.8,436.0
42,2479,0,198.6,457.5
42,2480,0,181.5,510.0
42,2480,1,372.5,518.0
42,2480,0,208.8,453.5
42,2480,1,324.5,423.8
42,2480,0,154.5,544.5
42,2480,1,222.8,430.2
42,2480,0,385.5,509.5
42,2480,0,196.8,465.0
42,2480,0,37.7,488.5
42,2480,0,197.8,474.5
42,2480,0,111.3,593.0
42,2480,0,67.7,456.5
42,2480,0,350.0,443.2
42,2480,0,332.5,437.0
42,2480,0,359.0,469.0
42,2480,0,334.2,439.5
42,2480,0,5.9,530.0
42,2481,0,209.2,454.5
42,2481,1,326.0,427.5
42,2481,1,562.0,65.0
42,2481,0,181.4,515.0
42,2481,0,151.4,557.5
42,2481,1,375.0,519.0
42,2481,0,106.7,630.0
42,2481,0,337.0,442.8
42,2481,1,562.0,486.2
42,2481,0,196.4,462.5
42,2481,1,166.0,537.0
42,2481,1,375.0,523.0
42,2481,1,223.1,434.0
42,2481,0,197.5,473.5
42,2481,0,39.9,488.5
42,2481,0,93.0,443.0
42,2481,0,25.4,483.0
42,2481,0,28.8,482.5
42,2482,0,207.0,454.0
42,2482,1,325.2,426.0
42,2482,1,222.2,433.5
42,2482,1,375.0,522.5
42,2482,0,101.2,630.0
42,2482,1,563.0,507.5
42,2482,0,148.0,564.0
42,2482,0,193.4,453.0
42,2482,0,87.6,449.8
42,2482,0,177.9,509.0
42,2482,0,336.5,443.2
42,2482,0,31.6,493.8
42,2482,0,177.5,454.5
42,2482,1,258.0,333.0
42,2483,0,203.2,456.0
42,2483,1,374.5,524.0
42,2483,1,322.8,422.0
42,2483,1,218.5,431.5
42,2483,0,141.0,567.0
42,2483,1,566.5,501.0
42,2483,0,69.1,448.8
42,2483,0,87.5,632.0
42,2483,0,172.8,517.5
42,2483,1,9.9,510.8
42,2483,0,334.5,439.2
42,2483,0,350.5,438.0
42,2483,0,431.5,578.0
42,2484,0,199.8,453.0
42,2484,1,216.8,431.2
42,2484,1,323.0,421.0
42,2484,0,166.5,519.5
42,2484,1,570.5,640.0
42,2484,0,70.4,639.0
42,2484,0,164.8,529.0
42,2484,0,130.3,582.0
42,2484,1,376.0,527.0
42,2484,0,10.3,476.5
42,2484,1,148.0,550.0
42,2484,0,394.0,550.5
42,2484,0,334.8,441.0
42,2484,0,333.0,436.2
42,2484,0,362.8,502.5
42,2484,0,351.0,443.5
42,2484,0,184.9,465.8
42,2484,0,331.5,429.5
42,2485,0,199.8,454.0
42,2485,1,216.5,431.0
42,2485,1,323.0,420.5
42,2485,0,164.8,525.5
42,2485,0,69.1,638.0
42,2485,1,376.0,526.5
42,2485,0,334.8,440.8
42,2485,0,333.0,438.0
42,2485,0,184.6,442.5
42,2485,0,363.0,502.5
42,2485,0,331.5,427.5
42,2485,0,50.8,452.0
42,2485,1,147.0,548.0
42,2485,1,257.5,328.0
42,2486,0,198.8,453.5
42,2486,1,322.0,420.0
42,2486,0,164.2,521.5
42,2486,1,215.5,430.0
42,2486,1,213.4,428.2
42,2486,0,334.2,440.5
42,2486,1,375.8,527.5
42,2486,0,183.4,469.5
42,2486,0,127.1,576.5
42,2486,1,574.5,640.0
42,2486,0,350.5,441.0
42,2486,0,127.4,535.5
42,2487,0,199.0,454.0
42,2487,1,215.5,429.2
42,2487,1,322.5,419.0
42,2487,0,163.6,522.5
42,2487,1,376.0,529.0
42,2487,1,214.2,427.5
42,2487,0,166.0,522.0
42,2487,0,183.5,464.5
42,2487,0,351.0,450.5
42,2487,1,216.5,424.0
42,2487,0,334.8,440.5
42,2487,0,333.5,438.5
42,2487,0,183.8,475.0
42,2487,0,64.9,555.0
42,2487,0,126.9,568.0
42,2487,1,214.8,427.5
42,2488,0,199.1,458.0
42,2488,0,161.8,528.0
42,2488,1,216.0,432.5
42,2488,0,184.5,482.5
42,2488,1,323.5,422.5
42,2488,1,581.0,175.0
42,2488,0,164.4,528.0
42,2488,0,616.0,636.0
42,2488,0,126.1,566.5
42,2488,0,61.7,640.0
42,2488,1,378.2,534.5
42,2488,0,396.5,557.0
42,2488,0,163.1,500.0
42,2488,0,41.0,462.0
42,2488,0,333.5,436.5
42,2488,0,335.0,443.0
42,2489,1,321.8,425.5
42,2489,0,196.1,462.2
42,2489,0,53.2,639.0
42,2489,1,377.5,540.0
42,2489,1,589.5,172.6
42,2489,0,160.9,499.5
42,2489,1,214.2,433.5
42,2489,0,334.5,446.0
42,2489,0,119.6,597.0
42,2489,0,351.0,447.5
42,2489,0,332.5,442.8
42,2489,1,129.5,561.0
42,2489,0,394.8,558.0
42,2489,0,180.2,481.5
42,2490,0,195.5,464.5
42,2490,0,117.6,601.0
42,2490,1,322.5,425.0
42,2490,0,25.2,473.5
42,2490,1,600.0,640.0
42,2490,0,48.9,606.0
42,2490,0,180.9,490.2
42,2490,1,378.0,541.0
42,2490,1,214.6,434.2
42,2490,1,378.0,538.5
42,2490,0,159.5,524.0
42,2490,0,636.0,633.0
42,2490,0,334.5,446.5
42,2490,0,333.2,443.5
42,2490,0,179.6,481.2
42,2490,1,213.5,437.0
42,2491,0,199.8,464.5
42,2491,1,326.5,427.2
42,2491,1,217.2,440.2
42,2491,0,47.7,635.0
42,2491,0,162.8,536.5
42,2491,0,183.9,491.2
42,2491,0,338.5,448.2
42,2491,1,383.5,540.0
42,2491,1,258.2,333.5
42,2491,0,367.5,493.0
42,2491,0,140.4,569.0
42,2491,0,47.5,600.5
42,2491,1,22.5,479.5
42,2491,0,356.8,456.0
42,2491,0,401.5,530.0
42,2491,0,8.1,504.5
42,2492,1,334.5,424.5
42,2492,0,54.1,639.5
42,2492,0,127.6,613.0
42,2492,0,172.5,538.5
42,2492,0,208.2,462.8
42,2492,1,225.8,430.5
42,2492,1,150.8,572.0
42,2492,0,412.0,550.5
42,2492,0,129.9,586.0
42,2492,1,265.5,332.0
42,2492,1,393.5,542.0
42,2492,1,149.0,572.5
42,2492,0,376.0,483.0
42,2492,1,394.2,544.0
42,2492,0,190.8,452.5
42,2492,0,366.2,458.0
42,2493,0,131.2,611.0
42,2493,0,212.4,465.0
42,2493,1,340.0,427.5
42,2493,1,230.6,439.0
42,2493,1,154.8,572.5
42,2493,0,352.8,446.5
42,2493,1,399.0,543.0
42,2493,0,56.5,620.0
42,2493,0,174.9,531.5
42,2493,0,197.9,491.5
42,2493,0,382.2,491.5
42,2493,0,196.8,480.5
42,2493,0,196.1,455.5
42,2493,0,480.0,456.5
42,2493,0,371.8,467.5
42,2493,0,371.5,453.0
42,2494,0,216.8,465.2
42,2494,1,344.5,432.5
42,2494,0,132.0,610.0
42,2494,1,234.5,439.0
42,2494,0,55.7,637.0
42,2494,1,405.2,554.0
42,2494,0,200.1,493.5
42,2494,0,358.0,451.5
42,2494,0,179.0,527.0
42,2494,1,537.5,316.0
42,2494,1,26.3,472.0
42,2494,0,375.5,452.0
42,2494,0,215.4,460.8
42,2494,0,488.0,456.5
42,2494,0,199.8,456.5
42,2495,0,214.8,467.0
42,2495,0,130.0,615.0
42,2495,0,48.7,634.5
42,2495,1,343.8,434.0
42,2495,1,154.5,574.5
42,2495,1,232.6,440.0
42,2495,0,198.5,492.0
42,2495,1,404.0,556.5
42,2495,0,197.2,484.8
42,2495,0,356.5,451.0
42,2495,0,374.5,451.5
42,2495,0,197.2,463.0
42,2495,1,21.1,474.5
42,2495,0,175.8,544.0
42,2496,1,349.5,432.5
42,2496,0,53.0,628.0
42,2496,0,219.8,466.0
42,2496,0,180.5,540.0
42,2496,1,238.5,436.5
42,2496,0,133.5,617.5
42,2496,1,413.0,557.5
42,2496,0,181.8,521.5
42,2496,0,203.8,494.5
42,2496,1,410.5,395.0
42,2496,0,394.0,482.5
42,2497,0,45.5,640.0
42,2497,1,350.5,432.8
42,2497,0,180.5,550.5
42,2497,1,238.8,441.2
42,2497,0,220.5,470.0
42,2497,0,131.4,624.0
42,2497,0,203.1,487.2
42,2497,0,364.0,456.2
42,2497,0,397.0,498.2
42,2497,1,413.0,397.0
42,2498,0,41.7,640.0
42,2498,0,184.2,553.5
42,2498,1,356.2,437.0
42,2498,1,244.8,444.5
42,2498,0,225.0,472.5
42,2498,1,422.0,569.0
42,2498,0,132.5,633.0
42,2498,1,10.9,488.0
42,2498,0,441.5,590.0
42,2498,0,389.5,457.5
42,2498,0,369.8,457.5
42,2498,0,223.2,467.0
42,2498,1,419.5,397.5
42,2499,0,229.8,472.8
42,2499,0,43.2,640.0
42,2499,1,247.8,447.0
42,2499,0,188.0,552.0
42,2499,1,361.0,434.8
42,2499,1,427.5,570.5
42,2499,1,165.0,592.0
42,2499,0,135.9,639.0
42,2499,0,408.2,515.0
42,2499,1,11.2,485.0
42,2499,1,425.8,400.5
42,2499,0,375.0,456.8
42,2499,0,396.0,484.0
42,2499,0,67.0,451.2
42,2500,0,227.0,470.2
42,2500,1,428.5,574.0
42,2500,1,360.0,435.5
42,2500,0,36.8,639.0
42,2500,0,185.0,548.5
42,2500,1,246.9,443.0
42,2500,0,131.7,634.5
42,2500,0,395.5,482.5
42,2500,0,535.5,469.8
42,2500,1,604.0,325.8
42,2500,1,244.1,441.0
42,2500,1,531.0,639.0
42,2500,0,409.0,520.5
42,2500,1,427.8,534.0
42,2500,1,530.0,606.0
42,2500,0,596.0,519.0
42,2501,0,227.6,472.0
42,2501,0,184.6,555.5
42,2501,1,431.0,406.2
42,2501,1,247.5,444.5
42,2501,1,362.0,437.5
42,2501,1,431.8,584.0
42,2501,1,619.0,303.2
42,2501,0,130.6,632.0
42,2501,1,538.5,639.0
42,2501,0,376.5,460.0
42,2501,0,397.5,460.0
42,2501,0,31.9,640.0
42,2501,0,209.8,476.5
42,2501,1,431.5,579.5
42,2502,0,229.5,476.5
42,2502,0,185.4,560.5
42,2502,1,365.2,438.5
42,2502,0,128.5,636.0
42,2502,1,437.5,584.5
42,2502,1,249.2,447.0
42,2502,1,549.0,640.0
42,2502,0,602.0,639.0
42,2502,0,185.8,526.5
42,2502,0,401.2,493.5
42,2502,0,380.0,459.5
42,2502,1,250.2,442.5
42,2502,0,415.2,507.0
42,2502,0,245.5,444.5
42,2502,0,626.0,331.2
42,2502,0,554.0,485.5
42,2503,0,228.0,479.8
42,2503,0,124.1,638.5
42,2503,0,183.2,565.0
42,2503,1,248.5,449.5
42,2503,1,365.0,439.0
42,2503,1,438.8,590.0
42,2503,0,22.3,640.0
42,2503,0,401.5,489.0
42,2503,1,438.0,406.8
42,2503,1,437.0,412.5
42,2503,1,245.5,450.0
42,2503,0,380.5,458.5
42,2504,0,231.2,481.0
42,2504,1,367.0,438.5
42,2504,0,184.8,565.0
42,2504,0,124.6,635.0
42,2504,1,251.1,445.5
42,2504,1,442.5,594.5
42,2504,1,441.8,410.0
42,2504,0,622.0,440.5
42,2504,0,404.0,473.0
42,2504,0,383.0,438.5
42,2504,0,20.7,640.0
42,2504,1,441.0,409.0
42,2504,0,419.5,507.8
42,2504,1,130.8,440.0
42,2504,0,213.0,512.5
42,2504,0,569.0,490.5
42,2504,0,566.0,490.0
42,2504,0,247.0,449.0
42,2504,0,580.0,491.5
42,2504,0,211.5,463.0
42,2505,0,229.9,482.0
42,2505,1,250.2,451.0
42,2505,0,183.8,571.5
42,2505,1,367.5,438.0
42,2505,0,404.5,485.0
42,2505,1,442.5,412.5
42,2505,0,122.9,637.0
42,2505,1,396.5,155.5
42,2505,0,624.0,443.5
42,2505,1,444.2,585.0
42,2505,0,577.0,497.5
42,2505,0,470.2,638.0
42,2505,0,420.0,506.0
42,2505,1,443.5,544.0
42,2505,0,246.5,443.8
42,2505,1,156.5,615.0
42,2506,1,370.0,443.2
42,2506,0,232.0,483.5
42,2506,1,447.0,415.0
42,2506,0,183.5,574.0
42,2506,1,252.8,447.5
42,2506,0,586.0,503.5
42,2506,1,251.2,453.8
42,2506,1,581.0,640.0
42,2506,0,408.0,477.0
42,2506,0,590.0,497.8
42,2506,0,122.1,592.0
42,2507,1,377.2,444.8
42,2507,1,259.0,448.5
42,2507,0,238.0,482.5
42,2507,1,596.5,640.0
42,2507,0,393.5,472.2
42,2507,0,415.5,480.8
42,2507,1,458.0,609.0
42,2507,0,601.0,501.2
42,2507,1,457.5,580.0
42,2507,0,415.5,480.0
42,2508,1,378.5,447.0
42,2508,0,239.4,483.0
42,2508,1,261.0,452.5
42,2508,0,418.5,480.0
42,2508,0,614.0,508.8
42,2508,1,608.0,640.0
42,2508,0,123.4,624.0
42,2508,0,396.0,470.5
42,2508,0,388.2,453.2
42,2508,0,389.0,445.0
42,2508,0,436.2,536.5
42,2508,1,461.5,416.5
42,2509,0,238.5,481.0
42,2509,0,624.5,511.2
42,2509,0,188.5,578.0
42,2509,1,463.5,420.0
42,2509,1,379.5,447.5
42,2509,1,261.0,447.0
42,2509,1,379.5,444.8
42,2509,0,420.0,478.5
42,2509,0,396.5,473.5
42,2509,0,495.0,606.5
42,2509,0,389.8,439.5
42,2509,0,120.7,599.0
42,2509,0,189.4,537.0
42,2509,0,418.5,478.5
42,2509,0,619.0,640.0
42,2509,0,437.8,504.0
42,2509,0,217.8,474.8
42,2509,1,464.0,614.0
42,2510,1,383.0,442.5
42,2510,1,262.5,451.5
42,2510,1,472.2,620.0
42,2510,0,240.9,481.8
42,2510,0,117.9,608.0
42,2510,1,471.0,415.2
42,2510,0,189.4,582.5
42,2510,0,425.2,474.5
42,2510,0,444.0,520.5
42,2510,1,290.8,338.0
42,2510,0,400.2,473.0
42,2510,0,220.0,474.0
42,2511,0,188.0,576.0
42,2511,1,262.0,451.0
42,2511,1,383.5,442.0
42,2511,0,426.5,476.0
42,2511,0,240.2,482.2
42,2511,1,475.5,623.0
42,2511,0,446.0,533.0
42,2511,1,262.5,448.0
42,2511,0,112.2,596.0
42,2511,1,157.8,634.5
42,2511,0,188.6,541.0
42,2511,1,472.8,415.0
42,2511,0,401.0,471.5
42,2511,0,426.5,505.0
42,2512,0,105.2,635.0
42,2512,1,262.0,447.5
42,2512,1,384.8,441.2
42,2512,0,239.2,478.0
42,2512,0,184.0,583.0
42,2512,1,152.8,636.0
42,2512,1,262.0,446.5
42,2512,0,427.5,472.5
42,2512,0,447.0,525.0
42,2512,0,184.1,535.5
42,2512,1,476.5,623.5
42,2512,0,186.8,583.0
42,2512,0,401.2,469.0
42,2512,0,218.2,471.2
42,2512,1,476.5,411.5
42,2512,0,508.8,619.0
42,2512,1,310.0,331.5
42,2513,0,97.6,631.5
42,2513,1,148.5,638.0
42,2513,0,237.5,478.0
42,2513,1,406.5,84.8
42,2513,0,181.6,575.0
42,2513,1,384.0,437.5
42,2513,1,260.5,445.5
42,2513,0,428.0,468.5
42,2513,1,480.2,410.5
42,2513,0,621.5,471.0
42,2513,0,448.2,485.0
42,2513,0,449.0,515.5
42,2513,0,401.8,466.8
42,2514,0,99.1,634.0
42,2514,0,433.5,468.5
42,2514,1,389.5,442.5
42,2514,1,264.2,445.5
42,2514,0,455.0,532.5
42,2514,1,487.5,631.5
42,2514,0,185.2,584.5
42,2514,1,487.0,413.2
42,2514,1,150.5,639.0
42,2514,0,240.8,480.0
42,2514,0,455.0,480.5
42,2514,0,184.8,538.5
42,2514,1,386.0,93.1
42,2514,0,407.5,464.0
42,2514,0,219.0,463.5
42,2514,1,149.4,407.5
42,2514,0,44.1,436.5
42,2514,1,21.4,477.0
42,2514,1,22.5,506.0
42,2515,0,433.0,471.5
42,2515,0,239.0,480.2
42,2515,0,93.7,640.0
42,2515,1,145.0,639.5
42,2515,1,487.2,415.8
42,2515,0,455.0,533.0
42,2515,0,180.0,586.0
42,2515,1,261.8,448.0
42,2515,1,30.5,461.0
42,2515,0,455.0,480.5
42,2515,0,519.0,639.5
42,2515,1,489.0,638.0
42,2515,1,387.5,442.8
42,2515,1,408.0,85.2
42,2515,1,11.4,482.5
42,2515,0,216.4,469.5
42,2515,1,388.0,447.0
42,2515,0,217.5,515.5
42,2516,0,237.2,484.8
42,2516,0,85.2,639.0
42,2516,1,260.8,448.8
42,2516,1,488.2,413.0
42,2516,0,454.5,495.5
42,2516,0,432.2,472.5
42,2516,1,141.8,640.0
42,2516,1,386.5,442.0
42,2516,1,7.0,487.0
42,2516,0,454.8,523.0
42,2516,1,21.8,453.2
42,2516,0,176.8,592.0
42,2516,0,213.6,518.0
42,2516,0,215.0,523.0
42,2516,1,409.5,82.5
42,2516,1,489.2,638.5
42,2516,0,518.5,639.5
42,2516,1,635.5,482.0
42,2516,0,612.0,470.8
42,2517,0,85.2,639.0
42,2517,1,389.5,440.5
42,2517,0,458.0,480.5
42,2517,0,434.8,470.8
42,2517,0,237.5,480.8
42,2517,1,409.5,76.1
42,2517,1,261.8,446.0
42,2517,0,434.5,469.5
42,2517,0,174.0,595.0
42,2517,1,139.2,640.0
42,2517,1,493.5,411.5
42,2517,0,407.0,467.2
42,2517,1,262.2,442.8
42,2517,1,494.2,639.5
42,2517,0,214.2,470.0
42,2518,0,174.0,599.0
42,2518,0,236.5,482.8
42,2518,0,78.0,639.0
42,2518,0,458.5,480.5
42,2518,1,493.8,411.0
42,2518,1,388.5,439.0
42,2518,1,260.8,445.0
42,2518,0,434.5,470.5
42,2518,1,406.8,77.6
42,2518,1,7.3,537.5
42,2518,1,136.2,640.0
42,2518,0,173.6,545.0
42,2518,0,212.4,465.0
42,2518,1,496.2,639.5
42,2518,1,7.8,473.5
42,2519,0,236.5,484.0
42,2519,1,497.5,412.5
42,2519,1,389.5,443.0
42,2519,0,172.5,605.0
42,2519,0,68.6,639.0
42,2519,1,260.8,447.0
42,2519,1,133.4,640.0
42,2519,0,437.2,473.8
42,2519,0,461.8,478.5
42,2519,0,171.4,543.0
42,2519,0,408.0,468.5
42,2519,1,408.5,76.2
42,2519,1,498.5,639.0
42,2519,0,584.0,553.0
42,2519,0,172.8,562.5
42,2519,1,5.3,459.2
42,2519,0,210.8,480.8
42,2520,0,234.0,484.5
42,2520,1,389.5,442.8
42,2520,0,59.9,640.0
42,2520,1,502.0,416.0
42,2520,1,502.0,638.0
42,2520,0,437.8,477.5
42,2520,0,168.5,609.5
42,2520,1,259.8,445.0
42,2520,0,463.8,525.5
42,2520,0,463.0,486.5
42,2520,0,408.0,474.0
42,2520,0,208.8,478.5
42,2520,1,409.0,74.4
42,2521,0,232.1,488.5
42,2521,1,389.0,449.2
42,2521,0,165.0,615.0
42,2521,0,51.9,639.0
42,2521,1,258.2,448.5
42,2521,0,468.2,485.5
42,2521,0,439.5,479.5
42,2521,0,205.9,496.5
42,2521,1,122.8,640.0
42,2521,0,206.5,480.0
42,2521,0,409.0,478.0
42,2521,1,67.0,571.5
42,2521,1,510.0,639.5
42,2521,1,508.5,426.0
42,2522,0,45.6,639.5
42,2522,0,232.5,488.0
42,2522,1,390.5,445.8
42,2522,0,164.1,615.0
42,2522,0,442.5,484.5
42,2522,0,206.2,526.0
42,2522,1,259.2,449.0
42,2522,0,470.2,484.0
42,2522,0,165.0,574.5
42,2522,1,512.5,428.0
42,2522,0,205.8,497.5
42,2522,0,410.5,478.0
42,2522,1,64.3,577.0
42,2522,0,206.2,478.0
42,2522,0,441.0,483.5
42,2523,0,233.2,492.5
42,2523,0,37.8,640.0
42,2523,1,518.0,639.0
42,2523,1,392.0,447.5
42,2523,1,520.0,431.5
42,2523,1,260.5,454.5
42,2523,0,162.8,625.0
42,2523,0,474.2,489.0
42,2523,0,206.8,535.5
42,2523,1,118.5,639.5
42,2523,0,444.5,488.5
42,2523,0,634.0,409.0
42,2523,0,206.0,486.0
42,2524,0,228.0,494.5
42,2524,1,388.2,450.5
42,2524,0,155.8,636.0
42,2524,1,109.7,639.5
42,2524,1,516.1,430.0
42,2524,0,155.9,573.5
42,2524,0,21.7,640.0
42,2524,0,470.5,497.5
42,2524,1,565.0,639.5
42,2524,1,255.5,450.5
42,2524,0,201.2,489.0
42,2524,1,516.0,639.5
42,2524,1,109.1,638.5
42,2524,0,441.0,489.0
42,2525,0,155.5,632.0
42,2525,1,392.0,446.5
42,2525,0,230.8,491.5
42,2525,0,14.1,640.0
42,2525,1,521.0,639.0
42,2525,1,524.0,426.5
42,2525,1,258.5,446.0
42,2525,0,477.0,493.5
42,2525,0,202.4,507.0
42,2525,0,414.0,481.2
42,2525,1,107.9,639.0
42,2525,0,5.7,522.0
42,2525,1,107.2,638.5
42,2526,0,12.4,640.0
42,2526,0,232.4,492.0
42,2526,1,532.0,435.2
42,2526,1,395.2,448.0
42,2526,1,260.5,450.0
42,2526,0,156.9,633.5
42,2526,0,450.0,485.5
42,2526,1,107.9,639.0
42,2526,0,483.5,496.5
42,2526,1,244.9,380.5
42,2526,1,587.5,639.0
42,2526,1,313.0,325.0
42,2527,0,228.5,494.0
42,2527,1,391.2,449.5
42,2527,1,530.0,434.5
42,2527,0,200.5,538.5
42,2527,0,480.5,498.0
42,2527,1,587.0,639.5
42,2527,1,100.0,639.0
42,2527,0,150.8,580.0
42,2527,1,531.0,639.5
42,2527,0,198.8,522.0
42,2527,0,414.5,487.8
42,2527,0,447.5,496.0
42,2527,0,149.8,623.0
42,2528,1,391.5,451.5
42,2528,0,146.2,572.5
42,2528,1,534.5,639.5
42,2528,0,225.9,498.2
42,2528,1,535.0,441.5
42,2528,1,595.0,639.5
42,2528,1,94.1,640.0
42,2528,0,414.8,486.5
42,2528,1,255.5,450.8
42,2528,0,484.0,497.0
42,2528,1,93.2,457.5
42,2528,0,8.0,500.5
42,2528,0,448.5,492.0
42,2528,0,484.0,583.0
42,2528,1,595.0,640.0
42,2528,0,9.7,502.0
42,2529,0,228.8,498.5
42,2529,1,394.8,454.5
42,2529,1,258.8,449.5
42,2529,0,148.0,579.5
42,2529,0,453.5,533.5
42,2529,1,395.0,450.5
42,2529,0,489.2,503.5
42,2529,0,410.0,458.5
42,2529,1,541.0,444.5
42,2529,0,453.5,497.5
42,2529,1,243.1,385.8
42,2529,0,555.0,434.5
42,2530,0,140.2,597.0
42,2530,1,392.0,455.0
42,2530,1,85.9,638.5
42,2530,0,195.8,557.5
42,2530,0,451.5,538.0
42,2530,1,254.8,453.0
42,2530,0,224.2,504.0
42,2530,0,451.0,504.0
42,2530,0,627.0,611.5
42,2530,0,415.5,494.0
42,2530,0,7.5,640.0
42,2530,0,136.2,442.5
42,2530,0,176.8,428.2
42,2530,1,184.2,413.5
42,2530,1,541.0,440.5
42,2531,1,81.0,639.5
42,2531,1,393.5,457.2
42,2531,0,138.8,622.0
42,2531,0,223.6,504.0
42,2531,0,453.5,515.0
42,2531,1,79.8,471.5
42,2531,1,255.2,458.0
42,2531,0,193.8,498.8
42,2531,0,195.1,560.0
42,2531,0,453.2,537.5
42,2531,0,417.0,497.0
42,2531,0,490.0,521.5
42,2531,0,490.2,574.0
42,2531,1,184.6,414.5
42,2531,1,547.0,446.0
42,2532,1,76.8,640.0
42,2532,1,553.0,452.8
42,2532,1,395.5,461.0
42,2532,1,553.0,640.0
42,2532,0,136.4,606.5
42,2532,1,396.0,459.8
42,2532,0,456.0,510.5
42,2532,0,495.5,517.5
42,2532,0,224.9,510.5
42,2532,1,256.2,461.5
42,2532,0,41.4,510.5
42,2532,0,193.5,512.0
42,2532,0,194.5,560.0
42,2532,0,408.8,459.5
42,2532,1,75.2,476.0
42,2533,1,70.5,640.0
42,2533,1,559.0,219.5
42,2533,1,557.5,457.5
42,2533,1,394.8,464.0
42,2533,0,222.8,516.5
42,2533,1,254.8,463.0
42,2533,1,560.0,639.0
42,2533,0,499.0,528.5
42,2533,0,500.0,605.0
42,2533,0,133.8,612.0
42,2533,0,457.0,511.0
42,2533,1,405.5,87.6
42,2533,0,420.5,504.5
42,2533,0,406.8,466.0
42,2533,0,193.0,571.0
42,2533,0,245.9,461.5
42,2533,1,298.2,639.0
42,2533,0,405.5,469.5
42,2534,1,393.0,471.5
42,2534,1,61.5,640.0
42,2534,1,562.0,489.8
42,2534,1,251.2,476.0
42,2534,0,220.5,521.5
42,2534,0,188.0,568.5
42,2534,0,186.8,544.5
42,2534,0,457.0,516.5
42,2534,0,499.5,538.0
42,2534,1,616.0,503.5
42,2534,0,419.0,512.0
42,2534,0,405.2,472.0
42,2534,1,560.5,220.9
42,2535,1,60.6,640.0
42,2535,1,569.0,223.8
42,2535,1,397.2,474.5
42,2535,1,570.5,479.0
42,2535,0,422.5,515.5
42,2535,0,461.5,521.0
42,2535,0,222.0,523.0
42,2535,1,255.5,467.5
42,2535,0,421.0,515.0
42,2535,0,506.0,540.0
42,2535,0,407.8,479.8
42,2536,1,55.3,639.0
42,2536,1,569.5,223.6
42,2536,1,396.0,477.0
42,2536,0,462.0,531.5
42,2536,1,572.5,478.0
42,2536,0,220.8,527.0
42,2536,0,187.5,580.5
42,2536,0,186.8,549.5
42,2536,1,253.5,476.5
42,2536,1,542.5,433.0
42,2536,0,422.2,520.0
42,2536,1,55.1,500.0
42,2536,0,124.7,635.0
42,2536,0,507.8,536.5
42,2536,0,408.0,482.0
42,2536,0,421.5,469.2
42,2536,0,421.5,495.5
42,2537,0,218.6,531.5
42,2537,1,394.8,479.5
42,2537,1,250.8,484.0
42,2537,1,45.4,640.0
42,2537,0,462.0,529.0
42,2537,1,44.3,505.2
42,2537,1,578.0,479.0
42,2537,0,510.8,540.5
42,2537,0,185.2,592.0
42,2537,0,183.2,548.0
42,2537,0,422.0,521.0
42,2538,1,584.5,221.0
42,2538,1,398.5,477.5
42,2538,1,587.0,483.5
42,2538,0,465.0,582.0
42,2538,1,253.8,476.5
42,2538,0,219.4,531.0
42,2538,1,43.0,640.0
42,2538,1,41.2,505.2
42,2538,0,411.5,472.5
42,2538,0,184.2,537.5
42,2538,0,465.0,539.0
42,2538,0,410.0,478.8
42,2538,0,185.5,595.0
42,2538,0,424.0,469.0
42,2539,1,34.6,512.0
42,2539,0,521.5,580.5
42,2539,1,36.2,640.0
42,2539,0,220.0,533.5
42,2539,1,399.5,480.5
42,2539,1,254.0,477.5
42,2539,1,596.0,489.0
42,2539,1,590.0,223.2
42,2539,0,469.5,584.0
42,2539,0,427.5,524.5
42,2539,0,184.2,528.5
42,2539,0,412.0,473.5
42,2539,0,185.8,598.5
42,2539,0,428.0,525.5
42,2539,0,427.5,525.5
42,2539,0,633.0,466.0
42,2540,0,216.9,535.0
42,2540,1,251.0,486.0
42,2540,1,399.8,479.0
42,2540,0,521.0,611.0
42,2540,1,599.0,486.0
42,2540,1,26.9,640.0
42,2540,0,180.5,596.0
42,2540,0,425.5,525.5
42,2540,1,596.0,217.8
42,2540,0,410.8,473.0
42,2540,0,179.2,533.0
42,2540,1,21.8,514.0
42,2540,0,425.0,492.0
42,2540,0,243.8,483.5
42,2540,0,468.8,557.5
42,2540,0,426.0,526.5
42,2540,0,468.0,584.5
42,2540,0,425.2,526.0
42,2540,1,27.0,516.0
42,2541,1,399.5,481.0
42,2541,1,251.0,487.0
42,2541,0,216.4,536.5
42,2541,0,427.5,527.0
42,2541,0,179.4,604.5
42,2541,0,471.8,588.0
42,2541,1,608.0,507.2
42,2541,0,635.0,464.2
42,2541,1,17.8,524.0
42,2541,1,604.0,216.2
42,2541,1,18.2,639.5
42,2541,0,411.5,476.0
42,2541,1,18.3,639.0
42,2541,0,243.5,483.2
42,2541,0,177.8,535.0
42,2542,0,212.9,540.5
42,2542,1,399.2,480.5
42,2542,1,249.8,487.0
42,2542,0,427.5,528.0
42,2542,1,613.0,504.5
42,2542,1,609.0,210.8
42,2542,0,175.8,606.5
42,2542,0,411.0,476.5
42,2542,0,635.0,469.5
42,2542,0,428.5,529.5
42,2542,1,7.9,527.5
42,2542,0,100.4,640.0
42,2542,0,636.0,461.5
42,2543,1,398.0,482.0
42,2543,0,210.1,543.0
42,2543,1,613.0,208.8
42,2543,1,247.2,490.8
42,2543,0,427.0,529.5
42,2543,1,618.0,535.0
42,2543,0,531.0,634.0
42,2543,1,247.4,484.5
42,2543,0,171.0,556.0
42,2543,1,4.7,529.0
42,2543,1,94.4,466.5
42,2543,1,177.0,442.0
42,2543,0,173.8,610.5
42,2543,1,4.8,638.0
42,2543,0,637.0,456.8
42,2544,1,399.5,481.8
42,2544,1,629.0,550.5
42,2544,0,210.0,541.0
42,2544,1,247.5,486.0
42,2544,0,170.5,539.0
42,2544,1,629.5,202.5
42,2544,1,93.8,470.2
42,2544,0,412.2,472.5
42,2544,0,475.0,546.5
42,2544,0,171.1,554.5
42,2544,0,537.0,632.0
42,2544,0,172.2,613.0
42,2544,1,630.0,526.0
42,2545,0,210.8,545.0
42,2545,1,401.0,485.0
42,2545,1,248.5,488.0
42,2545,0,173.0,616.0
42,2545,1,633.0,206.2
42,2545,0,170.2,566.0
42,2545,0,170.2,621.0
42,2545,1,635.0,564.0
42,2545,0,432.0,534.5
42,2545,1,635.0,396.5
42,2545,0,478.5,551.0
42,2546,0,206.5,546.0
42,2546,1,246.2,490.2
42,2546,1,400.0,487.0
42,2546,0,167.5,626.0
42,2546,0,431.0,537.0
42,2546,0,141.2,456.5
42,2546,0,237.5,492.0
42,2546,0,476.5,552.0
42,2546,0,413.0,482.5
42,2546,1,408.5,88.8
42,2547,0,206.5,546.0
42,2547,1,401.0,487.0
42,2547,1,246.5,488.5
42,2547,0,165.5,556.0
42,2547,0,432.0,536.5
42,2547,0,165.9,623.5
42,2548,0,208.4,551.0
42,2548,1,405.0,488.5
42,2548,1,247.2,492.5
42,2548,0,484.2,560.5
42,2548,0,437.0,540.5
42,2548,0,239.5,492.5
42,2548,0,167.0,548.0
42,2549,0,202.0,555.5
42,2549,1,400.8,488.5
42,2549,0,483.5,564.0
42,2549,1,243.8,489.0
42,2549,0,131.5,465.0
42,2549,1,82.5,469.0
42,2549,0,234.0,494.0
42,2549,0,158.4,554.5
42,2550,0,203.4,555.0
42,2550,1,406.5,492.5
42,2550,1,245.8,494.5
42,2550,0,438.0,543.0
42,2550,0,488.5,564.5
42,2550,0,134.0,462.5
42,2550,0,158.5,553.0
42,2551,0,201.8,554.5
42,2551,1,403.5,489.5
42,2551,1,243.5,494.5
42,2551,1,81.6,481.5
42,2551,0,489.0,564.0
42,2551,0,438.5,542.5
42,2551,0,154.2,551.5
42,2551,0,153.8,609.0
42,2552,0,198.8,557.0
42,2552,1,402.5,490.0
42,2552,0,490.0,566.0
42,2552,1,241.1,498.0
42,2552,0,153.5,563.0
42,2552,1,79.3,489.2
42,2552,0,437.5,544.0
42,2552,0,123.6,467.5
42,2553,0,196.4,559.5
42,2553,1,239.5,496.0
42,2553,1,402.8,488.5
42,2553,0,493.5,564.0
42,2553,1,239.9,491.0
42,2553,0,440.0,547.5
42,2553,0,148.0,578.0
42,2554,0,198.9,560.0
42,2554,1,407.0,487.0
42,2554,1,244.0,495.5
42,2554,0,499.0,569.5
42,2554,1,79.9,505.8
42,2554,0,148.5,622.0
42,2555,0,194.8,565.0
42,2555,1,405.0,492.5
42,2555,1,239.2,500.5
42,2555,0,141.5,586.5
42,2555,0,499.8,575.0
42,2555,1,17.0,639.0
42,2556,0,194.0,566.0
42,2556,1,406.5,493.5
42,2556,1,239.2,501.5
42,2556,0,500.8,577.0
42,2556,0,140.1,586.5
42,2557,0,192.9,569.0
42,2557,1,8.5,594.5
42,2557,1,407.5,494.5
42,2557,0,137.8,630.5
42,2557,1,239.2,502.0
42,2557,0,424.0,492.0
42,2557,1,240.8,503.0
42,2558,0,192.5,571.5
42,2558,1,239.9,502.5
42,2558,1,408.0,497.0
42,2558,0,137.4,602.0
42,2558,0,613.0,478.5
42,2558,0,510.8,572.5
42,2559,0,187.6,574.5
42,2559,1,236.1,506.0
42,2559,1,407.0,499.5
42,2559,0,130.4,586.0
42,2559,1,237.8,484.0
42,2560,0,188.8,576.5
42,2560,1,409.8,502.8
42,2560,1,238.9,505.0
42,2560,0,427.0,500.5
42,2561,1,238.5,506.0
42,2561,0,186.5,582.0
42,2561,0,621.0,478.0
42,2561,1,410.5,505.5
42,2561,0,523.0,594.0
42,2561,1,586.5,468.5
42,2562,0,183.1,594.5
42,2562,1,236.0,518.0
42,2562,1,411.8,511.5
42,2562,1,237.5,504.0
42,2563,1,410.2,514.0
42,2563,1,234.2,520.5
42,2563,0,180.2,600.0
42,2563,0,117.4,617.0
42,2563,0,533.0,625.0
42,2564,1,412.2,516.0
42,2564,1,234.2,522.0
42,2564,0,178.2,603.0
42,2564,1,126.4,213.1
42,2565,1,234.6,521.0
42,2565,0,177.8,605.0
42,2565,1,56.9,531.0
42,2565,0,109.2,638.0
42,2565,0,567.0,461.0
42,2565,0,620.0,482.0
42,2565,1,414.0,512.0
42,2566,1,232.0,522.0
42,2566,0,172.8,607.5
42,2566,1,413.0,512.0
42,2566,0,17.8,522.0
42,2566,0,614.0,466.5
42,2566,1,408.5,85.6
42,2567,0,166.2,609.0
42,2567,1,230.5,521.0
42,2567,1,412.0,514.0
42,2567,0,548.0,627.0
42,2568,0,168.0,614.0
42,2568,1,232.5,523.0
42,2568,0,559.0,638.5
42,2568,1,416.2,487.5
42,2569,0,166.8,616.5
42,2569,1,230.0,526.5
42,2569,0,561.0,639.5
42,2569,0,636.0,479.5
42,2569,0,637.0,478.5
42,2569,0,619.0,487.5
42,2569,1,414.5,502.2
42,2570,0,164.9,624.0
42,2570,1,228.8,534.0
42,2570,1,114.9,457.0
42,2570,0,568.0,628.5
42,2570,1,415.0,489.5
42,2571,0,162.0,629.0
42,2571,1,229.5,537.0
42,2571,1,112.4,463.5
42,2571,1,418.0,533.5
42,2571,1,609.0,512.0
42,2572,1,610.0,523.5
42,2572,0,155.4,639.0
42,2572,1,225.5,523.5
42,2572,0,587.0,640.0
42,2572,1,417.5,537.0
42,2573,1,419.8,542.0
42,2573,1,227.0,551.0
42,2573,0,65.5,637.0
42,2574,0,153.4,639.0
42,2574,1,421.2,545.5
42,2574,1,618.0,508.0
42,2574,1,26.4,568.0
42,2575,0,149.1,639.0
42,2575,1,418.0,545.5
42,2575,0,50.4,637.5
42,2575,1,617.0,503.5
42,2576,1,420.5,547.0
42,2576,0,144.8,638.0
42,2576,1,17.5,569.0
42,2576,1,423.5,543.0
42,2576,1,20.5,566.0
42,2577,1,422.8,553.0
42,2577,0,145.1,640.0
42,2577,0,37.6,640.0
42,2577,0,140.0,633.0
42,2577,1,294.0,376.2
42,2577,1,17.4,571.0
42,2578,1,420.0,555.0
42,2578,0,134.4,633.5
42,2578,1,216.2,561.5
42,2578,1,10.6,572.5
42,2578,1,409.0,95.3
42,2579,0,131.8,640.0
42,2579,1,422.0,559.0
42,2579,1,216.1,561.5
42,2580,1,423.2,559.0
42,2580,0,133.0,640.0
42,2580,1,216.0,560.5
42,2581,1,425.5,561.5
42,2581,0,132.9,640.0
42,2581,1,123.9,467.8
42,2581,1,216.2,563.5
42,2581,1,123.7,458.5
42,2582,1,425.0,559.5
42,2582,1,214.2,561.5
42,2582,0,126.2,639.0
42,2582,1,233.9,333.8
42,2582,0,120.9,631.5
42,2582,1,10.0,554.5
42,2583,1,427.5,556.0
42,2583,0,118.2,634.0
42,2583,1,214.8,563.0
42,2583,1,226.0,430.0
42,2584,1,426.5,559.0
42,2584,1,211.8,566.0
42,2584,0,113.4,636.5
42,2584,1,233.5,333.0
42,2584,1,108.8,488.5
42,2585,1,426.0,561.0
42,2585,0,105.6,632.5
42,2585,1,232.5,335.2
42,2585,0,106.4,639.0
42,2585,1,208.8,569.5
42,2586,1,432.2,564.5
42,2586,0,103.4,628.0
42,2586,0,103.9,637.0
42,2586,1,211.5,572.0
42,2586,1,437.8,562.0
42,2587,0,100.5,640.0
42,2587,1,430.0,566.0
42,2587,1,232.0,336.2
42,2587,1,207.0,572.0
42,2587,1,206.5,572.5
42,2587,1,289.8,365.0
42,2588,1,432.8,570.0
42,2588,1,207.1,574.0
42,2588,0,95.9,640.0
42,2588,1,233.1,336.0
42,2588,1,430.5,477.0
42,2589,1,435.0,572.5
42,2589,1,207.2,575.5
42,2589,0,96.2,640.0
42,2589,1,108.6,630.5
42,2589,1,234.5,335.5
42,2590,1,434.2,572.0
42,2590,1,232.2,335.2
42,2590,1,203.2,578.5
42,2590,0,87.7,640.0
42,2590,1,197.8,579.0
42,2590,1,200.8,581.0
42,2590,1,91.7,636.0
42,2591,1,433.2,573.5
42,2591,0,182.0,562.5
42,2591,1,200.0,558.0
42,2591,1,221.0,427.8
42,2591,0,79.3,638.0
42,2592,1,438.8,574.0
42,2592,1,232.8,334.0
42,2592,1,201.0,580.0
42,2593,1,438.8,573.0
42,2593,0,68.1,639.0
42,2593,1,198.5,596.5
42,2593,1,196.0,549.0
42,2594,1,438.2,575.0
42,2594,1,196.0,585.0
42,2594,1,288.5,360.2
42,2594,0,61.8,639.0
42,2595,1,440.0,577.0
42,2595,1,196.0,592.5
42,2595,0,8.4,521.0
42,2595,1,221.8,424.8
42,2596,1,444.2,579.0
42,2596,0,6.5,552.5
42,2596,1,190.9,593.5
42,2596,0,482.0,587.5
42,3193,1,52.8,514.0
42,3193,1,388.0,484.0
42,3193,0,229.9,478.8
42,3193,0,253.1,441.5
42,3193,0,246.0,452.0
42,3193,0,23.5,517.5
42,3193,0,245.1,456.0
42,3193,0,470.0,609.0
42,3193,0,261.8,427.5
42,3193,0,183.2,566.5
42,3193,0,230.9,468.8
42,3193,0,425.8,560.5
42,3193,0,182.2,428.5
42,3194,1,49.4,511.5
42,3194,1,387.8,488.5
42,3194,0,244.5,450.2
42,3194,0,251.8,442.5
42,3194,0,228.8,482.5
42,3194,0,17.3,512.5
42,3194,1,555.0,428.0
42,3194,0,246.0,445.2
42,3194,0,180.1,429.8
42,3194,0,180.8,567.0
42,3194,0,242.8,457.5
42,3194,1,577.0,110.4
42,3194,0,260.5,427.5
42,3194,1,45.7,512.5
42,3194,0,427.0,563.5
42,3194,0,158.2,431.0
42,3194,1,578.0,70.1
42,3194,0,140.5,437.5
42,3195,1,49.2,508.0
42,3195,0,229.6,477.5
42,3195,0,253.2,440.5
42,3195,0,245.1,454.0
42,3195,1,389.8,487.8
42,3195,1,561.0,431.0
42,3195,0,262.0,426.5
42,3195,0,180.8,567.5
42,3195,1,262.2,427.5
42,3195,1,46.5,509.2
42,3195,0,181.0,425.5
42,3195,1,631.0,550.0
42,3195,0,381.0,473.2
42,3195,0,16.2,517.0
42,3196,1,390.0,491.5
42,3196,0,252.4,442.5
42,3196,0,245.2,449.0
42,3196,0,229.0,483.0
42,3196,1,613.0,58.8
42,3196,0,13.4,518.0
42,3196,0,478.0,609.0
42,3196,0,261.2,427.0
42,3196,0,244.2,456.5
42,3196,0,179.2,425.0
42,3196,1,45.5,510.2
42,3196,1,47.1,510.0
42,3196,0,121.8,634.0
42,3196,0,381.5,478.5
42,3196,1,218.0,491.5
42,3197,0,229.2,483.0
42,3197,0,245.8,451.0
42,3197,0,252.8,442.5
42,3197,0,244.4,456.2
42,3197,0,178.5,429.5
42,3197,0,178.8,573.0
42,3197,0,228.0,482.5
42,3197,0,261.5,428.8
42,3197,1,390.8,489.5
42,3197,0,431.0,569.0
42,3197,0,11.7,520.5
42,3197,0,114.9,461.0
42,3197,0,432.0,568.0
42,3197,1,627.0,69.8
42,3197,0,370.5,426.5
42,3197,0,355.5,426.5
42,3197,0,382.2,475.5
42,3198,0,230.5,490.5
42,3198,1,574.0,472.0
42,3198,1,42.3,473.5
42,3198,0,9.0,531.0
42,3198,0,388.5,481.5
42,3198,0,229.8,492.0
42,3198,1,219.0,506.8
42,3198,0,247.1,464.0
42,3198,1,397.5,493.8
42,3198,0,374.8,423.5
42,3198,0,256.1,447.5
42,3198,1,455.5,436.5
42,3198,0,637.0,629.0
42,3199,0,232.8,488.0
42,3199,1,577.0,476.0
42,3199,0,9.8,532.0
42,3199,0,256.9,445.0
42,3199,0,390.2,478.0
42,3199,1,44.1,476.0
42,3199,0,248.0,464.8
42,3199,1,266.5,429.8
42,3199,0,409.0,519.0
42,3199,0,247.2,465.0
42,3200,0,232.6,489.0
42,3200,1,578.5,477.0
42,3200,0,9.2,531.0
42,3200,0,257.2,445.0
42,3200,0,248.0,465.5
42,3200,0,247.5,465.0
42,3200,0,391.0,477.8
42,3200,0,377.5,421.5
42,3200,1,43.6,477.0
42,3200,0,390.0,479.0
42,3200,0,21.6,462.5
42,3200,1,267.2,429.0
42,3201,0,230.2,488.8
42,3201,0,6.9,535.0
42,3201,0,389.2,481.5
42,3201,1,577.0,483.5
42,3201,0,247.0,465.8
42,3201,1,218.2,503.5
42,3201,0,389.2,483.5
42,3201,0,229.1,489.5
42,3201,0,500.8,637.5
42,3201,0,375.8,422.8
42,3201,0,256.1,447.8
42,3201,0,245.8,468.0
42,3201,0,372.2,424.0
42,3201,0,442.2,583.0
42,3201,0,106.9,633.5
42,3201,1,210.8,508.0
42,3201,0,247.0,449.0
42,3201,1,265.0,431.2
42,3202,0,231.5,491.0
42,3202,0,6.4,537.0
42,3202,0,106.1,633.0
42,3202,1,579.0,493.5
42,3202,0,247.9,463.8
42,3202,0,390.8,484.2
42,3202,0,256.5,447.5
42,3202,0,230.4,493.2
42,3202,0,247.2,464.5
42,3202,1,219.1,507.0
42,3202,1,41.7,519.0
42,3202,1,266.2,431.0
42,3202,0,377.5,423.2
42,3203,0,231.0,491.0
42,3203,0,5.5,539.5
42,3203,1,40.8,520.0
42,3203,1,219.0,508.0
42,3203,0,256.5,448.0
42,3203,0,247.9,465.5
42,3203,1,266.2,431.5
42,3203,0,230.0,493.5
42,3203,0,105.8,637.5
42,3203,0,247.0,468.8
42,3203,0,391.0,484.5
42,3203,1,579.5,497.5
42,3203,0,377.5,425.0
42,3203,0,247.6,445.2
42,3204,0,230.4,490.5
42,3204,1,39.1,521.5
42,3204,0,247.1,466.0
42,3204,0,4.3,543.0
42,3204,1,218.4,506.5
42,3204,0,229.2,491.0
42,3204,0,391.0,483.2
42,3204,0,256.4,448.0
42,3204,1,266.2,433.0
42,3204,0,377.0,421.8
42,3204,0,360.5,429.0
42,3204,0,372.5,424.5
42,3205,0,229.5,492.5
42,3205,1,37.3,524.5
42,3205,1,218.1,507.2
42,3205,0,246.9,472.0
42,3205,0,391.0,488.0
42,3205,0,246.9,456.8
42,3205,0,377.5,423.0
42,3205,1,411.2,530.0
42,3205,1,38.2,523.5
42,3205,1,265.2,432.0
42,3205,0,228.2,492.0
42,3205,0,409.5,529.0
42,3205,0,506.5,629.0
42,3205,0,445.2,589.5
42,3205,0,371.0,426.5
42,3205,0,361.8,432.0
42,3205,0,581.5,507.0
42,3205,0,255.5,448.2
42,3206,0,229.0,498.0
42,3206,1,35.7,529.5
42,3206,1,401.2,504.5
42,3206,1,35.8,529.5
42,3206,0,246.6,475.0
42,3206,1,218.0,509.5
42,3206,0,228.5,497.5
42,3206,0,509.5,636.0
42,3206,0,378.0,428.5
42,3206,0,447.0,594.5
42,3206,1,265.8,437.8
42,3206,0,3.2,488.0
42,3206,0,393.0,491.5
42,3206,0,247.1,461.5
42,3206,0,361.5,435.0
42,3207,0,231.5,500.0
42,3207,1,404.0,506.5
42,3207,0,452.5,599.0
42,3207,1,268.0,436.0
42,3207,0,257.4,452.5
42,3207,0,247.8,476.0
42,3207,0,515.5,633.0
42,3207,1,219.0,511.0
42,3207,0,380.8,427.0
42,3207,1,37.5,528.0
42,3207,1,37.1,529.5
42,3207,0,230.8,500.2
42,3207,0,416.5,532.0
42,3207,0,394.8,492.0
42,3208,1,36.2,532.5
42,3208,0,233.0,500.0
42,3208,0,258.9,454.0
42,3208,1,220.0,512.0
42,3208,0,249.2,478.5
42,3208,1,270.0,436.5
42,3208,0,524.0,639.0
42,3208,0,419.0,533.0
42,3208,1,173.8,442.5
42,3208,1,172.5,443.2
42,3208,0,92.0,639.5
42,3208,0,250.6,462.0
42,3209,1,268.2,439.0
42,3209,0,230.2,500.5
42,3209,0,248.0,473.5
42,3209,0,418.8,536.5
42,3209,0,229.5,500.5
42,3209,1,217.8,514.0
42,3209,0,256.8,456.0
42,3209,0,397.5,491.0
42,3209,0,382.0,427.5
42,3209,0,167.4,615.0
42,3209,0,397.0,491.8
42,3210,1,216.9,522.0
42,3210,1,268.5,438.0
42,3210,0,247.8,479.5
42,3210,0,229.5,502.0
42,3210,0,459.0,607.5
42,3210,0,256.8,456.2
42,3210,1,408.2,508.0
42,3210,0,229.0,501.5
42,3210,0,420.5,534.0
42,3210,0,398.0,492.0
42,3210,1,622.0,151.8
42,3210,0,397.5,492.5
42,3210,0,165.6,619.0
42,3211,1,267.5,438.0
42,3211,1,214.9,523.0
42,3211,0,460.0,609.0
42,3211,0,247.8,474.0
42,3211,0,419.5,535.5
42,3211,0,227.8,502.0
42,3211,1,24.7,473.0
42,3211,0,534.0,639.5
42,3211,0,246.5,477.2
42,3211,0,398.0,491.0
42,3211,0,256.6,455.8
42,3212,0,253.5,457.0
42,3212,1,264.0,438.0
42,3212,0,243.5,464.2
42,3212,1,210.8,524.0
42,3212,0,396.0,492.8
42,3212,0,382.0,428.2
42,3212,0,460.2,615.0
42,3212,0,420.5,539.0
42,3212,1,15.6,480.2
42,3213,1,411.0,509.0
42,3213,1,267.8,436.5
42,3213,1,18.2,474.5
42,3213,1,213.9,521.0
42,3213,0,247.4,474.5
42,3213,0,227.1,505.0
42,3213,0,425.0,542.0
42,3213,0,467.0,617.5
42,3213,0,246.0,478.0
42,3214,0,425.2,543.0
42,3214,1,267.5,436.0
42,3214,1,412.0,512.5
42,3214,0,225.8,501.5
42,3214,0,401.5,494.8
42,3214,1,211.2,527.0
42,3214,0,246.0,475.5
42,3214,0,151.4,460.0
42,3214,0,255.8,461.8
42,3215,0,425.0,545.0
42,3215,0,252.9,456.0
42,3215,1,608.5,138.8
42,3215,0,36.7,640.0
42,3215,0,241.8,470.5
42,3215,0,222.4,508.0
42,3215,1,263.8,437.5
42,3215,1,410.8,510.5
42,3215,0,144.0,460.0
42,3215,0,40.0,502.0
42,3215,0,155.0,447.5
42,3215,1,162.8,446.0
42,3216,0,30.1,636.0
42,3216,1,263.8,438.5
42,3216,0,252.5,462.0
42,3216,1,411.0,512.5
42,3216,1,612.0,411.5
42,3216,0,241.4,469.0
42,3216,0,425.5,548.5
42,3216,1,162.2,448.5
42,3216,0,221.0,508.0
42,3216,1,366.2,432.5
42,3217,1,615.0,509.0
42,3217,1,263.2,440.2
42,3217,0,250.8,459.5
42,3217,0,425.8,550.5
42,3217,1,161.1,445.5
42,3217,0,239.8,473.2
42,3217,0,240.6,458.8
42,3217,0,219.1,516.0
42,3217,0,138.0,464.0
42,3217,1,628.0,136.2
42,3217,1,411.0,516.0
42,3218,1,616.0,509.0
42,3218,0,250.1,458.2
42,3218,0,239.2,474.5
42,3218,1,262.5,440.5
42,3218,0,240.1,458.0
42,3218,0,219.2,517.5
42,3218,1,160.2,445.5
42,3218,0,426.2,551.0
42,3218,0,262.5,441.0
42,3218,0,18.8,640.0
42,3219,1,263.5,439.8
42,3219,0,11.4,639.5
42,3219,0,239.2,473.5
42,3219,0,570.0,639.5
42,3219,0,250.4,460.0
42,3219,0,402.0,503.5
42,3219,0,426.5,556.5
42,3219,0,218.9,515.0
42,3219,0,384.5,427.2
42,3219,1,596.0,465.5
42,3220,0,10.3,639.5
42,3220,0,252.1,459.0
42,3220,0,429.2,556.0
42,3220,0,404.5,505.8
42,3220,0,240.9,471.8
42,3220,1,264.0,440.0
42,3220,0,219.6,517.0
42,3221,0,251.0,463.2
42,3221,0,403.5,505.0
42,3221,1,264.0,440.8
42,3221,0,218.8,512.0
42,3221,0,239.4,476.8
42,3221,0,429.0,556.5
42,3221,1,625.0,470.5
42,3221,0,240.2,460.5
42,3221,1,160.4,445.5
42,3222,1,631.0,481.8
42,3222,1,263.5,441.2
42,3222,0,250.5,460.5
42,3222,0,387.2,433.0
42,3222,0,238.0,483.8
42,3222,1,201.0,536.5
42,3222,0,405.0,507.5
42,3222,1,417.0,528.5
42,3223,0,249.0,463.5
42,3223,1,199.1,547.0
42,3223,1,628.5,499.5
42,3223,1,261.2,442.8
42,3223,0,236.8,484.8
42,3223,1,630.0,498.0
42,3223,0,430.0,562.0
42,3223,0,185.5,563.0
42,3223,1,630.0,498.5
42,3223,0,214.6,519.5
42,3223,0,122.5,479.0
42,3223,0,403.5,512.5
42,3224,1,199.2,548.5
42,3224,0,250.0,463.8
42,3224,1,262.5,443.0
42,3224,1,634.0,522.0
42,3224,0,387.8,438.5
42,3224,0,237.1,487.5
42,3224,1,418.0,534.0
42,3224,0,215.0,524.5
42,3224,0,261.5,444.0
42,3224,0,147.2,452.0
42,3224,0,185.8,558.5
42,3224,0,147.8,451.0
42,3224,1,158.0,451.5
42,3225,0,248.6,466.0
42,3225,1,196.0,552.0
42,3225,1,261.0,445.5
42,3225,0,236.0,486.0
42,3225,0,434.8,572.0
42,3225,0,213.0,527.0
42,3225,0,386.8,445.0
42,3225,1,636.0,536.0
42,3225,1,417.5,536.0
42,3225,0,183.0,555.5
42,3225,0,115.9,481.8
42,3225,0,8.0,511.0
42,3225,0,10.9,520.0
42,3226,0,246.9,469.0
42,3226,0,9.3,523.0
42,3226,1,260.2,447.8
42,3226,0,234.5,487.5
42,3226,1,193.5,560.0
42,3226,0,141.5,457.5
42,3226,0,386.0,443.2
42,3226,1,636.0,537.5
42,3226,0,211.1,527.5
42,3226,0,74.2,460.8
42,3226,1,417.2,537.5
42,3226,0,153.8,451.5
42,3227,0,247.9,469.5
42,3227,0,387.5,444.8
42,3227,0,235.6,493.0
42,3227,1,194.0,562.5
42,3227,1,261.0,449.2
42,3227,0,10.2,521.0
42,3227,1,418.8,539.5
42,3227,1,261.5,447.2
42,3227,0,75.1,465.5
42,3227,0,142.2,457.0
42,3228,0,246.8,470.5
42,3228,0,387.0,444.8
42,3228,1,258.9,446.0
42,3228,0,233.0,499.0
42,3228,0,26.6,517.0
42,3228,1,418.8,540.5
42,3228,1,191.2,561.0
42,3229,0,387.0,448.5
42,3229,0,245.4,471.5
42,3229,1,257.8,449.2
42,3229,0,231.5,498.2
42,3229,1,418.2,543.5
42,3229,0,207.0,536.0
42,3229,1,258.0,446.0
42,3230,0,245.9,469.8
42,3230,0,389.2,442.0
42,3230,1,259.2,444.0
42,3230,0,232.4,493.0
42,3230,0,378.2,437.0
42,3230,1,422.5,543.5
42,3230,0,207.4,535.5
42,3230,0,72.8,502.5
42,3231,0,245.2,471.5
42,3231,0,231.2,499.2
42,3231,0,389.5,445.0
42,3231,1,258.8,445.5
42,3231,0,206.0,538.5
42,3231,0,93.2,500.5
42,3231,0,68.7,512.0
42,3231,0,140.2,458.5
42,3231,1,258.5,446.8
42,3231,0,378.5,434.0
42,3231,0,4.9,535.0
42,3231,0,366.2,444.0
42,3231,1,187.4,567.0
42,3231,1,150.2,454.5
42,3232,0,388.8,449.5
42,3232,1,184.8,575.0
42,3232,1,256.8,447.5
42,3232,0,378.0,444.0
42,3232,1,600.5,512.0
42,3232,0,243.2,476.0
42,3232,0,87.9,511.0
42,3232,0,229.2,501.5
42,3232,0,169.6,578.0
42,3232,0,137.6,464.0
42,3232,0,203.9,543.5
42,3232,1,423.0,552.0
42,3232,1,256.8,450.5
42,3233,1,183.2,582.5
42,3233,1,613.5,502.0
42,3233,1,256.9,455.5
42,3233,0,389.8,452.0
42,3233,0,166.5,586.0
42,3233,0,242.5,480.8
42,3233,0,228.6,509.0
42,3233,0,390.5,456.2
42,3233,0,85.4,640.0
42,3233,0,379.2,449.5
42,3233,0,391.0,504.2
42,3233,0,137.5,470.0
42,3234,0,389.5,455.0
42,3234,1,180.8,587.0
42,3234,0,241.8,483.0
42,3234,0,201.0,554.5
42,3234,0,228.2,508.8
42,3234,1,256.5,457.5
42,3234,0,378.8,449.5
42,3234,0,76.8,638.5
42,3234,1,425.5,565.0
42,3234,1,256.2,457.0
42,3235,1,180.5,588.0
42,3235,0,390.5,455.5
42,3235,0,201.0,557.0
42,3235,0,241.8,485.0
42,3235,0,72.8,527.0
42,3235,1,257.0,456.5
42,3235,0,228.4,511.2
42,3235,0,380.0,451.0
42,3235,0,101.9,491.8
42,3235,1,630.0,523.5
42,3236,1,181.0,592.0
42,3236,1,634.0,524.0
42,3236,1,258.8,458.0
42,3236,0,69.1,526.5
42,3236,0,243.5,487.0
42,3236,0,228.9,514.5
42,3236,0,103.7,491.8
42,3236,0,394.8,458.5
42,3236,1,431.5,572.0
42,3236,0,202.0,557.0
42,3236,0,451.5,620.5
42,3236,1,258.5,458.8
42,3236,1,635.5,526.0
42,3236,0,382.2,450.5
42,3237,0,244.5,490.0
42,3237,1,260.0,465.5
42,3237,1,180.0,600.5
42,3237,0,229.0,515.0
42,3237,0,396.5,464.8
42,3237,0,201.8,565.5
42,3237,0,103.6,497.5
42,3237,1,259.5,465.5
42,3237,1,434.0,578.0
42,3237,0,384.2,455.5
42,3237,0,373.2,461.5
42,3237,1,373.0,461.0
42,3238,0,199.2,568.5
42,3238,0,241.6,491.0
42,3238,1,175.5,601.5
42,3238,0,382.5,452.0
42,3238,0,394.8,467.5
42,3238,1,257.5,462.0
42,3238,0,227.5,517.0
42,3238,0,100.4,501.5
42,3238,1,432.8,582.5
42,3238,0,175.8,604.0
42,3239,1,259.4,463.5
42,3239,1,177.0,602.0
42,3239,0,243.5,492.0
42,3239,0,101.2,500.0
42,3239,1,436.5,583.0
42,3239,0,398.0,468.8
42,3239,0,200.4,567.0
42,3239,0,228.2,519.5
42,3239,0,158.2,531.0
42,3239,0,384.5,457.0
42,3239,1,373.0,460.5
42,3239,0,373.5,461.5
42,3240,0,398.5,465.5
42,3240,0,244.6,489.0
42,3240,1,260.5,463.0
42,3240,1,438.8,583.0
42,3240,0,200.0,567.0
42,3240,1,176.4,600.5
42,3240,0,386.5,453.0
42,3240,0,228.8,518.0
42,3240,0,617.5,517.0
42,3240,0,101.8,495.5
42,3241,0,241.4,491.5
42,3241,1,436.0,585.5
42,3241,0,196.9,568.0
42,3241,0,396.5,463.5
42,3241,1,257.2,460.0
42,3241,0,98.1,498.5
42,3241,1,173.2,601.0
42,3241,0,173.2,605.0
42,3241,0,372.8,461.0
42,3241,0,618.0,516.5
42,3241,1,372.0,459.8
42,3241,0,384.0,456.5
42,3241,0,152.9,619.0
42,3242,0,399.0,465.0
42,3242,1,440.0,588.0
42,3242,0,99.8,498.0
42,3242,0,199.1,571.0
42,3242,1,259.5,461.5
42,3242,0,243.1,490.5
42,3242,0,387.0,456.5
42,3242,1,174.5,605.0
42,3242,0,174.5,606.0
42,3242,0,227.8,518.0
42,3242,0,47.1,639.0
42,3243,1,438.2,592.0
42,3243,1,169.8,607.0
42,3243,0,95.2,498.0
42,3243,0,397.0,464.2
42,3243,0,33.1,505.0
42,3243,0,147.4,613.0
42,3244,0,398.2,474.0
42,3244,1,440.5,594.5
42,3244,1,170.4,610.0
42,3244,0,95.6,499.0
42,3244,1,257.1,466.5
42,3244,0,147.8,610.0
42,3244,0,386.5,461.0
42,3244,0,241.0,492.5
42,3244,0,194.2,568.5
42,3244,0,148.8,536.0
42,3245,0,398.5,468.0
42,3245,1,168.5,615.0
42,3245,0,94.8,502.5
42,3245,1,442.0,598.0
42,3245,1,256.5,467.5
42,3245,0,26.3,559.0
42,3245,0,387.0,462.0
42,3245,0,552.0,598.5
42,3245,0,146.8,609.0
42,3245,0,44.8,510.5
42,3246,1,168.2,618.0
42,3246,0,43.4,507.2
42,3246,0,94.6,502.5
42,3246,1,256.9,468.2
42,3246,0,400.0,479.0
42,3246,0,22.2,566.0
42,3246,0,444.5,599.5
42,3246,0,388.0,465.0
42,3246,0,145.5,627.0
42,3247,1,168.0,620.0
42,3247,0,95.1,502.0
42,3247,0,20.3,560.0
42,3247,0,44.7,510.8
42,3247,1,258.8,466.5
42,3247,0,242.0,495.5
42,3247,0,389.5,461.5
42,3247,1,258.5,467.0
42,3247,0,402.0,467.0
42,3247,0,194.0,581.0
42,3248,1,168.9,621.0
42,3248,0,243.4,495.5
42,3248,0,96.4,502.5
42,3248,1,260.2,464.8
42,3248,0,195.2,580.0
42,3248,0,403.8,478.0
42,3248,0,391.5,461.5
42,3248,1,449.0,598.0
42,3248,0,611.5,466.8
42,3249,1,170.5,617.5
42,3249,0,245.8,492.0
42,3249,0,405.5,465.5
42,3249,1,262.0,464.5
42,3249,0,197.2,580.0
42,3249,1,262.5,464.0
42,3249,1,452.0,601.0
42,3249,0,99.2,500.5
42,3249,0,620.0,443.2
42,3249,0,394.5,460.5
42,3250,1,166.5,621.0
42,3250,0,94.9,499.5
42,3250,0,404.0,459.8
42,3250,1,259.5,461.8
42,3250,0,242.0,491.8
42,3250,1,260.1,460.5
42,3250,0,392.0,461.5
42,3250,1,450.2,601.5
42,3250,0,7.8,595.5
42,3250,0,40.5,510.0
42,3250,0,141.0,630.5
42,3250,0,625.0,456.5
42,3250,0,580.5,633.5
42,3251,1,167.4,620.0
42,3251,0,405.0,467.2
42,3251,0,243.8,492.0
42,3251,0,41.6,529.5
42,3251,1,454.0,606.0
42,3251,1,259.2,464.5
42,3251,1,260.8,462.2
42,3251,0,586.0,633.0
42,3251,0,394.5,462.0
42,3251,0,98.6,498.5
42,3251,0,632.0,464.5
42,3251,0,41.0,508.2
42,3251,0,194.4,579.0
42,3252,1,166.8,621.5
42,3252,0,244.9,491.5
42,3252,1,456.0,608.0
42,3252,0,593.0,640.0
42,3252,0,40.6,504.0
42,3252,0,99.2,498.5
42,3252,1,261.8,460.0
42,3252,1,260.8,462.5
42,3252,0,407.0,455.5
42,3252,0,395.5,457.0
42,3252,0,194.5,579.5
42,3253,0,40.8,527.0
42,3253,1,166.2,621.0
42,3253,0,245.2,490.5
42,3253,1,262.0,459.0
42,3253,1,458.0,609.5
42,3253,0,98.4,496.8
42,3253,1,261.5,461.2
42,3253,0,603.0,640.0
42,3253,0,226.8,519.0
42,3253,0,193.9,578.0
42,3254,0,38.3,528.5
42,3254,1,164.2,623.0
42,3254,1,261.5,459.5
42,3254,0,243.8,490.2
42,3254,1,459.0,610.5
42,3254,0,96.2,498.0
42,3254,0,37.8,504.0
42,3254,0,486.0,427.5
42,3254,0,137.9,635.0
42,3254,0,190.2,579.5
42,3255,0,245.0,489.5
42,3255,1,163.8,623.5
42,3255,0,38.1,511.5
42,3255,1,260.9,460.5
42,3255,0,94.6,495.0
42,3255,1,262.0,458.5
42,3255,1,462.5,610.0
42,3255,0,137.2,637.5
42,3255,0,409.5,443.5
42,3255,0,398.2,454.0
42,3255,0,490.5,426.5
42,3255,0,226.1,522.0
42,3255,0,618.0,640.0
42,3256,0,244.2,492.0
42,3256,0,35.9,511.5
42,3256,1,262.0,458.5
42,3256,1,261.5,461.5
42,3256,0,92.1,502.0
42,3256,0,409.5,443.5
42,3256,0,133.2,637.0
42,3256,0,398.5,455.0
42,3256,1,463.5,612.0
42,3256,0,189.8,584.0
42,3257,0,245.2,493.5
42,3257,0,36.6,514.0
42,3257,1,261.4,462.5
42,3257,1,465.5,611.5
42,3257,0,133.9,637.5
42,3257,0,414.0,481.0
42,3257,0,226.2,527.0
42,3257,0,193.2,585.0
42,3257,0,190.2,586.0
42,3258,0,244.2,495.8
42,3258,0,33.2,510.5
42,3258,1,262.0,461.5
42,3258,0,90.8,501.5
42,3258,0,188.8,588.0
42,3258,0,414.0,483.0
42,3258,1,261.8,463.5
42,3258,1,466.0,617.0
42,3258,0,400.0,462.5
42,3258,0,130.6,637.0
42,3258,0,225.2,521.5
42,3259,0,187.0,585.0
42,3259,1,261.5,462.5
42,3259,0,30.2,540.0
42,3259,0,243.0,496.2
42,3259,0,399.0,459.5
42,3259,0,89.1,505.5
42,3259,0,129.1,636.5
42,3259,1,465.0,617.0
42,3259,1,157.1,638.0
42,3259,1,260.8,465.5
42,3259,0,157.8,634.0
42,3259,0,30.2,512.0
42,3260,0,27.6,540.5
42,3260,0,185.5,588.0
42,3260,1,155.5,638.0
42,3260,0,241.9,496.5
42,3260,0,27.4,518.0
42,3260,0,499.0,640.0
42,3260,0,399.0,465.5
42,3260,1,467.5,627.0
42,3260,1,260.5,461.5
42,3260,0,125.8,638.0
42,3260,0,86.2,504.2
42,3260,1,258.8,464.0
42,3261,0,25.7,544.0
42,3261,0,185.0,595.5
42,3261,1,153.8,640.0
42,3261,1,260.2,466.5
42,3261,0,412.0,453.0
42,3261,1,259.2,467.0
42,3261,0,241.0,496.8
42,3261,0,123.2,639.5
42,3261,0,399.0,461.8
42,3261,0,85.3,509.5
42,3261,1,38.8,66.0
42,3262,0,23.6,541.5
42,3262,0,184.5,596.5
42,3262,1,151.5,640.0
42,3262,0,412.5,450.5
42,3262,1,260.5,460.5
42,3262,1,471.0,629.0
42,3262,0,84.6,504.0
42,3262,0,241.2,495.0
42,3262,0,120.4,639.0
42,3262,0,400.0,461.0
42,3262,1,622.0,481.5
42,3263,0,183.4,597.0
42,3263,0,22.1,543.0
42,3263,1,473.0,628.5
42,3263,1,259.5,459.5
42,3263,1,150.0,639.0
42,3263,0,412.0,448.5
42,3263,0,220.2,530.5
42,3263,0,83.2,507.0
42,3263,0,240.0,496.2
42,3263,0,399.5,454.0
42,3264,0,184.9,598.0
42,3264,1,151.0,640.0
42,3264,0,22.8,542.5
42,3264,0,242.2,495.0
42,3264,1,475.5,632.0
42,3264,0,415.5,448.2
42,3264,1,261.2,463.0
42,3265,0,182.5,604.0
42,3265,0,19.5,540.5
42,3265,1,146.8,639.0
42,3265,1,260.6,462.0
42,3265,0,415.2,448.5
42,3265,0,220.1,535.5
42,3265,0,241.0,498.5
42,3265,1,478.2,636.0
42,3266,0,182.5,602.0
42,3266,0,19.6,538.0
42,3266,1,146.8,638.5
42,3266,1,479.5,632.5
42,3266,1,262.5,457.0
42,3266,0,241.8,497.0
42,3266,0,417.0,447.8
42,3266,0,403.8,453.5
42,3266,0,220.8,530.0
42,3266,1,475.8,419.0
42,3267,1,260.5,459.5
42,3267,0,218.8,529.0
42,3267,0,179.5,595.5
42,3267,0,107.6,640.0
42,3267,0,415.5,445.0
42,3267,0,239.8,495.0
42,3267,1,478.5,637.0
42,3267,1,144.0,639.5
42,3267,0,402.5,456.0
42,3267,0,15.6,543.5
42,3268,0,218.1,527.0
42,3268,0,179.0,596.5
42,3268,0,105.3,640.0
42,3268,1,259.5,458.0
42,3268,0,14.3,540.0
42,3268,1,142.6,639.5
42,3268,0,416.0,445.2
42,3269,0,12.3,535.5
42,3269,0,218.4,529.0
42,3269,1,260.0,456.5
42,3269,0,178.4,600.0
42,3269,1,141.1,640.0
42,3269,0,239.8,490.8
42,3269,0,418.5,446.2
42,3269,0,104.9,640.0
42,3269,0,404.5,454.8
42,3270,0,216.8,528.5
42,3270,1,138.8,639.0
42,3270,0,9.8,547.0
42,3270,0,174.9,596.0
42,3270,1,258.8,454.5
42,3270,0,634.0,440.5
42,3270,0,238.8,491.8
42,3270,0,405.5,489.5
42,3270,1,484.0,639.0
42,3270,0,100.6,639.5
42,3270,0,418.0,446.5
42,3271,0,174.4,604.0
42,3271,1,136.0,639.5
42,3271,0,215.2,527.0
42,3271,1,486.5,640.0
42,3271,1,257.8,453.2
42,3271,0,238.6,490.5
42,3271,0,418.5,445.0
42,3271,0,404.5,456.8
42,3272,0,172.9,604.5
42,3272,1,134.5,639.0
42,3272,0,215.1,526.5
42,3272,1,258.5,454.5
42,3272,0,7.4,538.0
42,3272,1,488.5,639.0
42,3272,0,238.6,489.0
42,3272,0,405.5,454.5
42,3272,0,419.8,444.0
42,3272,1,582.0,458.5
42,3273,0,171.4,607.0
42,3273,0,214.5,526.5
42,3273,1,132.1,639.0
42,3273,0,238.0,490.0
42,3273,0,420.8,445.0
42,3273,0,405.5,454.8
42,3273,0,89.9,639.0
42,3273,1,490.5,640.0
42,3273,1,258.2,454.0
42,3274,0,171.2,610.0
42,3274,1,130.5,639.5
42,3274,0,214.2,531.5
42,3274,0,407.5,460.0
42,3274,1,258.2,456.2
42,3274,0,422.5,447.5
42,3274,0,238.5,492.5
42,3274,1,493.0,640.0
42,3275,1,125.8,640.0
42,3275,0,167.8,614.0
42,3275,0,235.8,494.0
42,3275,1,256.9,457.5
42,3275,0,406.5,461.8
42,3275,0,211.4,533.0
42,3275,0,422.0,449.0
42,3275,1,494.0,640.0
42,3276,0,167.2,613.5
42,3276,1,124.6,639.5
42,3276,0,236.5,495.5
42,3276,0,211.6,537.0
42,3276,1,257.2,454.5
42,3276,0,423.5,451.0
42,3276,0,408.5,462.5
42,3276,1,496.8,640.0
42,3276,1,594.0,478.2
42,3276,0,78.0,640.0
42,3277,1,122.2,640.0
42,3277,0,211.2,536.0
42,3277,0,235.9,494.5
42,3277,0,165.5,620.5
42,3277,0,424.0,451.2
42,3277,1,256.8,459.5
42,3277,0,407.8,460.0
42,3278,1,118.2,640.0
42,3278,0,233.8,496.5
42,3278,0,208.4,540.0
42,3278,0,162.0,616.0
42,3278,0,422.5,456.5
42,3278,0,406.5,460.0
42,3278,1,499.2,639.5
42,3278,1,356.2,343.5
42,3278,1,255.2,456.0
42,3279,1,116.8,638.5
42,3279,0,234.2,496.0
42,3279,0,208.1,539.0
42,3279,0,424.5,459.0
42,3279,1,502.2,639.5
42,3279,0,162.4,617.5
42,3279,0,408.0,457.0
42,3279,1,256.2,458.0
42,3279,0,470.5,609.5
42,3279,0,65.6,640.0
42,3280,1,113.8,639.5
42,3280,0,232.8,500.0
42,3280,0,424.5,461.5
42,3280,0,206.2,542.5
42,3280,0,409.0,464.5
42,3280,0,617.0,489.5
42,3280,0,58.8,640.0
42,3281,1,112.5,639.0
42,3281,0,623.0,485.8
42,3281,0,233.4,502.0
42,3281,1,505.5,640.0
42,3281,0,410.0,462.5
42,3281,0,426.0,463.0
42,3281,0,206.9,546.0
42,3281,1,256.0,458.5
42,3281,0,625.0,470.0
42,3281,1,391.0,462.5
42,3282,0,231.5,505.0
42,3282,1,107.2,639.5
42,3282,0,205.5,549.5
42,3282,0,409.0,465.5
42,3282,1,508.0,640.0
42,3282,0,425.2,467.8
42,3282,0,156.0,634.5
42,3282,1,255.2,462.5
42,3282,0,474.5,617.0
42,3283,0,232.4,506.5
42,3283,1,107.9,639.0
42,3283,0,206.1,552.0
42,3283,0,430.8,545.5
42,3283,0,410.5,470.8
42,3283,0,156.5,633.5
42,3283,1,255.8,462.8
42,3283,0,31.7,487.5
42,3283,0,477.0,619.0
42,3284,1,103.2,639.5
42,3284,0,230.4,506.0
42,3284,0,431.5,539.5
42,3284,0,409.2,471.8
42,3284,0,559.0,590.5
42,3284,0,204.2,550.5
42,3284,1,357.8,351.0
42,3284,0,154.2,636.0
42,3284,1,254.9,465.5
42,3284,0,25.8,496.0
42,3285,0,434.0,548.0
42,3285,1,102.2,640.0
42,3285,0,230.6,506.0
42,3285,0,411.0,474.5
42,3285,0,204.2,550.5
42,3285,0,565.0,609.0
42,3285,0,154.2,637.5
42,3285,0,19.8,493.2
42,3285,1,255.2,462.0
42,3285,0,23.7,495.5
42,3286,0,151.0,639.0
42,3286,0,227.6,509.5
42,3286,0,200.2,554.5
42,3286,1,252.6,468.0
42,3286,0,431.8,550.0
42,3286,0,410.5,508.8
42,3286,1,251.0,472.0
42,3286,1,357.0,352.0
42,3286,1,516.5,639.0
42,3287,0,434.0,551.5
42,3287,0,229.2,509.0
42,3287,0,201.1,556.0
42,3287,1,253.5,470.5
42,3287,0,411.0,477.0
42,3287,0,150.5,639.0
42,3287,1,520.5,639.5
42,3287,1,251.5,473.5
42,3287,1,96.8,639.0
42,3287,1,356.0,351.5
42,3287,1,252.4,473.0
42,3288,0,438.5,550.5
42,3288,0,204.8,555.0
42,3288,1,255.9,468.5
42,3288,0,231.4,510.5
42,3288,0,415.0,477.5
42,3288,1,526.5,639.0
42,3288,0,150.2,640.0
42,3288,1,393.5,472.5
42,3288,1,394.5,473.0
42,3289,0,436.0,550.0
42,3289,0,145.4,610.0
42,3289,1,89.5,640.0
42,3289,0,199.8,556.0
42,3289,0,228.2,513.0
42,3289,1,253.2,471.5
42,3289,1,523.5,640.0
42,3289,0,411.8,479.2
42,3289,1,251.5,477.0
42,3289,1,392.0,476.0
42,3290,0,438.8,550.0
42,3290,0,146.5,639.0
42,3290,1,89.1,639.0
42,3290,0,199.8,561.0
42,3290,0,228.8,516.5
42,3290,0,415.0,478.5
42,3290,1,254.5,469.0
42,3290,1,530.0,639.0
42,3290,1,392.0,473.8
42,3290,1,530.5,639.0
42,3291,0,437.0,560.0
42,3291,1,82.4,639.0
42,3291,0,140.5,639.0
42,3291,1,528.5,639.0
42,3291,0,196.5,569.0
42,3291,1,251.2,482.5
42,3291,1,392.0,478.2
42,3291,1,104.4,444.5
42,3291,0,227.0,523.0
42,3291,0,414.2,482.5
42,3291,1,623.0,511.8
42,3291,1,605.0,235.8
42,3291,1,253.0,477.0
42,3292,1,74.4,639.0
42,3292,0,439.2,564.5
42,3292,1,536.0,640.0
42,3292,0,136.8,637.5
42,3292,1,111.1,451.5
42,3292,0,193.8,572.0
42,3292,1,250.2,485.0
42,3292,1,392.0,483.0
42,3292,0,600.5,639.5
42,3292,1,358.0,355.0
42,3292,0,225.6,529.5
42,3292,0,415.5,492.0
42,3293,0,441.0,567.0
42,3293,1,67.0,640.0
42,3293,1,249.6,488.5
42,3293,0,193.0,581.0
42,3293,0,619.0,639.5
42,3293,0,131.5,640.0
42,3293,1,392.2,483.0
42,3293,1,356.5,355.2
42,3293,0,416.5,491.2
42,3293,0,497.5,639.5
42,3294,1,59.2,638.5
42,3294,0,444.8,572.5
42,3294,1,250.0,487.2
42,3294,0,630.0,640.0
42,3294,0,192.0,582.0
42,3294,1,108.4,442.0
42,3294,1,394.5,490.0
42,3294,0,419.2,532.0
42,3294,1,398.2,492.2
42,3295,1,249.0,489.5
42,3295,0,445.5,572.0
42,3295,1,44.8,639.0
42,3295,0,220.6,538.0
42,3295,0,119.4,639.5
42,3295,1,42.9,479.5
42,3295,0,188.6,594.0
42,3295,0,420.0,539.0
42,3295,1,395.0,487.5
42,3295,1,397.0,488.2
42,3295,0,419.0,497.5
42,3295,1,564.0,612.0
42,3295,1,105.0,447.2
42,3296,1,34.8,640.0
42,3296,0,449.0,579.5
42,3296,1,247.2,490.5
42,3296,0,421.5,537.5
42,3296,0,114.5,639.0
42,3296,0,219.0,536.0
42,3296,1,394.5,489.0
42,3296,0,184.5,593.0
42,3296,0,421.5,505.5
42,3297,0,449.0,590.0
42,3297,1,25.5,640.0
42,3297,0,216.5,539.0
42,3297,0,107.5,639.5
42,3297,0,421.5,543.0
42,3297,1,245.9,492.5
42,3297,0,179.5,591.0
42,3297,1,394.0,494.2
42,3297,1,22.8,494.5
42,3297,1,309.2,270.5
42,3297,1,393.0,494.2
42,3297,1,99.0,491.5
42,3298,0,453.0,584.0
42,3298,1,246.0,493.0
42,3298,1,9.9,639.5
42,3298,0,424.8,543.0
42,3298,0,214.8,545.5
42,3298,0,177.8,608.0
42,3298,1,96.8,487.5
42,3298,1,10.9,509.5
42,3298,1,395.5,495.2
42,3299,0,453.8,587.0
42,3299,0,423.8,543.5
42,3299,1,243.8,496.2
42,3299,0,171.2,611.5
42,3299,0,210.6,548.5
42,3299,0,14.3,531.5
42,3299,1,394.0,492.2
42,3299,0,400.5,500.8
42,3300,0,456.8,594.0
42,3300,1,241.8,503.5
42,3300,1,619.0,514.5
42,3300,0,427.0,549.0
42,3300,0,165.5,615.0
42,3301,0,458.0,596.0
42,3301,1,239.8,507.2
42,3301,0,427.0,552.0
42,3301,1,631.0,524.5
42,3301,1,355.5,357.5
42,3301,1,82.1,499.0
42,3302,0,460.5,603.0
42,3302,1,237.4,499.5
42,3302,0,203.0,555.5
42,3302,0,159.0,618.5
42,3302,0,427.0,555.5
42,3302,1,239.0,491.5
42,3303,1,238.8,499.0
42,3303,0,467.2,583.5
42,3303,0,19.8,576.0
42,3303,1,355.8,354.5
42,3303,1,240.1,488.0
42,3303,1,82.6,153.2
42,3303,0,203.9,557.0
42,3304,0,470.2,590.0
42,3304,0,199.4,560.5
42,3304,0,144.9,616.5
42,3304,0,148.5,624.0
42,3305,0,141.4,635.0
42,3305,0,196.8,563.0
42,3305,1,234.8,501.0
42,3305,0,432.5,554.0
42,3305,0,406.5,507.5
42,3305,0,469.0,594.0
42,3306,0,433.5,558.0
42,3306,0,477.2,593.0
42,3306,1,232.5,499.0
42,3306,0,193.6,560.0
42,3306,0,7.1,640.0
42,3306,0,406.8,511.5
42,3307,1,231.8,505.0
42,3307,0,434.2,565.0
42,3307,1,563.0,503.5
42,3307,0,135.5,625.0
42,3307,0,480.5,596.5
42,3308,1,231.2,505.5
42,3308,0,436.5,568.5
42,3308,1,573.0,502.0
42,3308,0,485.2,595.0
42,3308,0,189.9,571.0
42,3309,1,582.5,502.0
42,3309,1,233.4,506.0
42,3309,0,442.5,569.0
42,3309,0,189.6,576.0
42,3309,0,128.2,639.0
42,3309,0,440.0,528.5
42,3310,1,231.8,513.5
42,3310,0,188.0,583.0
42,3310,0,443.5,582.0
42,3310,1,309.5,284.0
42,3310,1,69.1,497.2
42,3310,1,584.0,502.8
42,3311,1,231.4,506.0
42,3311,1,61.0,475.8
42,3311,0,185.2,582.0
42,3311,0,585.0,525.5
42,3311,1,407.8,390.8
42,3311,1,59.0,461.2
42,3311,0,571.0,518.0
42,3311,0,117.6,639.0
42,3312,0,102.4,639.0
42,3312,1,228.8,523.5
42,3312,0,179.1,600.0
42,3312,1,50.7,526.0
42,3312,1,309.0,287.8
42,3312,1,225.9,317.5
42,3312,0,581.0,525.5
42,3312,1,407.2,395.5
42,3313,0,586.0,530.5
42,3313,0,101.6,638.0
42,3313,1,229.6,532.5
42,3313,1,228.0,323.0
42,3313,0,453.5,593.0
42,3313,1,595.0,444.5
42,3313,1,409.5,398.5
42,3313,0,420.5,534.5
42,3313,0,179.2,607.0
42,3313,1,50.5,528.5
42,3314,0,83.8,639.0
42,3314,0,172.8,615.5
42,3314,1,408.8,402.5
42,3314,1,36.8,474.5
42,3314,0,453.5,605.5
42,3314,1,598.0,459.5
42,3314,1,222.9,325.0
42,3314,1,356.2,356.0
42,3314,0,172.8,615.0
42,3315,0,81.7,638.5
42,3315,0,171.6,622.0
42,3315,0,620.0,568.5
42,3315,0,459.8,576.0
42,3315,1,225.0,324.0
42,3315,1,226.8,538.5
42,3315,1,415.2,538.5
42,3316,0,74.0,639.0
42,3316,1,610.0,522.0
42,3316,0,538.0,626.0
42,3316,0,168.8,632.0
42,3316,0,463.5,595.5
42,3316,1,223.5,324.8
42,3317,0,161.8,634.0
42,3317,1,616.5,507.8
42,3317,1,220.0,323.5
42,3317,0,467.2,626.0
42,3317,1,222.4,499.0
42,3317,1,30.5,522.0
42,3317,0,429.5,549.5
42,3318,1,619.5,487.0
42,3318,0,470.8,626.0
42,3318,1,26.0,532.5
42,3318,1,219.5,327.0
42,3319,1,14.0,548.0
42,3319,1,213.2,318.5
42,3319,1,249.5,346.0
42,3319,0,438.2,570.0
42,3319,1,215.8,541.0
42,3319,0,482.5,608.5
42,3319,1,310.0,246.9
42,3319,1,425.0,406.5
42,3319,0,586.0,640.0
42,3320,1,9.2,556.0
42,3320,1,214.5,543.0
42,3320,0,599.0,639.5
42,3320,0,485.0,608.0
42,3320,1,236.0,357.0
42,3320,0,140.4,638.5
42,3320,0,440.5,569.5
42,3320,1,211.0,330.5
42,3321,1,4.6,570.0
42,3321,1,211.2,556.5
42,3321,0,134.0,639.5
42,3321,1,208.8,320.5
42,3321,1,425.0,407.5
42,3321,1,310.0,248.2
42,3321,1,235.0,362.5
42,3322,1,205.5,570.5
42,3322,1,425.8,397.2
42,3322,1,428.0,568.0
42,3322,1,203.8,326.0
42,3322,0,497.0,638.0
42,3322,1,426.5,566.0
42,3323,1,201.6,574.5
42,3323,1,430.0,567.0
42,3324,1,430.5,570.5
42,3324,1,233.5,365.5
42,3324,1,196.6,337.5
42,3324,0,98.8,600.0
42,3324,1,198.4,502.0
42,3324,0,45.2,540.5
42,3325,1,193.0,338.5
42,3325,1,434.0,583.0
42,3325,1,230.2,360.5
42,3325,1,196.0,581.0
42,3325,0,81.9,606.0
42,3325,1,195.0,555.5
42,3326,1,231.9,365.0
42,3326,1,434.0,378.8
42,3326,1,189.5,356.0
42,3327,1,185.0,594.0
42,3327,1,231.8,363.5
42,3327,0,633.0,499.0
42,3328,1,180.2,609.5
42,3328,1,231.8,365.2
42,3328,1,358.2,355.5
42,3328,1,626.5,31.8
42,3328,0,624.0,562.0
42,3328,1,179.2,493.5
42,3329,1,177.0,619.0
42,3329,1,359.0,356.5
42,3329,1,231.5,361.0
42,3329,1,449.0,383.5
42,3330,1,356.2,349.0
42,3330,1,228.2,358.2
42,3330,1,162.6,459.8
42,3330,1,453.0,374.0
42,3330,1,163.0,552.5
42,3330,0,134.0,623.0
42,3330,1,165.8,625.0
42,3331,1,228.5,355.5
42,3331,1,356.8,350.0
42,3331,0,76.5,89.9
42,3331,1,160.6,514.0
42,3331,1,457.5,372.5
42,3332,1,149.0,638.5
42,3332,1,458.5,376.0
42,3332,1,461.5,628.5
42,3332,1,356.0,349.0
42,3332,1,583.0,539.5
42,3332,1,227.1,360.2
42,3333,1,144.0,640.0
42,3333,1,463.2,638.5
42,3333,1,143.0,522.0
42,3333,1,460.5,378.5
42,3333,1,354.0,351.8
42,3333,1,223.2,360.0
42,3333,0,500.5,637.5
42,3334,1,140.0,640.0
42,3334,0,98.2,640.0
42,3334,1,356.0,352.5
42,3334,1,470.0,379.0
42,3334,1,226.8,361.5
42,3335,1,134.8,640.0
42,3335,0,89.6,639.0
42,3335,1,355.5,350.5
42,3335,1,471.8,378.2
42,3335,1,225.5,365.0
42,3335,1,228.5,410.2
42,3336,0,72.1,640.0
42,3336,1,118.7,638.0
42,3336,1,477.8,375.0
42,3336,0,530.0,640.0
42,3336,1,222.2,355.5
42,3336,1,301.0,291.5
42,3337,1,111.8,639.0
42,3337,0,59.2,640.0
42,3337,1,353.2,349.2
42,3337,1,109.2,527.0
42,3337,1,221.8,354.8
42,3338,0,32.5,639.0
42,3338,1,97.6,640.0
42,3338,1,96.8,493.5
42,3338,1,219.1,358.5
42,3338,1,632.0,519.0
42,3338,1,350.8,351.0
42,3338,1,483.8,371.5
42,3339,1,496.5,637.0
42,3339,1,97.2,638.5
42,3339,1,95.8,503.0
42,3339,0,28.6,640.0
42,3339,1,221.5,361.0
42,3339,1,20.5,548.0
42,3339,1,301.0,293.8
42,3339,1,120.9,51.5
42,3340,1,83.4,639.0
42,3340,1,351.0,352.5
42,3340,1,499.8,582.5
42,3340,1,220.5,412.0
42,3340,1,499.5,637.5
42,3340,1,81.8,501.0
42,3341,1,82.4,637.5
42,3341,1,217.8,362.5
42,3341,1,499.5,566.5
42,3341,1,350.5,353.5
42,3341,1,500.5,638.0
42,3341,1,220.4,412.8
42,3342,1,78.6,636.5
42,3342,1,76.5,481.0
42,3342,1,505.5,569.5
42,3342,1,507.0,640.0
42,3343,1,81.5,638.0
42,3343,1,522.1,640.0
42,3343,1,520.0,639.0
42,3343,1,227.9,368.0
42,3343,1,524.1,640.0
42,3343,1,360.5,353.0
42,3343,0,546.0,542.5
42,3344,1,78.1,634.0
42,3344,1,528.0,639.0
42,3344,1,228.5,367.5
42,3344,0,559.0,491.0
42,3344,1,360.5,357.0
42,3344,0,618.0,478.5
42,3345,1,72.5,636.0
42,3345,1,535.0,639.0
42,3345,1,228.9,366.5
42,3345,1,362.2,353.0
42,3346,1,72.1,640.0
42,3346,1,231.5,366.5
42,3346,1,364.5,353.0
42,3347,1,66.8,640.0
42,3347,1,232.0,363.0
42,3347,1,366.0,353.0
42,3347,1,549.0,586.0
42,3347,1,550.0,639.5
42,3348,1,62.0,638.0
42,3348,1,551.5,639.5
42,3348,1,231.5,362.0
42,3348,1,553.0,639.0
42,3348,1,365.0,352.0
42,3349,1,59.1,633.5
42,3349,1,558.0,639.5
42,3349,1,232.6,358.0
42,3349,1,366.2,352.5
42,3350,1,55.6,636.0
42,3350,1,564.0,639.0
42,3350,1,232.5,359.8
42,3350,0,609.0,504.8
42,3351,1,43.8,639.0
42,3351,1,568.0,638.5
42,3351,1,231.0,363.5
42,3351,1,364.5,354.5
42,3351,1,42.2,525.0
42,3351,0,613.0,500.0
42,3352,1,42.8,639.0
42,3352,1,232.2,363.5
42,3352,1,571.5,638.5
42,3352,1,367.0,355.5
42,3352,1,40.5,521.5
42,3353,1,40.0,639.5
42,3353,1,234.5,359.0
42,3353,1,250.0,345.0
42,3353,1,369.8,353.0
42,3353,1,37.3,517.5
42,3353,1,575.0,547.5
42,3354,1,29.2,640.0
42,3354,1,583.0,640.0
42,3354,1,232.8,363.8
42,3354,0,634.0,486.5
42,3354,1,368.0,353.0
42,3354,1,631.0,125.4
42,3354,1,581.5,536.0
42,3355,1,20.0,640.0
42,3355,1,599.0,639.5
42,3355,1,233.8,365.0
42,3355,1,368.8,353.5
42,3356,1,232.8,367.0
42,3356,1,13.7,640.0
42,3356,1,368.2,355.5
42,3356,1,8.5,439.0
42,3356,1,611.0,601.0
42,3356,1,608.0,571.0
42,3356,1,610.5,462.0
42,3356,1,14.2,639.5
42,3356,1,602.0,551.5
42,3357,1,612.0,638.5
42,3357,1,232.0,368.0
42,3357,1,7.1,640.0
42,3357,1,368.0,354.5
42,3357,1,4.3,527.0
42,3357,1,6.2,624.0
42,3357,1,176.0,430.5
42,3358,1,616.0,639.0
42,3358,1,231.8,366.2
42,3358,1,368.2,353.5
42,3359,1,233.2,362.0
42,3359,1,626.0,639.5
42,3359,1,369.0,352.0
42,3359,1,624.0,534.0
42,3359,1,558.0,355.5
42,3359,1,167.4,324.5
42,3359,1,187.5,332.5
42,3360,1,231.1,361.8
42,3360,1,629.5,638.5
42,3360,1,367.5,348.5
42,3360,1,627.5,234.8
42,3360,1,184.5,324.0
42,3361,1,230.8,363.0
42,3361,1,367.0,353.0
42,3361,1,183.6,320.0
42,3361,1,367.0,353.0
42,3361,1,172.5,425.2
42,3361,1,245.8,345.5
42,3362,1,367.5,353.0
42,3362,1,230.2,361.0
42,3362,1,183.4,315.5
42,3362,1,367.0,352.8
42,3363,1,231.8,358.8
42,3363,1,166.0,320.5
42,3363,1,368.8,342.0
42,3363,1,185.2,319.5
42,3364,1,233.2,354.2
42,3364,1,249.9,339.8
42,3365,1,231.0,350.0
42,3365,1,183.6,306.5
42,3365,1,368.8,336.0
42,3365,0,150.8,177.0
42,3365,1,164.2,312.0
42,3366,1,232.5,347.2
42,3366,1,631.0,635.5
42,3367,1,368.8,336.0
42,3367,1,230.8,347.5
42,3368,1,231.8,348.5
42,3368,1,184.8,308.8
42,3368,1,370.2,340.0
42,3369,1,232.2,349.0
42,3369,1,371.5,341.0
42,3369,1,185.2,305.0
42,3370,1,231.2,346.8
42,3370,1,183.6,295.0
42,3370,1,163.2,299.0
42,3371,1,233.2,350.0
42,3371,1,317.2,280.2
42,3371,1,372.0,337.0
42,3371,1,165.6,306.2
42,3372,1,234.2,349.0
42,3372,1,317.8,285.8
42,3372,1,187.4,312.5
42,3372,1,167.0,308.5
42,3372,1,372.8,341.5
42,3373,1,232.1,350.0
42,3373,1,372.0,338.5
42,3373,1,164.5,308.5
42,3373,1,185.0,303.5
42,3374,1,233.2,350.5
42,3374,1,372.5,339.0
42,3374,1,317.0,279.8
42,3375,1,233.0,352.8
42,3375,1,317.8,289.0
42,3375,1,372.5,345.5
42,3376,1,233.0,352.5
42,3376,1,317.5,285.5
42,3376,1,165.4,312.2
42,3376,1,372.8,346.5
42,3377,1,233.8,353.5
42,3377,1,249.8,335.0
42,3377,1,374.2,347.0
42,3377,1,318.0,277.0
42,3378,1,372.0,344.5
42,3378,1,232.1,357.5
42,3378,1,163.8,309.0
42,3378,1,164.5,315.8
42,3379,1,372.2,349.0
42,3379,1,231.4,356.5
42,3379,1,184.0,316.0
42,3379,1,163.1,308.0
42,3379,1,317.0,291.0
42,3380,1,231.6,350.8
42,3380,1,183.5,294.5
42,3380,1,317.5,285.0
42,3380,1,163.0,301.5
42,3380,1,301.0,114.6
42,3380,1,372.2,341.0
42,3381,1,372.2,338.8
42,3381,1,231.5,349.8
42,3381,1,183.2,295.5
42,3381,1,162.5,303.5
42,3381,1,372.8,338.5
42,3382,1,161.0,309.0
42,3382,1,231.1,351.2
42,3382,1,372.0,338.0
42,3382,0,150.2,171.0
42,3382,1,432.0,122.6
42,3383,1,231.2,354.5
42,3383,1,372.5,344.0
42,3383,1,161.5,308.2
42,3384,1,231.8,358.0
42,3384,1,373.0,345.0
42,3384,1,183.9,319.8
42,3384,1,432.0,132.8
42,3385,1,230.8,358.5
42,3385,1,372.5,349.5
42,3385,1,161.2,317.5
42,3385,0,167.9,170.5
42,3385,1,182.2,310.0
42,3386,1,372.2,349.0
42,3386,0,168.2,167.8
42,3386,1,231.2,357.5
42,3386,1,161.0,314.8
42,3386,1,246.8,338.0
42,3387,1,372.0,349.5
42,3387,1,230.6,360.5
42,3387,1,246.2,338.2
42,3387,1,372.5,348.0
42,3388,1,230.6,361.5
42,3388,1,373.2,353.5
42,3388,1,246.6,342.0
42,3388,1,435.0,149.0
42,3389,1,231.2,364.0
42,3389,1,317.0,294.0
42,3389,1,161.5,322.2
42,3390,1,230.1,365.0
42,3390,1,246.8,345.2
42,3390,1,373.0,351.0
42,3391,1,230.8,366.8
42,3391,1,247.2,347.5
42,3391,1,317.5,294.2
42,3391,1,160.8,324.5
42,3392,1,229.5,359.0
42,3392,1,373.8,350.5
42,3392,1,245.5,342.0
42,3392,1,374.0,350.0
42,3392,1,570.5,335.5
42,3393,1,229.5,360.5
42,3393,1,245.2,342.5
42,3394,1,230.0,358.5
42,3394,1,301.8,113.4
42,3394,1,317.0,292.0
42,3394,1,246.2,340.0
42,3394,1,374.5,348.5
42,3395,1,228.6,360.0
42,3395,1,300.8,116.8
42,3395,1,157.2,312.0
42,3395,1,372.5,350.2
42,3396,1,228.6,362.0
42,3396,1,300.5,119.9
42,3397,1,230.5,364.0
42,3397,1,318.0,261.2
42,3397,1,572.5,336.5
42,3397,1,318.0,301.0
42,3397,1,247.4,344.0
42,3398,1,228.8,361.5
42,3398,1,300.5,117.5
42,3398,1,158.0,319.0
42,3399,1,228.0,362.0
42,3399,1,373.0,356.5
42,3399,1,157.5,319.2
42,3399,1,243.5,343.0
42,3399,1,570.0,314.0
42,3399,1,156.9,315.8
42,3400,1,229.0,362.5
42,3400,1,375.0,353.5
42,3400,1,244.4,343.0
42,3400,1,158.8,324.2
42,3400,1,317.5,290.5
42,3401,1,227.5,360.5
42,3401,1,373.5,352.8
42,3401,1,157.5,320.0
42,3401,1,156.2,317.2
42,3401,1,40.9,570.0
42,3402,1,229.2,362.0
42,3402,1,375.5,347.5
42,3402,1,317.5,295.8
42,3402,1,573.0,307.5
42,3402,1,245.0,342.5
42,3402,1,573.0,328.0
42,3403,1,227.5,357.5
42,3403,1,221.6,419.0
42,3403,1,156.8,317.0
42,3404,1,374.0,345.0
42,3404,1,227.0,354.5
42,3404,1,156.5,315.8
42,3404,1,573.0,324.2
42,3404,1,155.8,309.5
42,3405,1,226.9,353.0
42,3405,1,374.2,345.0
42,3405,1,573.0,309.2
42,3405,1,156.5,313.5
42,3405,1,528.5,351.5
42,3406,1,224.6,358.5
42,3406,1,371.8,345.5
42,3406,1,146.5,211.2
42,3407,1,368.5,342.2
42,3407,1,219.6,354.5
42,3407,1,147.0,306.5
42,3408,1,215.2,358.5
42,3408,1,363.5,337.8
42,3409,1,130.3,303.0
42,3409,1,221.5,329.0
42,3409,1,204.8,347.5
42,3409,1,355.0,334.0
42,3410,1,194.0,347.0
42,3410,1,344.0,330.2
42,3410,1,117.5,298.5
42,3410,1,210.9,324.5
42,3410,1,184.5,404.0
42,3411,1,179.6,340.2
42,3411,1,102.1,292.5
42,3411,1,197.2,320.0
42,3411,1,332.0,327.2
42,3411,1,109.1,152.4
42,3412,1,159.8,337.8
42,3412,1,315.0,319.8
42,3412,1,178.0,313.8
42,3412,1,80.0,285.8
42,3413,1,302.0,322.5
42,3413,1,162.5,311.0
42,3413,1,143.2,329.0
42,3413,1,62.2,281.5
42,3413,1,71.5,110.8
42,3414,1,297.5,320.0
42,3414,1,55.7,275.8
42,3414,1,137.2,324.0
42,3414,1,156.6,309.0
42,3415,1,133.8,306.2
42,3415,1,278.2,316.5
42,3415,1,114.4,327.5
42,3416,1,262.5,316.0
42,3416,1,95.6,324.0
42,3416,1,7.2,274.5
42,3416,1,115.4,303.0
42,3416,1,417.8,318.5
42,3416,1,445.5,276.2
42,3417,1,73.2,314.8
42,3417,1,245.8,312.5
42,3417,1,94.9,297.2
42,3417,1,429.0,276.5
42,3418,1,232.2,306.8
42,3418,1,56.0,312.0
42,3418,1,77.6,291.2
42,3419,1,212.0,307.8
42,3419,1,51.3,293.5
42,3419,1,26.3,306.8
42,3420,1,168.9,313.5
42,3420,1,100.8,239.2
42,3421,1,145.8,321.0
42,3421,1,74.0,234.0
42,3801,1,200.2,605.0
42,3801,0,247.0,514.0
42,3801,1,274.0,446.8
42,3801,0,189.2,601.0
42,3801,0,221.8,560.0
42,3802,1,270.2,448.0
42,3802,0,242.6,515.5
42,3803,1,179.9,631.0
42,3803,0,234.5,524.0
42,3803,1,265.8,450.5
42,3803,0,205.0,578.0
42,3804,1,263.0,457.8
42,3804,1,176.2,632.0
42,3804,1,284.0,414.5
42,3804,0,232.4,524.5
42,3804,1,262.5,458.5
42,3804,0,202.6,580.0
42,3805,1,264.0,448.0
42,3805,1,284.2,414.5
42,3805,0,204.0,575.5
42,3805,0,233.0,524.5
42,3805,1,176.9,635.0
42,3806,1,263.5,448.8
42,3806,1,173.8,639.0
42,3806,0,232.0,526.0
42,3806,0,201.5,579.0
42,3806,1,284.8,410.5
42,3807,1,261.0,450.0
42,3807,1,260.5,450.0
42,3807,1,163.5,640.0
42,3808,1,8.2,535.5
42,3808,1,258.5,454.5
42,3808,1,280.5,412.0
42,3808,1,300.0,328.0
42,3808,1,190.9,532.5
42,3809,1,151.5,640.0
42,3809,1,254.8,455.0
42,3809,1,278.8,412.0
42,3809,1,255.5,452.0
42,3809,1,185.1,604.0
42,3810,1,142.0,639.0
42,3810,1,252.2,457.5
42,3810,0,115.4,639.0
42,3811,1,136.2,639.0
42,3811,0,233.8,509.0
42,3811,0,107.0,639.0
42,3811,1,584.5,68.2
42,3811,1,250.8,462.5
42,3811,1,174.4,568.5
42,3812,0,93.2,640.0
42,3812,1,249.2,466.8
42,3812,0,209.2,558.0
42,3812,1,65.1,353.8
42,3812,1,129.5,433.5
42,3812,1,273.5,418.0
42,3813,1,118.2,640.0
42,3813,1,245.8,471.5
42,3813,0,80.5,640.0
42,3813,1,118.1,441.5
42,3813,1,292.5,341.5
42,3813,0,204.6,563.0
42,3814,1,102.1,639.5
42,3814,1,241.5,467.0
42,3814,0,221.2,524.5
42,3814,0,55.8,640.0
42,3815,1,242.2,474.0
42,3815,1,566.5,109.9
42,3815,0,222.1,533.0
42,3816,1,241.5,471.2
42,3816,1,85.5,639.0
42,3816,1,88.5,457.0
42,3816,0,24.3,640.0
42,3817,1,240.8,470.2
42,3817,1,77.6,639.5
42,3817,1,578.0,117.1
42,3817,1,79.5,459.0
42,3818,1,80.4,640.0
42,3818,1,250.5,473.0
42,3818,1,279.5,424.5
42,3818,1,584.0,111.2
42,3818,1,80.2,461.5
42,3819,1,249.9,477.0
42,3819,1,280.0,425.0
42,3820,1,247.2,479.0
42,3820,1,585.0,99.8
42,3821,1,249.1,469.0
42,3821,1,41.4,639.5
42,3821,1,5.7,501.0
42,3821,1,111.2,434.5
42,3821,1,280.0,420.5
42,3822,1,281.8,414.5
42,3822,1,250.4,470.0
42,3822,1,305.0,329.0
42,3822,1,597.5,90.2
42,3823,1,251.5,471.5
42,3823,1,306.5,329.0
42,3823,1,282.5,414.5
42,3824,1,251.8,470.0
42,3824,1,308.2,326.0
42,3824,1,283.8,411.5
42,3824,1,603.5,94.2
42,3825,1,284.8,415.5
42,3825,1,252.0,467.0
42,3825,1,309.5,328.2
42,3825,1,90.5,436.0
42,3826,1,249.2,476.5
42,3826,1,282.5,416.2
42,3826,1,307.8,328.0
42,3827,1,86.9,467.0
42,3827,1,250.1,477.8
42,3827,1,309.0,331.0
42,3828,1,248.0,478.2
42,3828,1,282.5,416.2
42,3828,1,79.9,640.0
42,3828,1,308.0,328.5
42,3828,0,261.0,412.0
42,3829,1,247.2,478.5
42,3829,1,308.0,328.5
42,3829,1,282.5,415.5
42,3830,1,281.2,417.5
42,3830,1,245.4,482.5
42,3830,1,603.0,79.2
42,3831,1,245.0,487.5
42,3831,1,281.5,421.0
42,3831,1,605.0,75.6
42,3832,1,245.0,489.0
42,3832,1,281.2,422.5
42,3833,1,241.8,493.0
42,3833,1,603.0,76.5
42,3833,1,279.5,427.0
42,3834,1,241.5,494.0
42,3834,1,305.8,335.5
42,3834,1,605.0,63.3
42,3835,1,243.2,493.0
42,3835,1,282.0,427.5
42,3835,1,308.0,332.0
42,3836,1,240.0,497.0
42,3836,1,577.5,53.6
42,3836,1,279.5,430.8
42,3836,1,304.5,334.5
42,3837,1,240.8,498.8
42,3837,1,307.0,337.0
42,3837,1,281.0,431.5
42,3838,1,237.4,500.0
42,3838,1,277.5,432.0
42,3838,1,577.0,59.3
42,3839,1,237.9,501.0
42,3840,1,238.0,501.5
42,3840,1,306.5,342.5
42,3841,1,278.0,433.0
42,3841,1,236.8,501.5
42,3842,1,306.5,341.0
42,3842,1,278.5,430.8
42,3842,1,236.9,502.8
42,3843,1,238.8,503.0
42,3843,1,281.0,431.5
42,3844,1,234.8,509.5
42,3844,1,278.0,432.8
42,3844,1,47.5,500.5
42,3845,1,278.0,433.8
42,3845,1,234.2,511.2
42,3845,1,44.8,512.5
42,3846,1,233.0,515.0
42,3846,1,277.5,435.5
42,3846,1,42.4,518.5
42,3846,1,304.0,340.0
42,3847,1,232.5,515.0
42,3847,1,41.1,501.5
42,3847,1,277.2,435.0
42,3848,1,231.6,515.5
42,3848,1,277.0,435.5
42,3848,1,38.8,505.0
42,3848,1,304.5,339.0
42,3849,1,277.2,435.5
42,3849,1,232.0,517.0
42,3849,1,305.0,343.5
42,3849,0,265.5,446.0
42,3850,1,274.8,435.0
42,3850,1,229.2,518.5
42,3851,1,277.5,435.0
42,3851,1,231.5,517.5
42,3851,1,305.5,338.0
42,3851,1,184.0,639.5
42,3852,1,277.5,435.5
42,3852,1,229.8,522.0
42,3852,1,305.0,339.0
42,3853,1,228.1,520.5
42,3853,1,305.5,344.0
42,3853,1,276.2,438.0
42,3853,0,245.0,432.0
42,3854,1,230.8,527.0
42,3854,1,278.5,440.5
42,3855,1,277.5,441.0
42,3855,1,228.8,528.0
42,3855,1,307.0,341.5
42,3856,1,279.0,437.5
42,3856,1,230.5,526.5
42,3856,1,230.8,521.5
42,3857,1,229.5,528.5
42,3857,1,278.5,435.5
42,3857,1,308.5,337.0
42,3857,1,207.6,154.2
42,3857,0,174.0,638.5
42,3858,1,279.2,433.8
42,3858,1,229.2,528.0
42,3858,1,309.0,335.5
42,3859,1,279.5,435.0
42,3859,1,229.2,529.5
42,3859,1,309.0,338.0
42,3859,0,246.0,471.2
42,3860,1,279.5,435.0
42,3860,1,228.5,529.5
42,3861,1,279.5,435.0
42,3861,1,226.2,528.0
42,3862,1,279.0,433.0
42,3862,1,225.9,526.0
42,3862,1,309.8,332.5
42,3862,0,246.0,434.5
42,3863,1,280.5,436.5
42,3863,1,13.0,540.0
42,3863,1,226.0,529.5
42,3864,1,278.5,434.0
42,3864,1,308.5,333.2
42,3864,1,7.6,542.0
42,3864,1,224.2,531.0
42,3865,1,279.5,435.0
42,3865,1,310.0,336.0
42,3866,1,277.8,434.0
42,3866,1,308.5,332.0
42,3866,1,222.2,529.0
42,3867,1,279.5,437.0
42,3868,1,278.5,436.0
42,3868,1,309.5,336.5
42,3868,1,222.1,537.0
42,3869,1,278.5,435.5
42,3869,1,12.0,305.8
42,3870,1,280.0,441.2
42,3870,1,312.5,335.0
42,3871,1,279.0,441.5
42,3871,1,220.0,554.0
42,3871,1,207.8,154.2
42,3872,1,280.8,444.8
42,3872,1,313.0,336.5
42,3872,1,220.2,556.5
42,3872,1,141.4,637.0
42,3873,1,218.0,557.5
42,3873,1,278.5,442.5
42,3873,0,103.4,479.0
42,3873,1,137.4,640.0
42,3873,1,310.5,338.5
42,3874,1,218.0,558.0
42,3874,1,279.5,443.5
42,3874,1,312.5,337.0
42,3875,1,281.2,445.0
42,3875,1,218.8,559.5
42,3875,1,313.0,337.0
42,3876,1,214.8,561.0
42,3876,1,278.5,444.2
42,3876,0,6.7,502.5
42,3876,1,126.0,637.0
42,3876,0,260.8,444.8
42,3877,1,214.2,569.0
42,3877,1,279.5,444.2
42,3877,1,312.5,334.2
42,3877,0,237.9,450.8
42,3878,1,213.6,569.5
42,3878,1,279.2,443.0
42,3878,1,312.0,334.5
42,3878,1,119.8,640.0
42,3879,1,277.0,443.5
42,3879,1,209.8,567.5
42,3880,1,276.0,439.0
42,3880,1,208.0,563.5
42,3880,1,107.0,639.0
42,3880,0,232.8,535.0
42,3881,1,275.0,440.0
42,3881,1,101.9,640.0
42,3881,1,309.8,336.5
42,3881,0,73.3,474.2
42,3881,1,206.0,569.0
42,3881,0,230.4,534.0
42,3882,1,274.5,440.5
42,3882,1,308.8,335.0
42,3882,0,71.1,488.5
42,3882,0,231.8,495.0
42,3882,1,98.4,640.0
42,3883,1,276.0,442.5
42,3883,0,205.5,578.0
42,3883,1,309.8,331.0
42,3884,1,275.8,443.5
42,3884,1,203.8,580.0
42,3884,0,231.2,497.8
42,3885,1,275.5,444.0
42,3885,1,201.2,585.5
42,3885,0,119.8,490.5
42,3885,0,145.0,439.5
42,3886,1,276.5,449.5
42,3886,1,201.8,590.5
42,3886,0,145.2,448.0
42,3886,0,230.5,502.8
42,3887,1,199.2,592.0
42,3887,1,275.5,446.5
42,3888,1,197.8,601.0
42,3888,1,275.8,451.8
42,3888,1,312.5,337.5
42,3888,0,103.4,501.0
42,3888,0,269.0,451.0
42,3888,0,227.5,461.5
42,3889,1,195.5,606.0
42,3889,1,275.2,456.5
42,3889,1,26.7,471.0
42,3889,1,275.0,457.2
42,3889,0,59.3,478.5
42,3890,0,37.0,479.5
42,3890,1,273.5,457.2
42,3890,1,308.8,347.0
42,3890,1,192.8,598.0
42,3891,0,79.6,523.0
42,3891,1,308.0,342.0
42,3891,0,135.6,451.0
42,3891,0,49.7,493.0
42,3891,0,103.0,474.5
42,3891,0,123.0,467.5
42,3891,1,272.0,460.0
42,3891,0,223.8,571.5
42,3891,1,7.9,459.8
42,3891,1,271.8,459.5
42,3891,1,271.0,459.5
42,3892,1,186.0,622.5
42,3892,0,49.2,518.0
42,3892,1,309.0,345.8
42,3892,0,131.8,452.0
42,3892,0,17.3,453.5
42,3892,0,116.4,461.5
42,3892,0,117.6,464.5
42,3892,1,272.0,461.0
42,3892,0,73.7,528.0
42,3892,0,219.5,473.2
42,3892,0,12.3,492.0
42,3892,0,265.5,461.0
42,3893,1,184.2,622.5
42,3893,1,272.5,457.5
42,3893,1,310.0,337.5
42,3893,0,5.0,459.5
42,3893,0,215.8,574.5
42,3893,0,63.9,528.0
42,3894,0,56.5,538.5
42,3894,1,180.6,627.0
42,3894,0,212.5,582.0
42,3894,1,271.5,460.5
42,3894,1,271.2,459.5
42,3894,1,271.8,461.2
42,3895,1,181.1,633.0
42,3895,0,214.4,583.0
42,3895,1,272.5,463.0
42,3895,1,202.2,153.8
42,3895,1,180.2,593.0
42,3896,1,306.2,342.5
42,3896,0,208.0,594.5
42,3896,1,170.8,363.8
42,3896,1,174.0,639.5
42,3896,0,266.8,467.5
42,3897,1,268.5,465.0
42,3897,1,308.5,346.5
42,3897,0,207.6,595.0
42,3898,0,207.2,596.0
42,3898,1,169.8,639.0
42,3898,0,97.8,469.0
42,3899,0,207.8,596.0
42,3899,1,169.8,635.0
42,3899,1,203.5,154.8
42,3899,1,168.5,407.5
42,3899,1,165.5,360.0
42,3899,1,271.2,459.5
42,3899,1,310.0,340.5
42,3900,0,203.8,598.5
42,3900,1,308.2,343.0
42,3900,1,164.5,638.5
42,3900,1,162.8,410.0
42,3900,1,201.4,166.6
42,3900,1,493.2,83.4
42,3901,0,205.2,604.0
42,3901,1,202.2,162.2
42,3901,1,164.2,639.0
42,3901,1,309.0,339.2
42,3901,0,260.8,466.0
42,3901,0,23.8,82.2
42,3902,1,307.2,339.0
42,3902,1,203.1,158.0
42,3902,0,202.2,531.0
42,3902,1,266.5,463.0
42,3902,1,155.6,410.0
42,3903,1,305.5,342.5
42,3903,1,152.5,410.5
42,3903,1,153.4,640.0
42,3903,0,195.8,614.5
42,3903,0,11.6,502.2
42,3903,1,200.5,162.1
42,3903,1,152.5,416.0
42,3904,1,152.1,416.5
42,3904,1,268.2,467.0
42,3904,0,12.3,509.0
42,3904,1,307.5,340.8
42,3904,0,200.5,545.0
42,3905,1,149.5,638.0
42,3905,1,307.0,346.2
42,3905,0,233.8,553.0
42,3905,1,266.8,472.0
42,3905,0,194.0,629.0
42,3905,1,145.8,431.2
42,3905,0,196.5,572.5
42,3905,1,146.2,427.2
42,3906,1,144.5,639.0
42,3906,1,141.9,430.2
42,3906,1,306.0,347.2
42,3906,0,232.4,554.5
42,3906,1,265.0,475.5
42,3906,1,232.8,556.0
42,3907,0,68.4,639.0
42,3907,1,138.8,437.5
42,3907,1,142.5,637.5
42,3907,1,304.5,333.5
42,3907,1,265.5,476.8
42,3907,1,139.8,436.5
42,3907,0,254.0,467.8
42,3907,0,232.0,558.0
42,3907,0,33.6,518.0
42,3908,0,190.0,579.0
42,3908,0,59.1,639.5
42,3908,1,306.5,351.5
42,3908,0,230.8,555.0
42,3908,1,198.8,164.2
42,3908,1,305.5,341.5
42,3908,0,253.2,463.0
42,3909,1,134.5,640.0
42,3909,1,132.0,441.0
42,3909,1,306.0,348.5
42,3909,0,187.8,581.0
42,3910,1,264.5,482.5
42,3910,0,185.5,580.0
42,3910,1,131.2,638.0
42,3911,1,305.5,346.5
42,3911,0,185.5,581.5
42,3911,1,264.8,480.0
42,3911,1,126.0,461.8
42,3911,0,228.2,567.0
42,3912,0,226.2,568.0
42,3912,0,182.8,584.0
42,3912,1,307.0,344.0
42,3912,0,37.5,640.0
42,3912,1,125.9,638.0
42,3912,1,122.3,447.5
42,3913,0,33.2,640.0
42,3913,1,118.3,444.5
42,3913,0,178.8,639.0
42,3913,1,122.2,639.0
42,3913,0,180.9,596.0
42,3914,0,29.5,639.0
42,3914,1,308.0,346.8
42,3914,0,226.1,568.5
42,3914,0,179.9,639.5
42,3914,1,265.2,476.5
42,3914,1,121.9,640.0
42,3914,1,119.1,536.5
42,3915,1,114.0,640.0
42,3915,0,175.2,637.5
42,3915,0,18.3,640.0
42,3915,0,248.2,482.2
42,3915,1,304.8,345.5
42,3915,1,57.8,640.0
42,3915,1,262.0,478.5
42,3915,0,177.2,595.0
42,3915,1,261.5,479.0
42,3915,0,222.8,571.0
42,3916,0,176.1,615.0
42,3916,1,112.6,640.0
42,3916,0,14.6,640.0
42,3916,1,306.5,346.5
42,3916,1,262.5,480.5
42,3916,1,111.2,488.0
42,3916,1,259.8,482.5
42,3917,0,174.8,588.0
42,3917,1,109.1,640.0
42,3917,0,223.0,536.5
42,3917,1,305.0,339.2
42,3917,0,12.1,639.5
42,3917,0,247.8,480.0
42,3918,0,173.2,595.0
42,3918,1,105.6,640.0
42,3918,1,305.0,344.5
42,3918,1,261.2,478.0
42,3918,0,222.0,547.5
42,3918,0,220.6,567.5
42,3918,0,15.3,154.2
42,3919,0,167.5,640.0
42,3919,1,261.8,477.5
42,3919,0,221.0,571.0
42,3919,1,307.5,339.2
42,3919,0,172.8,593.0
42,3919,1,104.1,639.0
42,3919,0,248.0,479.8
42,3919,1,201.2,156.2
42,3919,0,222.5,545.0
42,3920,1,305.0,343.8
42,3920,0,219.2,570.5
42,3920,0,165.2,639.0
42,3920,0,169.4,591.0
42,3920,1,260.5,472.5
42,3921,0,219.0,573.5
42,3921,0,167.8,602.0
42,3921,1,306.5,334.5
42,3921,1,202.5,145.8
42,3921,0,165.2,639.0
42,3921,1,90.6,640.0
42,3921,1,261.2,473.2
42,3921,0,247.8,471.0
42,3921,1,27.5,640.0
42,3922,0,166.5,595.0
42,3922,0,218.2,573.0
42,3922,1,261.5,473.2
42,3922,1,307.8,335.0
42,3922,0,247.8,475.5
42,3923,0,162.8,595.0
42,3923,1,305.5,339.8
42,3923,1,89.1,640.0
42,3923,0,245.4,472.5
42,3923,1,201.0,155.1
42,3923,0,215.5,573.0
42,3923,1,258.4,473.0
42,3924,1,81.6,640.0
42,3924,0,158.0,598.5
42,3924,0,212.8,581.0
42,3924,1,304.5,342.0
42,3924,1,82.2,639.0
42,3925,1,77.7,640.0
42,3925,0,157.8,593.0
42,3925,1,79.1,639.0
42,3925,1,302.0,340.5
42,3925,1,195.0,156.2
42,3925,1,79.0,626.0
42,3926,1,76.0,640.0
42,3926,0,157.0,599.0
42,3926,1,304.0,340.8
42,3926,1,196.5,152.9
42,3927,1,70.3,640.0
42,3927,1,302.5,338.5
42,3927,0,152.9,612.0
42,3928,1,107.3,437.0
42,3928,0,151.8,607.0
42,3928,1,304.2,339.0
42,3928,0,210.2,583.5
42,3928,1,197.5,153.0
42,3929,0,147.8,602.0
42,3929,1,200.6,147.5
42,3929,1,303.2,335.8
42,3929,1,254.0,473.5
42,3929,1,102.6,431.0
42,3930,1,55.2,640.0
42,3930,0,205.5,587.0
42,3930,0,144.2,610.0
42,3930,1,253.8,475.0
42,3930,1,233.5,523.5
42,3930,1,55.0,638.5
42,3931,1,52.4,640.0
42,3931,0,144.0,635.5
42,3931,0,206.4,589.5
42,3931,1,303.5,335.5
42,3931,1,254.2,475.5
42,3931,1,199.8,151.5
42,3931,1,51.8,601.0
42,3931,1,52.5,638.5
42,3931,1,44.1,518.0
42,3932,0,143.0,614.5
42,3932,0,205.8,590.5
42,3932,1,50.0,640.0
42,3932,1,303.5,340.2
42,3932,1,199.0,151.5
42,3932,1,41.0,602.0
42,3932,1,50.1,639.0
42,3932,1,254.0,478.0
42,3933,1,41.0,640.0
42,3933,0,137.6,624.5
42,3933,0,202.2,586.0
42,3933,1,41.1,639.0
42,3933,1,37.7,604.0
42,3933,1,251.5,480.0
42,3933,1,250.4,481.0
42,3934,1,41.3,640.0
42,3934,0,141.6,639.0
42,3934,1,306.2,331.2
42,3934,1,41.9,639.0
42,3934,0,207.2,592.5
42,3934,1,30.8,603.0
42,3934,1,42.8,534.5
42,3934,1,198.8,148.9
42,3935,0,139.0,629.0
42,3935,1,36.9,640.0
42,3935,0,206.1,596.5
42,3935,1,306.5,335.8
42,3935,1,38.2,639.0
42,3936,0,204.2,594.5
42,3936,0,134.8,639.0
42,3936,1,32.7,526.0
42,3936,1,151.8,101.4
42,3936,1,254.8,477.0
42,3937,1,20.9,638.0
42,3937,0,131.7,633.0
42,3937,1,254.8,478.5
42,3937,0,204.0,563.0
42,3937,1,21.9,627.0
42,3937,1,197.8,146.8
42,3937,1,22.4,638.5
42,3938,1,18.9,639.0
42,3938,1,305.5,337.5
42,3938,0,203.2,561.5
42,3938,1,19.4,523.5
42,3938,0,130.7,633.0
42,3938,1,199.0,147.5
42,3938,1,19.3,638.5
42,3938,1,255.1,481.0
42,3939,1,11.6,640.0
42,3939,0,125.6,638.0
42,3939,1,11.5,522.5
42,3939,0,200.0,567.5
42,3939,1,197.6,146.0
42,3939,1,303.5,332.8
42,3940,0,122.1,635.0
42,3940,1,7.9,639.5
42,3940,1,304.0,331.5
42,3940,0,198.5,591.0
42,3940,1,7.9,528.0
42,3940,1,197.0,146.2
42,3941,0,121.0,635.0
42,3941,1,6.9,639.5
42,3941,1,197.5,142.0
42,3941,1,7.0,539.0
42,3941,1,62.2,112.8
42,3941,1,303.5,328.8
42,3941,1,248.5,139.1
42,3942,0,118.9,638.0
42,3942,1,304.0,331.5
42,3942,1,197.5,141.5
42,3942,1,4.2,522.5
42,3942,0,197.4,598.0
42,3943,0,112.9,639.5
42,3943,1,303.5,327.5
42,3943,1,197.8,142.8
42,3943,0,197.0,562.5
42,3944,0,106.6,637.0
42,3944,1,196.2,140.4
42,3944,0,191.4,616.0
42,3945,0,102.0,639.0
42,3945,0,189.5,616.0
42,3945,1,192.9,137.0
42,3946,0,95.8,640.0
42,3946,1,299.8,333.0
42,3946,1,244.8,482.0
42,3947,1,299.8,334.5
42,3947,0,90.0,639.0
42,3947,1,244.6,484.0
42,3947,1,188.8,151.1
42,3948,0,81.5,639.0
42,3948,1,297.5,337.5
42,3948,1,186.5,152.6
42,3949,0,79.2,632.0
42,3949,1,296.0,336.5
42,3949,1,185.9,147.8
42,3949,1,240.2,491.5
42,3949,1,241.5,486.5
42,3950,1,297.2,340.5
42,3950,0,73.8,639.0
42,3950,1,187.5,157.0
42,3950,1,133.1,99.6
42,3950,1,239.8,492.0
42,3951,0,69.8,639.5
42,3951,1,186.5,141.8
42,3951,1,296.0,336.0
42,3951,1,238.8,495.0
42,3951,0,174.2,630.0
42,3952,1,297.5,342.0
42,3952,1,189.6,143.9
42,3952,0,64.0,639.0
42,3953,1,186.2,150.8
42,3953,0,54.9,639.0
42,3953,1,235.0,497.2
42,3954,0,51.1,639.0
42,3954,1,296.5,343.8
42,3954,1,189.8,149.2
42,3954,0,7.3,458.0
42,3954,1,237.8,493.5
42,3954,0,168.5,609.0
42,3955,0,42.9,640.0
42,3955,1,186.0,145.0
42,3955,1,235.4,504.0
42,3955,1,295.0,347.5
42,3955,1,67.1,492.5
42,3955,0,166.0,621.0
42,3956,0,18.3,640.0
42,3956,1,292.2,346.5
42,3956,1,184.5,154.5
42,3957,1,48.3,467.0
42,3957,1,179.6,160.0
42,3957,1,182.5,160.2
42,3957,1,228.0,520.0
42,3958,1,177.8,155.5
42,3958,1,37.5,480.8
42,3958,1,287.0,356.0
42,3958,1,181.2,156.2
42,3958,1,36.4,485.5
42,3959,1,176.6,155.2
42,3959,1,287.0,357.0
42,3960,1,175.4,159.8
42,3961,1,215.1,529.5
42,3961,1,23.8,543.0
42,3961,1,172.2,165.1
42,3961,1,216.9,533.5
42,3962,1,284.5,363.5
42,3962,1,213.6,543.0
42,3962,1,171.2,168.2
42,3963,1,283.5,363.5
42,3963,1,8.8,544.5
42,3963,1,211.5,544.0
42,3964,1,6.2,559.5
42,3964,0,86.4,640.0
42,3964,1,284.0,357.2
42,3964,0,165.9,594.0
42,3964,1,204.2,546.5
42,3965,1,201.5,546.5
42,3965,1,281.8,358.0
42,3965,1,165.2,167.2
42,3965,1,201.6,555.0
42,3966,1,200.5,552.0
42,3966,1,280.2,356.5
42,3966,1,164.1,170.2
42,3967,1,193.5,550.5
42,3967,1,163.0,163.0
42,3967,1,195.5,552.0
42,3967,0,148.8,570.5
42,3968,1,279.0,347.0
42,3968,1,161.5,143.1
42,3968,1,187.1,570.5
42,3968,1,188.1,589.0
42,3968,0,128.5,640.0
42,3969,0,126.6,637.0
42,3969,1,214.5,143.1
42,3969,1,184.2,567.0
42,3970,1,279.5,347.2
42,3970,0,123.4,638.5
42,3971,1,276.0,347.0
42,3972,0,120.9,632.5
42,3972,1,214.8,142.5
42,3972,1,181.0,567.5
42,3973,1,181.9,567.0
42,3973,0,120.8,596.5
42,3974,1,181.0,564.0
42,3974,0,117.6,604.0
42,3974,1,214.2,142.5
42,3975,0,116.4,609.0
42,3975,1,279.0,345.0
42,3975,1,180.5,567.0
42,3976,1,173.5,573.0
42,3976,0,103.4,627.5
42,3976,1,156.4,198.8
42,3976,1,274.2,338.0
42,3976,1,157.0,151.5
42,3976,1,210.2,144.1
42,3977,1,170.5,579.0
42,3977,1,275.5,343.8
42,3977,1,155.5,137.1
42,3977,0,95.7,635.5
42,3978,1,169.0,575.0
42,3978,1,212.5,138.5
42,3978,0,90.9,608.5
42,3978,1,275.8,341.5
42,3978,0,90.4,577.5
42,3979,0,80.0,636.0
42,3979,1,279.0,343.0
42,3979,1,167.8,584.5
42,3980,1,169.1,584.5
42,3980,0,79.8,638.5
42,3980,1,282.5,342.5
42,3981,0,78.6,636.0
42,3981,1,172.2,590.5
42,3981,1,167.0,143.9
42,3982,0,56.0,639.0
42,3982,1,172.2,145.6
42,3982,1,287.5,345.5
42,3982,1,168.5,576.0
42,3982,1,226.2,142.2
42,3983,0,32.9,639.0
42,3983,1,171.0,134.4
42,3983,1,161.9,599.0
42,3983,1,287.8,344.0
42,3984,1,152.8,589.0
42,3984,1,228.5,147.2
42,3984,1,288.5,350.2
42,3984,1,172.8,150.8
42,3985,1,172.0,147.5
42,3985,1,227.2,146.5
42,3985,1,150.5,616.5
42,3986,1,140.8,639.0
42,3986,1,168.4,151.5
42,3986,1,168.6,349.0
42,3986,1,287.5,354.5
42,3987,1,169.8,145.8
42,3987,1,152.8,367.2
42,3987,0,58.3,498.2
42,3987,1,134.0,608.0
42,3987,1,170.8,347.0
42,3988,1,167.5,352.0
42,3988,1,287.0,355.5
42,3988,1,165.0,157.2
42,3988,1,150.2,372.0
42,3988,0,37.0,515.5
42,3988,1,120.9,551.5
42,3989,1,110.4,635.0
42,3989,1,149.0,365.0
42,3989,1,109.4,552.5
42,3989,1,286.5,353.5
42,3989,1,166.1,346.0
42,3989,1,167.0,143.5
42,3989,0,55.5,566.0
42,3990,1,150.8,364.0
42,3990,1,168.0,342.0
42,3990,1,94.9,604.5
42,3991,1,147.1,356.0
42,3991,1,71.5,639.5
42,3991,1,165.4,135.2
42,3991,1,164.9,342.0
42,3991,1,65.8,290.8
42,3992,1,148.2,361.0
42,3992,1,165.8,136.4
42,3992,1,110.1,81.9
42,3992,1,287.5,335.5
42,3993,1,40.0,637.0
42,3993,1,41.7,639.0
42,3993,1,147.0,361.0
42,3993,1,164.2,347.5
42,3994,1,142.9,361.2
42,3995,1,144.0,365.5
42,3995,1,287.0,348.0
42,3996,1,141.4,362.5
42,3996,1,285.0,357.0
42,3996,1,29.5,639.0
43,334,1,52.1,549.5
43,334,0,571.5,518.0
43,334,0,596.0,474.0
43,334,0,504.0,563.5
43,334,1,157.5,533.0
43,334,1,580.0,507.5
43,334,0,611.0,460.2
43,334,1,155.0,623.5
43,334,0,610.5,460.0
43,334,1,386.8,552.5
43,334,1,625.0,445.2
43,334,0,542.0,542.5
43,334,0,367.5,473.5
43,334,0,633.0,431.5
43,334,0,67.9,463.0
43,334,0,588.5,487.5
43,334,1,160.4,424.8
43,334,0,588.0,492.5
43,334,0,304.5,482.5
43,335,1,11.9,556.0
43,335,0,539.0,517.0
43,335,0,563.0,473.5
43,335,0,472.2,590.0
43,335,1,590.0,444.0
43,335,0,577.0,460.5
43,335,1,547.5,507.0
43,335,0,577.0,461.0
43,335,0,510.8,544.5
43,335,0,598.0,430.2
43,335,0,29.8,467.5
43,335,0,577.0,460.5
43,335,1,124.3,466.5
43,335,1,356.0,638.5
43,336,0,452.2,587.0
43,336,1,334.5,638.0
43,336,1,93.5,549.0
43,336,0,489.5,542.5
43,336,0,516.5,509.5
43,336,0,554.0,460.0
43,336,1,90.4,639.0
43,336,0,541.0,473.0
43,336,1,619.0,362.5
43,336,1,525.0,501.2
43,336,1,565.5,440.0
43,336,1,333.5,640.0
43,336,0,141.2,489.5
43,336,0,574.0,427.0
43,336,0,554.0,459.5
43,336,0,19.1,442.5
43,336,1,95.9,508.5
43,337,0,455.2,540.0
43,337,0,418.8,587.0
43,337,1,46.2,638.0
43,337,1,300.8,638.5
43,337,0,482.0,506.0
43,337,0,518.0,459.0
43,337,1,580.0,371.0
43,337,1,490.5,502.8
43,337,0,505.0,472.5
43,337,1,530.0,440.2
43,337,0,249.2,467.0
43,337,0,222.4,490.5
43,337,0,628.0,423.0
43,337,0,518.0,459.0
43,337,0,505.5,473.0
43,337,0,517.0,460.0
43,337,0,517.5,459.5
43,337,0,538.0,427.5
43,337,0,543.0,425.0
43,338,1,456.5,504.5
43,338,1,265.9,638.5
43,338,0,421.8,541.5
43,338,1,7.5,431.0
43,338,0,616.0,485.0
43,338,0,385.0,586.5
43,338,0,470.5,476.0
43,338,0,215.0,472.0
43,338,0,482.8,460.0
43,338,1,598.0,445.0
43,338,0,628.0,518.5
43,338,0,615.0,484.0
43,338,1,635.5,521.5
43,338,0,447.5,509.0
43,338,0,185.0,494.0
43,338,1,636.0,523.5
43,338,0,588.5,424.5
43,338,0,469.0,473.2
43,338,0,472.0,477.0
43,339,1,224.4,639.5
43,339,0,411.8,514.5
43,339,0,349.5,589.0
43,339,0,433.5,475.0
43,339,1,420.0,507.5
43,339,0,387.0,536.5
43,339,1,456.5,444.8
43,339,0,572.0,483.0
43,339,0,622.0,558.0
43,339,1,590.0,522.5
43,339,0,445.2,462.5
43,339,0,583.0,488.5
43,339,0,563.0,471.5
43,340,1,164.9,640.0
43,340,1,374.5,508.2
43,340,0,565.0,552.5
43,340,1,537.5,520.5
43,340,0,520.5,483.2
43,340,0,389.5,477.5
43,340,1,454.5,377.0
43,340,0,604.0,533.0
43,340,0,341.5,497.5
43,340,0,388.5,476.8
43,340,0,303.5,584.0
43,340,0,637.0,546.0
43,340,0,531.0,510.2
43,340,0,366.8,513.0
43,340,0,389.0,478.5
43,340,0,341.0,549.0
43,340,0,388.2,477.0
43,341,1,123.0,636.5
43,341,0,534.0,552.5
43,341,1,506.2,520.5
43,341,0,339.5,513.5
43,341,0,361.0,478.2
43,341,0,372.5,465.8
43,341,0,273.5,582.0
43,341,0,313.0,556.5
43,341,1,425.0,379.0
43,341,0,490.0,483.5
43,341,0,362.0,478.5
43,341,0,313.2,502.5
43,341,0,313.5,522.0
43,341,0,500.0,507.0
43,341,0,572.0,534.0
43,341,0,573.0,582.5
43,342,1,104.3,639.0
43,342,0,520.5,562.5
43,342,1,494.2,521.5
43,342,0,326.0,521.5
43,342,1,334.8,516.0
43,342,0,476.5,482.5
43,342,1,372.0,448.0
43,342,0,477.0,483.5
43,342,0,350.2,479.0
43,342,0,360.5,466.2
43,342,0,300.2,503.5
43,342,0,557.5,538.5
43,342,0,326.8,511.2
43,343,1,81.9,640.0
43,343,1,401.8,385.0
43,343,0,316.5,524.0
43,343,0,338.0,480.8
43,343,1,482.5,525.5
43,343,1,323.8,518.5
43,343,0,289.5,530.0
43,343,0,511.5,558.5
43,343,0,338.8,482.5
43,343,0,350.0,468.5
43,343,0,331.5,504.5
43,343,0,466.0,484.5
43,343,0,476.0,489.5
43,343,0,247.8,591.0
43,343,0,465.8,484.0
43,344,1,68.1,639.0
43,344,1,477.5,526.5
43,344,1,396.0,384.2
43,344,0,506.5,559.0
43,344,1,318.8,519.5
43,344,0,310.0,522.5
43,344,0,333.8,486.2
43,344,0,241.0,590.5
43,344,0,461.0,487.5
43,344,0,333.0,484.5
43,344,0,310.5,512.5
43,344,0,505.5,546.0
43,345,1,58.4,640.0
43,345,1,395.0,382.2
43,345,1,477.0,528.0
43,345,1,317.0,522.5
43,345,0,309.0,528.0
43,345,1,354.5,451.5
43,345,0,332.0,489.5
43,345,0,281.2,510.5
43,345,0,332.0,487.5
43,345,0,90.2,483.0
43,345,0,89.9,516.5
43,345,0,506.5,558.0
43,345,0,343.5,471.0
43,345,0,459.5,486.0
43,345,0,333.5,489.2
43,346,1,47.5,639.0
43,346,1,475.5,527.5
43,346,0,278.0,576.0
43,346,1,393.0,384.0
43,346,0,306.5,525.0
43,346,0,330.5,490.0
43,346,0,331.0,490.5
43,346,0,278.5,532.5
43,346,0,341.5,474.0
43,346,1,49.4,512.0
43,346,1,353.2,452.0
43,347,1,38.3,640.0
43,347,1,313.5,526.5
43,347,0,328.0,490.8
43,347,1,474.8,529.0
43,347,0,305.2,530.0
43,347,0,276.5,524.5
43,347,0,340.5,477.0
43,347,0,505.8,570.0
43,347,1,391.5,384.0
43,347,0,328.8,492.0
43,347,0,457.8,492.5
43,347,0,81.1,499.5
43,348,1,23.9,637.0
43,348,1,310.5,530.0
43,348,1,473.5,536.0
43,348,1,388.0,391.2
43,348,0,505.5,571.0
43,348,0,227.5,606.0
43,348,0,326.5,498.0
43,348,0,302.5,528.0
43,348,0,467.5,513.0
43,348,1,349.0,456.0
43,348,0,327.0,496.2
43,348,0,74.6,549.5
43,348,0,273.5,526.5
43,349,1,21.8,640.0
43,349,1,312.0,532.0
43,349,0,326.8,497.5
43,349,1,476.2,538.0
43,349,1,390.0,389.5
43,349,0,227.8,597.0
43,349,1,350.0,453.5
43,349,1,441.0,461.5
43,349,0,508.0,577.0
43,349,0,303.0,541.5
43,349,0,457.8,498.0
43,349,0,43.8,484.5
43,349,0,75.2,503.5
43,350,1,12.1,539.5
43,350,1,471.2,540.0
43,350,0,298.0,537.5
43,350,0,220.6,611.5
43,350,0,268.0,532.0
43,350,1,307.0,535.0
43,350,1,22.2,531.5
43,350,0,323.0,499.5
43,350,0,22.7,532.5
43,350,0,452.8,498.2
43,350,0,322.0,497.5
43,351,0,291.0,540.5
43,351,1,300.2,534.5
43,351,1,465.0,542.5
43,351,0,211.5,617.0
43,351,1,379.2,391.5
43,351,0,260.5,535.0
43,351,1,7.8,532.5
43,351,0,459.0,534.0
43,351,0,316.5,500.2
43,352,1,296.0,537.5
43,352,1,462.0,544.5
43,352,0,206.0,629.0
43,352,1,334.0,458.8
43,352,0,255.2,540.0
43,352,1,2.1,537.0
43,352,0,286.5,532.0
43,352,0,442.8,499.2
43,352,1,371.5,388.5
43,352,0,311.0,499.5
43,352,0,323.5,484.0
43,353,1,457.2,545.5
43,353,1,371.0,389.2
43,353,1,329.5,464.2
43,353,0,196.8,634.0
43,353,0,306.0,501.8
43,353,0,281.0,545.5
43,353,0,318.0,484.8
43,354,1,458.2,546.0
43,354,1,371.0,390.2
43,354,0,195.5,632.5
43,354,1,329.5,463.0
43,354,0,306.5,503.0
43,354,0,281.5,555.0
43,354,0,318.0,486.0
43,354,0,307.0,503.8
43,355,1,459.0,548.0
43,355,1,370.5,389.8
43,355,0,280.8,555.0
43,355,0,317.2,484.5
43,355,1,329.5,465.5
43,355,0,305.0,501.5
43,355,0,246.5,602.0
43,355,0,22.5,556.0
43,355,0,192.5,634.0
43,355,0,279.0,554.0
43,355,1,247.4,601.0
43,356,1,455.8,549.5
43,356,1,286.0,541.5
43,356,1,326.0,461.0
43,356,0,277.0,545.5
43,356,0,303.0,500.0
43,356,0,188.8,634.5
43,356,1,369.0,388.5
43,356,0,277.2,550.0
43,356,0,243.0,597.5
43,356,0,314.5,484.0
43,357,1,280.0,540.5
43,357,1,452.2,551.0
43,357,1,364.0,387.5
43,357,0,178.5,627.5
43,357,0,296.0,498.0
43,357,0,309.2,482.8
43,357,1,321.8,456.0
43,357,0,270.8,532.0
43,357,0,9.0,542.5
43,357,0,271.0,546.5
43,357,0,236.5,532.0
43,358,1,277.0,540.5
43,358,1,359.8,384.5
43,358,0,172.8,635.0
43,358,1,449.8,545.0
43,358,1,318.0,455.0
43,358,0,267.0,541.5
43,358,0,266.5,549.5
43,358,0,294.2,494.0
43,358,0,268.0,552.0
43,358,0,293.5,493.8
43,359,0,169.1,635.5
43,359,1,276.0,535.5
43,359,1,358.5,382.8
43,359,0,266.0,539.0
43,359,1,449.8,542.5
43,359,0,293.0,493.8
43,359,0,292.5,492.8
43,359,0,305.5,477.5
43,360,1,449.5,536.5
43,360,1,357.5,379.5
43,360,0,291.0,492.0
43,360,0,265.0,541.0
43,360,1,273.5,539.5
43,360,0,263.8,535.0
43,360,0,163.8,620.0
43,361,1,356.0,378.5
43,361,0,157.1,634.0
43,361,0,260.5,535.0
43,361,1,447.0,540.0
43,361,1,270.2,537.0
43,361,0,301.0,475.0
43,361,0,261.5,539.5
43,361,0,424.8,492.2
43,362,0,143.2,631.5
43,362,1,439.2,542.5
43,362,1,261.2,534.5
43,362,0,279.2,493.0
43,362,1,348.2,377.5
43,362,0,250.5,539.0
43,362,0,251.0,545.0
43,362,1,305.5,450.5
43,363,0,125.1,634.0
43,363,1,339.5,374.5
43,363,1,429.5,537.0
43,363,1,249.9,539.0
43,363,0,239.8,535.5
43,363,1,295.5,450.0
43,363,0,270.0,488.5
43,363,0,421.5,523.5
43,364,1,423.5,538.0
43,364,1,333.0,374.5
43,364,0,115.4,637.5
43,364,1,244.5,540.0
43,364,0,262.5,492.5
43,364,0,233.2,540.5
43,364,1,289.5,450.0
43,364,0,261.8,472.0
43,365,0,108.0,633.0
43,365,1,421.5,536.5
43,365,1,332.0,372.5
43,365,0,229.0,538.5
43,365,1,240.6,539.5
43,366,1,420.2,535.5
43,366,1,328.5,369.5
43,366,1,286.0,448.2
43,366,0,227.9,536.0
43,366,1,239.5,538.5
43,367,0,97.6,638.5
43,367,1,420.8,533.5
43,367,0,226.2,536.0
43,367,1,327.5,367.0
43,367,1,419.0,533.0
43,367,1,284.8,445.5
43,367,0,271.2,468.2
43,367,1,237.2,536.0
43,368,1,420.8,528.0
43,368,0,94.0,639.0
43,368,0,224.8,535.0
43,368,1,326.8,372.0
43,368,0,257.8,482.0
43,369,0,81.8,640.0
43,369,1,230.5,535.0
43,369,0,251.6,477.5
43,369,1,323.5,362.0
43,369,1,279.0,440.2
43,369,1,416.2,524.0
43,370,0,78.1,640.0
43,370,1,229.2,534.0
43,370,1,415.5,517.0
43,370,0,249.2,479.2
43,370,0,216.9,535.0
43,370,1,278.0,437.5
43,370,0,4.2,615.0
43,370,0,250.2,481.5
43,371,1,229.4,536.5
43,371,0,74.4,639.0
43,371,0,249.8,479.0
43,371,0,394.0,471.8
43,371,0,217.0,551.0
43,371,1,278.2,434.0
43,371,1,323.2,359.5
43,371,1,416.8,522.0
43,371,0,250.9,481.5
43,372,0,213.2,538.0
43,372,1,415.0,517.0
43,372,0,66.5,640.0
43,372,0,247.4,478.0
43,372,1,276.5,434.2
43,372,0,237.8,516.0
43,373,1,415.5,517.5
43,373,0,247.0,480.0
43,373,0,213.0,538.5
43,373,1,276.0,435.5
43,373,0,237.5,518.5
43,374,1,414.5,524.5
43,374,0,246.2,480.5
43,374,1,223.5,537.5
43,374,0,245.8,478.8
43,375,1,414.0,523.5
43,375,0,244.5,480.0
43,375,0,208.2,539.5
43,375,1,221.8,534.5
43,375,1,412.5,523.0
43,375,0,390.5,472.5
43,375,1,274.0,433.0
43,376,0,242.8,477.8
43,376,0,259.5,463.0
43,376,1,414.2,526.5
43,376,1,317.0,358.2
43,376,1,23.9,554.5
43,376,0,207.2,538.0
43,376,1,273.5,430.0
43,376,1,220.2,536.0
43,377,0,243.2,477.2
43,377,1,414.8,523.5
43,377,0,259.5,460.5
43,377,0,206.8,537.0
43,377,1,220.5,530.0
43,377,1,273.5,431.0
43,377,0,43.3,640.0
43,377,1,272.2,437.0
43,378,0,242.1,478.0
43,378,1,219.0,537.5
43,378,1,414.2,531.0
43,378,1,317.0,354.5
43,378,0,205.5,539.5
43,378,0,153.2,564.0
43,379,1,218.0,538.0
43,379,0,241.5,479.5
43,379,1,317.0,354.8
43,379,1,414.5,530.5
43,379,1,62.3,284.8
43,379,0,205.0,536.0
43,380,1,214.8,540.0
43,380,1,11.5,556.5
43,380,1,269.5,432.5
43,380,0,200.8,537.0
43,380,0,238.9,479.0
43,380,1,314.5,352.5
43,380,1,413.5,530.5
43,381,1,213.0,541.0
43,381,1,412.5,533.0
43,381,0,237.0,480.5
43,381,1,268.2,430.8
43,381,1,314.5,354.0
43,381,0,18.7,639.0
43,381,0,198.5,534.5
43,382,1,212.5,541.5
43,382,0,15.5,640.0
43,382,1,268.0,424.0
43,382,1,412.5,532.5
43,382,0,197.5,536.0
43,382,0,236.9,479.5
43,382,1,313.8,356.2
43,383,1,3.8,525.0
43,383,1,212.2,542.0
43,383,0,236.8,477.0
43,383,0,198.0,531.5
43,383,1,313.5,353.5
43,383,0,387.5,442.5
43,384,0,233.2,482.8
43,384,1,412.5,535.0
43,384,1,266.0,434.0
43,384,0,8.1,624.0
43,384,1,208.8,540.5
43,384,0,194.2,540.5
43,385,0,233.0,481.5
43,385,1,208.4,543.0
43,385,1,266.0,434.0
43,385,0,274.0,416.5
43,385,0,6.0,589.0
43,385,1,413.5,541.0
43,385,0,387.0,477.0
43,385,0,193.5,540.0
43,386,1,263.8,430.0
43,386,1,205.8,542.0
43,386,1,412.5,537.0
43,386,0,190.6,538.5
43,386,0,231.2,481.2
43,386,0,386.0,478.0
43,386,1,265.0,427.5
43,387,1,265.0,436.0
43,387,0,232.0,480.5
43,387,1,206.0,544.0
43,387,0,190.9,543.5
43,387,0,273.0,417.5
43,388,1,261.8,433.8
43,388,1,412.5,543.5
43,388,1,203.5,543.5
43,388,0,230.0,482.5
43,388,0,385.5,480.5
43,388,0,188.6,566.0
43,389,1,201.0,549.5
43,389,1,412.5,544.0
43,389,1,261.5,437.0
43,389,0,186.5,553.0
43,389,0,228.5,482.0
43,389,0,385.2,481.8
43,389,1,308.5,353.5
43,390,1,199.2,553.0
43,390,1,411.0,540.5
43,390,1,259.5,434.5
43,390,1,307.5,353.5
43,390,1,361.8,436.5
43,390,0,182.5,565.0
43,390,0,226.2,484.5
43,390,0,183.8,565.0
43,391,1,199.0,555.5
43,391,1,307.5,354.2
43,391,1,412.5,540.5
43,391,1,260.0,425.5
43,392,1,361.2,436.0
43,392,1,306.2,355.8
43,392,1,411.5,542.5
43,392,1,196.4,555.0
43,392,1,277.2,408.0
43,392,1,258.0,433.5
43,393,1,306.0,355.5
43,393,1,361.2,435.2
43,393,1,411.2,542.0
43,393,1,258.0,430.2
43,393,1,195.8,552.0
43,394,1,303.8,353.8
43,394,1,408.0,547.0
43,394,1,254.2,435.5
43,394,1,250.5,440.5
43,394,1,358.5,434.5
43,394,1,190.2,542.0
43,395,1,304.8,353.0
43,395,1,409.0,543.5
43,395,1,254.8,430.5
43,395,1,189.5,547.5
43,395,1,253.5,428.5
43,395,1,203.0,536.0
43,396,1,300.2,353.0
43,396,1,186.2,559.5
43,396,1,252.8,435.5
43,396,1,407.8,542.0
43,396,0,216.6,490.0
43,396,1,357.0,432.0
43,397,1,305.0,353.0
43,397,1,411.0,545.5
43,397,1,187.8,561.0
43,397,1,360.2,430.0
43,397,0,218.0,487.0
43,397,1,254.4,432.5
43,398,1,183.8,566.0
43,398,1,299.8,352.0
43,398,1,408.0,547.0
43,398,1,251.5,437.0
43,398,1,357.0,432.8
43,398,0,260.5,421.5
43,398,0,214.5,490.0
43,398,0,164.8,567.0
43,399,1,302.8,352.0
43,399,1,185.0,566.5
43,399,0,217.1,495.5
43,399,1,412.0,539.0
43,399,1,253.8,433.5
43,399,1,359.5,432.5
43,399,0,165.4,568.5
43,400,1,181.5,570.0
43,400,1,409.2,548.5
43,400,1,299.8,353.0
43,400,1,250.5,432.0
43,400,0,260.2,422.0
43,401,1,182.2,572.0
43,401,1,302.5,353.0
43,401,1,412.2,549.0
43,401,1,252.8,440.0
43,401,0,214.9,495.2
43,401,0,262.0,422.5
43,402,1,409.2,547.0
43,402,1,176.9,571.5
43,402,1,299.0,352.0
43,402,1,249.2,439.2
43,402,0,398.0,484.0
43,403,1,411.5,547.0
43,403,1,299.8,351.8
43,403,1,178.8,569.5
43,403,1,357.5,430.2
43,403,1,251.0,431.0
43,403,0,399.5,488.0
43,404,1,300.0,352.0
43,404,1,176.8,572.0
43,404,1,412.2,554.5
43,404,0,211.9,491.5
43,404,1,357.8,428.0
43,404,1,250.0,422.0
43,404,1,250.5,437.5
43,405,1,176.5,575.0
43,405,1,414.0,553.0
43,405,1,299.0,356.0
43,405,0,211.8,491.0
43,405,1,358.5,428.0
43,405,1,250.5,431.5
43,406,1,300.0,353.0
43,406,1,173.5,579.5
43,406,1,413.8,559.0
43,406,1,358.0,432.5
43,406,0,151.1,581.5
43,406,1,250.0,434.8
43,406,0,210.2,497.0
43,407,1,171.5,585.0
43,407,1,412.0,554.0
43,407,1,297.0,354.0
43,407,1,247.9,433.5
43,408,1,169.2,583.0
43,408,1,413.0,558.5
43,408,1,298.5,348.0
43,408,1,247.5,438.5
43,409,1,165.2,584.0
43,409,1,411.5,556.0
43,409,1,245.6,438.0
43,409,1,296.5,345.5
43,409,1,354.2,423.2
43,410,1,411.2,551.0
43,410,1,244.6,435.5
43,410,1,164.1,578.5
43,410,1,297.0,346.0
43,411,1,413.0,555.5
43,411,1,245.4,433.5
43,411,1,163.8,577.5
43,411,1,297.8,339.8
43,411,1,296.0,346.0
43,412,1,164.1,579.5
43,412,1,245.8,431.5
43,412,1,297.0,339.5
43,412,1,357.2,422.5
43,412,1,269.0,396.5
43,412,0,257.2,413.2
43,412,1,417.2,562.5
43,413,1,169.0,585.0
43,413,1,423.0,560.5
43,413,1,251.1,430.0
43,413,1,301.5,338.5
43,413,1,361.8,417.0
43,413,0,261.8,412.0
43,414,1,168.9,584.0
43,414,1,425.0,551.5
43,414,1,305.8,333.8
43,414,1,253.2,428.5
43,414,0,210.8,487.0
43,414,1,365.2,418.5
43,415,1,168.1,585.0
43,415,1,425.0,553.5
43,415,1,304.0,333.8
43,415,1,251.9,431.5
43,415,0,209.8,489.5
43,415,0,233.2,464.8
43,416,1,428.5,553.0
43,416,1,169.8,584.0
43,416,1,254.2,424.5
43,416,1,306.5,335.8
43,416,1,367.0,411.5
43,416,0,25.3,639.5
43,416,0,266.0,408.5
43,416,1,277.5,393.8
43,417,1,428.0,555.0
43,417,1,305.8,331.0
43,417,1,167.5,585.0
43,417,1,253.4,428.0
43,417,1,365.8,412.0
43,417,0,209.5,486.5
43,417,0,263.2,406.5
43,418,1,428.5,556.0
43,418,1,167.0,586.0
43,418,1,304.8,330.0
43,418,1,252.5,426.8
43,418,1,366.0,414.0
43,418,0,209.4,487.5
43,419,1,171.5,582.5
43,419,1,435.8,552.0
43,419,1,258.5,419.8
43,419,0,215.6,483.5
43,419,0,422.5,440.5
43,420,1,261.5,421.0
43,420,1,174.0,583.0
43,420,1,439.5,549.0
43,420,0,272.8,402.5
43,420,1,373.5,404.0
43,420,0,218.2,483.0
43,420,1,312.8,326.2
43,421,1,178.5,584.0
43,421,1,267.5,423.5
43,421,1,449.5,555.0
43,421,0,278.5,402.2
43,421,1,381.5,404.5
43,421,0,277.5,401.0
43,421,0,407.5,461.0
43,421,0,197.8,505.5
43,421,0,224.2,485.0
43,422,1,176.6,589.0
43,422,0,276.5,403.5
43,422,1,266.0,425.0
43,422,1,265.5,423.5
43,422,0,258.4,426.5
43,422,1,448.5,564.0
43,423,1,455.2,562.0
43,423,1,183.0,589.0
43,423,1,323.5,327.5
43,423,1,385.5,406.0
43,423,0,227.4,486.2
43,423,1,264.8,431.2
43,423,0,283.0,404.0
43,423,1,271.0,421.5
43,423,1,294.0,386.5
43,424,1,182.0,592.0
43,424,1,456.0,563.0
43,424,1,325.0,328.0
43,424,0,283.0,402.0
43,424,1,272.5,421.0
43,424,0,227.5,485.5
43,424,1,271.2,424.5
43,424,0,265.0,427.0
43,425,1,456.0,568.0
43,425,1,179.0,594.0
43,425,1,270.2,422.0
43,425,1,385.2,411.0
43,425,1,323.0,329.8
43,425,0,281.5,406.0
43,425,0,225.8,488.5
43,426,1,462.5,571.5
43,426,1,180.5,599.0
43,426,1,327.0,328.5
43,426,0,284.5,407.0
43,426,1,389.0,417.0
43,426,0,265.5,432.5
43,426,1,273.2,425.5
43,426,0,265.2,421.5
43,427,1,464.8,577.0
43,427,1,181.8,604.0
43,427,1,328.0,332.2
43,427,1,390.5,417.5
43,427,1,274.2,425.0
43,427,0,286.0,408.8
43,427,0,229.4,492.5
43,427,0,266.5,428.5
43,428,1,466.0,581.0
43,428,1,179.1,606.0
43,428,1,328.8,338.5
43,428,0,285.8,410.5
43,428,1,274.0,429.0
43,428,1,391.0,417.5
43,428,0,266.5,428.8
43,429,1,467.0,583.5
43,429,1,179.0,609.0
43,429,1,327.5,337.2
43,429,0,285.0,412.0
43,429,1,390.5,419.0
43,429,1,273.8,429.5
43,429,0,266.0,434.8
43,430,1,470.0,592.0
43,430,1,179.0,609.0
43,430,1,275.5,431.0
43,430,1,393.0,417.5
43,430,1,329.5,334.8
43,430,1,276.0,432.0
43,430,0,286.8,411.0
43,430,0,255.0,470.0
43,431,1,177.5,614.5
43,431,1,328.5,339.2
43,431,1,392.5,421.0
43,431,1,470.8,592.0
43,431,1,274.5,430.0
43,431,0,406.0,409.2
43,431,0,286.2,411.5
43,431,0,286.0,412.2
43,432,1,472.5,596.5
43,432,1,175.6,620.0
43,432,1,392.8,423.5
43,432,1,328.5,340.2
43,432,0,226.5,501.5
43,432,0,266.0,438.5
43,432,1,274.0,433.8
43,432,0,286.2,415.5
43,433,1,475.5,603.0
43,433,1,175.5,624.0
43,433,1,393.8,425.0
43,433,0,227.8,507.0
43,433,1,328.5,344.0
43,433,1,275.0,438.0
43,433,0,286.5,418.0
43,434,1,476.0,601.5
43,434,1,393.0,425.0
43,434,0,16.3,577.5
43,434,0,226.0,507.5
43,434,0,285.8,420.0
43,434,1,172.2,634.5
43,434,1,328.5,343.0
43,434,0,265.5,429.0
43,434,0,407.0,426.5
43,434,0,266.0,445.2
43,434,1,273.8,438.8
43,434,1,272.5,443.2
43,434,0,454.5,473.8
43,435,1,478.0,604.5
43,435,1,170.8,636.5
43,435,1,329.0,343.2
43,435,1,394.2,429.5
43,435,0,286.2,420.0
43,435,0,266.0,430.0
43,435,1,274.0,437.5
43,435,1,273.0,442.2
43,436,1,167.5,640.0
43,436,1,482.0,622.0
43,436,0,6.4,597.0
43,436,1,274.0,439.0
43,436,1,329.0,344.0
43,436,1,395.8,432.0
43,436,0,286.5,423.5
43,436,0,266.5,440.0
43,437,1,396.5,431.5
43,437,1,486.0,617.0
43,437,1,164.2,640.0
43,437,1,329.0,345.2
43,437,0,286.5,425.5
43,437,1,274.2,443.5
43,437,0,265.8,439.0
43,437,0,265.5,424.5
43,438,0,287.0,424.5
43,438,1,489.5,620.5
43,438,1,329.0,343.8
43,438,1,398.0,429.0
43,438,1,301.0,404.5
43,438,1,489.0,632.5
43,438,1,274.5,444.5
43,438,0,266.0,444.5
43,438,1,273.0,450.0
43,439,1,493.5,616.0
43,439,1,155.0,640.0
43,439,1,328.5,354.0
43,439,1,399.2,440.2
43,439,0,265.0,437.0
43,439,0,286.5,432.5
43,439,0,265.0,458.0
43,439,1,273.5,460.0
43,439,1,489.2,637.5
43,440,1,329.5,359.5
43,440,1,400.5,441.5
43,440,1,152.5,640.0
43,440,0,265.8,436.8
43,440,1,274.5,458.5
43,440,0,220.9,546.0
43,440,1,500.5,639.5
43,440,0,287.5,440.0
43,440,0,398.2,437.0
43,441,1,401.8,449.5
43,441,0,266.0,437.5
43,441,1,275.5,463.2
43,441,1,150.6,638.0
43,441,0,220.2,544.0
43,441,1,329.2,358.0
43,441,0,287.5,440.8
43,441,1,302.0,420.0
43,441,0,288.5,441.5
43,441,0,297.5,427.5
43,442,1,401.8,452.2
43,442,1,491.5,637.0
43,442,1,301.2,426.5
43,442,1,329.0,361.5
43,442,1,500.0,638.0
43,442,1,273.5,473.0
43,442,0,287.0,447.8
43,442,1,143.0,639.5
43,442,1,506.8,639.5
43,443,0,218.5,562.0
43,443,1,407.0,460.2
43,443,1,277.5,476.8
43,443,1,141.0,640.0
43,443,0,290.5,448.5
43,443,1,517.0,640.0
43,443,1,333.0,363.5
43,444,1,404.0,462.0
43,444,1,134.6,640.0
43,444,0,635.0,565.0
43,444,1,273.5,483.5
43,444,1,517.5,640.0
43,444,0,287.0,455.2
43,444,1,328.5,372.2
43,444,1,516.0,640.0
43,444,1,302.0,434.8
43,444,0,263.5,449.5
43,445,1,336.0,370.0
43,445,1,277.0,484.0
43,445,1,408.0,466.0
43,445,1,527.5,630.0
43,445,1,131.1,640.0
43,445,0,289.5,458.5
43,445,1,525.0,640.0
43,445,0,426.0,460.5
43,445,0,299.5,444.0
43,445,0,386.8,428.0
43,446,1,408.5,468.5
43,446,1,333.5,371.5
43,446,0,212.6,579.5
43,446,0,265.8,459.0
43,446,1,533.0,639.0
43,446,1,531.5,640.0
43,446,1,275.2,485.5
43,446,1,124.8,640.0
43,446,0,288.0,458.0
43,446,1,519.9,636.0
43,446,0,265.8,480.5
43,446,0,427.0,454.0
43,446,0,298.5,445.5
43,446,0,13.5,639.5
43,447,1,336.0,372.5
43,447,1,119.6,640.0
43,447,1,541.5,640.0
43,447,1,409.5,475.0
43,447,0,210.8,583.5
43,447,0,265.8,459.5
43,447,1,275.0,482.5
43,447,0,288.2,461.5
43,447,0,265.0,475.0
43,447,0,298.5,447.5
43,448,1,336.2,372.2
43,448,1,114.0,640.0
43,448,1,410.8,477.5
43,448,0,208.9,584.0
43,448,0,298.0,446.2
43,448,1,547.0,636.0
43,448,0,430.2,467.5
43,448,0,264.0,456.0
43,448,1,274.5,486.5
43,448,0,288.0,462.0
43,448,0,436.5,457.0
43,448,0,287.5,459.0
43,449,1,338.0,373.2
43,449,1,111.1,639.5
43,449,1,276.5,488.0
43,449,0,290.2,459.0
43,449,0,210.0,590.5
43,449,0,266.5,487.5
43,449,1,413.5,476.5
43,449,1,553.5,640.0
43,449,1,551.5,640.0
43,449,0,300.5,446.0
43,449,0,536.0,514.0
43,449,0,433.2,463.0
43,449,1,209.8,589.0
43,450,1,337.0,371.0
43,450,1,99.6,640.0
43,450,1,557.0,639.5
43,450,0,205.2,593.0
43,450,1,413.5,477.5
43,450,0,264.5,456.5
43,450,0,299.2,447.0
43,450,0,288.2,460.0
43,450,1,100.6,640.0
43,450,0,541.0,516.5
43,450,1,274.8,485.5
43,450,0,433.8,469.0
43,451,1,337.5,372.8
43,451,1,91.2,640.0
43,451,1,414.5,481.0
43,451,1,573.5,629.0
43,451,0,298.8,448.5
43,451,1,274.0,491.2
43,451,0,287.5,462.5
43,451,0,437.0,469.0
43,451,0,263.5,467.0
43,451,1,305.2,441.0
43,452,1,336.0,370.0
43,452,1,414.5,481.5
43,452,1,578.0,640.0
43,452,0,287.0,463.2
43,452,0,437.0,468.0
43,452,0,263.0,477.5
43,452,1,86.1,640.0
43,452,0,298.5,446.5
43,452,1,272.8,495.2
43,452,0,263.2,497.8
43,453,1,70.5,639.0
43,453,1,412.5,476.5
43,453,0,9.5,639.0
43,453,1,270.0,484.5
43,453,0,258.9,462.0
43,453,1,329.5,371.5
43,453,1,581.5,640.0
43,453,0,285.0,461.0
43,453,0,436.0,463.8
43,453,1,302.0,438.5
43,453,1,269.5,469.5
43,454,1,52.1,639.0
43,454,1,267.2,488.8
43,454,1,411.5,473.0
43,454,0,283.5,461.8
43,454,0,255.8,462.2
43,454,1,300.2,437.5
43,454,0,435.0,460.5
43,454,1,588.0,640.0
43,454,1,329.0,369.0
43,454,1,588.0,608.0
43,454,0,294.5,447.0
43,454,0,390.0,425.0
43,455,1,404.0,478.5
43,455,1,257.9,496.5
43,455,1,324.2,369.5
43,455,0,273.5,461.0
43,455,1,31.5,640.0
43,455,1,583.5,640.0
43,455,0,246.8,464.8
43,455,0,285.2,447.5
43,455,0,427.8,460.5
43,456,1,391.0,479.0
43,456,0,259.6,463.2
43,456,0,231.9,459.5
43,456,1,312.5,370.5
43,456,1,277.5,436.0
43,456,1,243.5,491.0
43,456,1,583.0,640.0
43,456,0,415.2,461.2
43,456,0,559.5,548.0
43,457,1,388.5,480.5
43,457,1,238.4,494.2
43,457,0,226.2,480.8
43,457,1,591.0,639.5
43,457,0,255.8,468.5
43,457,1,307.5,369.5
43,457,0,256.2,470.0
43,457,0,413.5,466.5
43,457,1,590.0,640.0
43,458,1,304.0,372.5
43,458,1,234.5,502.0
43,458,0,58.7,640.0
43,458,1,386.5,485.0
43,458,0,252.1,469.5
43,458,0,222.8,469.8
43,458,0,410.5,465.5
43,458,1,271.0,440.5
43,459,1,230.0,508.0
43,459,0,247.9,472.2
43,459,0,408.5,470.8
43,459,1,301.0,370.5
43,459,1,268.2,442.8
43,459,0,217.9,480.0
43,459,1,298.8,372.2
43,459,1,383.0,485.5
43,460,1,615.0,639.5
43,460,1,381.2,486.8
43,460,0,407.5,470.0
43,460,0,244.8,468.0
43,460,0,213.2,462.5
43,460,1,226.0,501.8
43,460,1,381.2,474.5
43,460,1,264.5,439.5
43,460,1,297.0,373.0
43,460,0,419.0,457.0
43,460,0,127.5,637.0
43,461,1,232.0,500.0
43,461,1,394.2,483.0
43,461,0,252.1,464.0
43,461,1,592.0,638.5
43,461,0,426.5,466.0
43,461,0,217.8,489.5
43,461,1,308.5,359.5
43,461,0,371.0,425.0
43,461,0,185.8,482.0
43,461,0,380.5,411.8
43,462,1,233.2,499.0
43,462,1,396.5,485.5
43,462,0,429.0,467.5
43,462,0,253.2,464.5
43,462,0,253.8,465.0
43,462,1,596.0,639.0
43,462,0,219.2,475.5
43,462,1,311.2,360.5
43,462,0,219.5,498.5
43,463,1,233.2,497.0
43,463,1,397.2,486.2
43,463,0,253.2,464.5
43,463,0,429.5,469.2
43,463,0,219.2,504.5
43,463,1,599.0,638.0
43,463,0,372.0,425.2
43,463,0,218.8,478.5
43,463,1,311.2,360.2
43,463,0,382.0,411.5
43,463,0,373.0,426.0
43,464,1,233.2,496.5
43,464,1,397.8,484.5
43,464,1,604.0,639.0
43,464,0,253.2,460.2
43,464,1,312.0,356.8
43,464,0,430.2,469.5
43,464,0,219.6,465.5
43,464,1,474.5,618.0
43,464,0,186.1,483.0
43,464,0,373.0,424.8
43,465,1,233.5,497.5
43,465,1,398.8,484.0
43,465,0,253.5,459.5
43,465,1,312.5,354.8
43,465,0,373.5,425.5
43,465,1,607.0,637.5
43,465,0,220.0,496.2
43,465,0,373.8,425.0
43,465,0,267.0,444.5
43,465,1,396.2,479.5
43,466,1,232.8,501.2
43,466,1,399.0,486.8
43,466,0,253.2,465.0
43,466,1,312.5,357.0
43,466,0,446.2,465.2
43,466,0,219.0,500.5
43,466,0,373.0,426.0
43,466,0,218.5,483.0
43,466,0,431.0,471.0
43,466,1,396.2,482.0
43,466,1,612.0,640.0
43,467,1,234.0,499.0
43,467,1,616.0,638.0
43,467,1,400.8,488.8
43,467,0,254.6,466.0
43,467,1,313.0,359.2
43,467,1,371.0,425.5
43,467,0,220.4,468.5
43,467,1,372.5,425.0
43,467,1,276.0,430.2
43,467,0,433.0,473.0
43,467,0,374.0,425.2
43,467,0,268.8,442.5
43,468,1,402.8,495.5
43,468,1,232.2,512.5
43,468,0,253.5,474.0
43,468,0,436.0,476.5
43,468,1,276.5,439.0
43,468,1,313.2,364.5
43,468,1,635.0,632.0
43,468,0,268.5,450.5
43,468,1,234.8,511.5
43,468,0,217.1,479.5
43,468,1,634.0,600.5
43,468,0,254.4,473.5
43,469,1,232.0,512.0
43,469,1,408.8,501.0
43,469,0,254.8,471.5
43,469,1,278.0,434.5
43,469,0,216.1,470.0
43,469,0,390.5,425.0
43,469,0,446.0,483.8
43,469,0,270.0,448.5
43,469,1,314.5,359.5
43,469,0,217.0,485.5
43,469,0,93.2,632.0
43,469,1,372.5,427.5
43,470,1,230.6,520.5
43,470,1,410.0,504.0
43,470,1,277.5,439.0
43,470,0,254.0,472.2
43,470,0,92.2,636.0
43,470,0,391.0,430.0
43,470,0,174.0,520.5
43,470,0,380.5,433.5
43,470,1,277.5,436.0
43,470,1,373.5,428.8
43,471,1,229.2,524.0
43,471,1,411.0,504.5
43,471,0,253.0,472.5
43,471,0,20.6,640.0
43,471,1,277.2,436.8
43,471,0,268.5,452.2
43,471,1,314.0,359.5
43,472,1,229.8,523.5
43,472,1,412.0,503.5
43,472,0,83.3,640.0
43,472,0,454.5,491.5
43,472,0,254.4,472.0
43,472,0,9.5,640.0
43,472,1,374.8,425.5
43,472,1,278.2,431.0
43,472,0,384.0,431.5
43,472,1,315.5,358.2
43,473,1,413.0,503.5
43,473,1,228.8,529.0
43,473,0,253.5,474.8
43,473,1,375.8,428.0
43,473,1,278.0,433.0
43,473,0,459.0,490.5
43,473,1,414.0,486.0
43,473,0,384.2,430.5
43,473,1,315.5,358.0
43,474,0,252.8,476.5
43,474,1,413.0,504.5
43,474,1,228.2,526.0
43,474,1,375.5,430.8
43,474,1,278.0,435.2
43,474,0,384.5,433.5
43,474,0,208.9,477.2
43,474,1,315.2,359.0
43,474,1,226.5,501.2
43,474,0,460.5,524.0
43,475,1,419.2,511.5
43,475,0,253.6,474.8
43,475,1,321.0,357.5
43,475,0,387.2,435.2
43,475,1,228.5,528.0
43,475,0,399.0,435.5
43,475,0,208.8,478.5
43,475,1,279.5,435.0
43,475,0,468.8,511.0
43,476,1,420.0,520.5
43,476,1,278.0,445.0
43,476,0,251.8,488.5
43,476,0,398.5,440.0
43,476,0,386.5,440.8
43,476,1,318.5,365.0
43,476,0,268.0,458.8
43,476,1,378.0,438.8
43,476,1,223.8,527.5
43,476,1,419.2,469.0
43,477,1,422.0,517.0
43,477,0,474.8,521.0
43,477,0,388.0,438.8
43,477,0,252.2,489.0
43,477,1,320.5,363.2
43,477,1,278.5,444.5
43,477,1,223.8,526.0
43,477,0,203.8,487.0
43,477,0,268.8,461.0
43,477,0,5.1,613.0
43,477,0,399.8,431.8
43,478,1,421.0,526.0
43,478,1,219.5,538.0
43,478,0,248.5,490.5
43,478,1,377.8,441.0
43,478,1,276.0,446.2
43,478,0,399.0,443.5
43,478,0,386.0,443.0
43,478,0,266.0,464.5
43,478,1,317.5,367.5
43,478,0,198.6,493.2
43,478,0,476.0,545.0
43,479,1,321.0,372.5
43,479,1,427.0,534.5
43,479,0,390.5,447.5
43,479,1,279.5,449.5
43,479,0,252.0,496.0
43,479,1,382.5,443.5
43,479,0,201.0,572.0
43,479,0,404.0,449.5
43,479,1,222.0,527.5
43,480,1,427.0,524.5
43,480,1,213.9,566.0
43,480,0,389.0,437.5
43,480,1,275.5,447.8
43,480,0,247.0,495.0
43,480,0,401.5,432.0
43,480,1,317.0,360.2
43,480,1,379.0,435.0
43,480,0,264.5,465.2
43,481,1,428.0,537.5
43,481,1,210.4,565.0
43,481,0,389.5,441.5
43,481,0,402.0,430.5
43,481,1,274.5,450.0
43,481,1,379.0,439.8
43,481,0,495.0,538.5
43,481,0,263.5,468.5
43,482,1,434.8,546.0
43,482,1,207.5,571.0
43,482,0,391.0,443.0
43,482,0,505.5,547.5
43,482,1,381.8,439.5
43,482,0,405.5,448.0
43,482,0,183.0,587.0
43,482,0,263.2,470.5
43,482,0,421.5,459.0
43,483,1,442.0,564.0
43,483,1,322.5,366.5
43,483,1,208.0,572.5
43,483,1,385.5,447.2
43,483,0,396.5,448.0
43,483,1,277.2,453.0
43,483,0,411.5,457.2
43,483,0,429.0,466.0
43,483,0,181.5,588.0
43,484,1,444.0,557.0
43,484,1,321.5,362.0
43,484,1,385.5,443.5
43,484,1,204.1,578.5
43,484,0,397.0,445.8
43,484,0,430.5,468.5
43,484,0,263.5,470.0
43,484,0,412.5,455.8
43,484,0,175.5,529.5
43,485,1,320.5,358.5
43,485,1,199.0,584.5
43,485,1,386.0,441.0
43,485,0,414.0,455.5
43,485,0,262.5,468.8
43,485,0,397.5,444.0
43,485,0,167.5,599.0
43,485,1,449.5,567.0
43,485,0,435.0,485.8
43,486,0,396.8,447.0
43,486,0,413.2,459.5
43,486,0,433.5,466.5
43,486,1,191.8,545.0
43,486,0,158.2,570.0
43,486,1,384.5,440.0
43,487,1,455.5,583.5
43,487,0,438.5,468.5
43,487,1,387.5,446.2
43,487,0,153.8,576.0
43,487,0,416.8,460.2
43,487,1,189.5,603.5
43,487,0,399.8,450.0
43,487,1,454.0,537.0
43,487,0,399.0,449.5
43,487,1,320.8,362.8
43,488,1,321.0,360.0
43,488,1,461.2,589.0
43,488,1,186.0,612.0
43,488,0,420.2,459.8
43,488,1,389.5,444.2
43,488,0,401.8,452.0
43,488,0,147.6,581.5
43,488,0,442.0,467.0
43,489,1,468.8,602.0
43,489,1,183.9,630.5
43,489,1,323.0,370.0
43,489,0,405.8,458.0
43,489,1,392.0,452.5
43,489,0,448.0,480.0
43,489,0,424.5,481.0
43,489,1,274.0,462.5
43,490,1,470.2,604.5
43,490,1,184.1,630.0
43,490,0,406.5,459.0
43,490,1,323.0,369.0
43,490,1,393.2,455.0
43,490,0,425.5,473.5
43,490,0,450.0,487.5
43,490,1,274.8,463.5
43,491,1,180.5,607.5
43,491,0,425.5,481.0
43,491,1,392.5,455.0
43,491,1,469.5,609.0
43,491,0,406.5,462.0
43,491,1,323.2,370.5
43,491,1,468.0,612.0
43,491,0,450.8,494.2
43,491,0,138.5,615.0
43,491,0,450.0,474.5
43,492,1,176.0,638.0
43,492,1,323.0,369.5
43,492,0,408.0,466.0
43,492,1,478.0,622.5
43,492,0,429.0,484.5
43,492,1,394.2,455.8
43,492,0,455.8,490.2
43,493,1,174.8,638.5
43,493,0,461.0,488.5
43,493,1,484.5,629.0
43,493,0,410.8,461.5
43,493,1,396.5,454.8
43,493,1,325.5,369.0
43,494,1,168.2,640.0
43,494,0,118.9,617.0
43,494,1,323.2,374.5
43,494,0,410.0,471.2
43,494,0,462.0,499.0
43,494,0,38.8,554.0
43,494,1,486.8,640.0
43,494,0,432.0,484.0
43,494,1,395.0,462.8
43,495,0,412.8,475.0
43,495,1,397.0,469.2
43,495,1,492.5,640.0
43,495,1,164.5,640.0
43,495,1,323.2,376.0
43,495,0,466.0,510.8
43,495,0,435.8,502.5
43,495,1,435.5,499.5
43,495,0,112.9,631.0
43,495,1,271.0,473.2
43,495,1,272.2,474.5
43,496,0,413.2,477.2
43,496,1,397.0,467.5
43,496,1,494.5,640.0
43,496,0,107.6,636.0
43,496,1,436.2,514.0
43,496,0,436.5,507.0
43,496,0,467.0,510.5
43,496,1,323.5,376.2
43,496,1,271.5,476.5
43,496,1,161.1,585.0
43,496,0,402.2,469.2
43,496,1,162.2,640.0
43,497,1,493.5,640.0
43,497,0,466.5,509.0
43,497,1,155.6,640.0
43,497,0,411.2,479.5
43,497,0,99.4,640.0
43,497,1,323.0,376.8
43,497,1,269.0,478.5
43,497,1,395.5,470.5
43,497,0,435.5,505.5
43,497,0,260.5,484.2
43,497,0,434.5,479.0
43,497,0,401.5,472.5
43,497,1,491.5,589.0
43,498,0,100.2,639.0
43,498,0,472.5,511.8
43,498,1,498.0,640.0
43,498,1,156.9,640.0
43,498,0,439.5,504.5
43,498,0,415.5,483.5
43,498,1,324.0,381.5
43,498,0,404.2,472.5
43,498,1,499.2,639.0
43,498,1,399.2,471.0
43,498,1,272.5,482.8
43,499,0,472.5,513.5
43,499,1,499.0,640.0
43,499,1,397.5,472.5
43,499,1,322.0,384.0
43,499,0,414.5,483.5
43,499,1,152.5,640.0
43,499,0,93.4,637.0
43,499,0,439.0,511.5
43,499,1,269.8,482.0
43,499,0,402.5,475.5
43,499,1,501.0,640.0
43,499,0,404.0,474.5
43,499,1,439.0,512.0
43,500,1,498.5,640.0
43,500,0,472.0,520.0
43,500,0,412.5,484.5
43,500,0,82.6,639.5
43,500,1,321.2,378.2
43,500,1,145.2,638.5
43,500,1,436.8,508.5
43,500,0,437.5,511.0
43,500,1,395.2,473.2
43,500,1,266.5,480.8
43,500,0,400.8,476.2
43,501,1,504.5,640.0
43,501,1,397.0,472.0
43,501,1,321.8,375.5
43,501,0,414.5,483.5
43,501,0,75.1,639.0
43,501,1,141.5,639.5
43,501,0,476.5,523.0
43,501,1,267.0,481.0
43,501,1,507.2,640.0
43,501,0,440.0,511.0
43,501,0,402.8,472.5
43,502,1,397.5,471.5
43,502,1,137.2,635.0
43,502,1,322.0,377.5
43,502,0,415.2,484.8
43,502,0,478.2,519.0
43,502,1,266.5,481.2
43,502,1,507.5,606.5
43,502,0,403.0,471.5
43,502,1,441.0,507.2
43,502,0,441.2,506.5
43,503,1,396.5,468.0
43,503,0,56.5,637.0
43,503,0,415.0,480.2
43,503,1,510.2,600.0
43,503,1,264.5,477.0
43,503,1,320.8,372.8
43,503,1,441.5,507.8
43,503,0,481.0,555.0
43,503,0,610.0,561.0
43,503,1,131.1,637.0
43,503,0,403.0,470.0
43,504,0,47.8,640.0
43,504,1,397.2,469.8
43,504,1,125.9,632.5
43,504,0,484.5,546.0
43,504,0,615.0,575.0
43,504,1,321.5,367.5
43,504,0,416.2,484.0
43,504,0,404.0,470.5
43,504,1,516.9,594.5
43,504,1,263.8,476.5
43,504,0,415.5,476.8
43,504,0,443.5,514.0
43,505,1,523.9,640.0
43,505,1,397.0,468.5
43,505,0,417.0,487.0
43,505,0,33.3,640.0
43,505,1,118.0,639.5
43,505,0,445.0,500.2
43,505,0,404.5,469.5
43,505,1,262.8,479.8
43,505,0,489.0,536.0
43,505,0,403.0,472.2
43,506,1,526.0,640.0
43,506,0,491.2,539.5
43,506,1,114.6,640.0
43,506,0,417.2,488.0
43,506,0,26.7,640.0
43,506,0,405.0,469.5
43,506,0,446.2,511.2
43,506,1,397.5,470.5
43,506,1,262.5,479.5
43,506,1,318.0,370.5
43,506,0,446.0,497.8
43,507,1,531.0,640.0
43,507,1,109.9,640.0
43,507,0,494.0,552.0
43,507,0,17.7,639.5
43,507,1,321.5,368.2
43,507,0,419.5,490.5
43,507,1,448.8,542.0
43,507,0,405.8,469.5
43,507,0,418.5,482.0
43,507,1,399.0,472.5
43,507,0,404.5,473.5
43,507,1,262.5,480.2
43,508,1,536.0,638.0
43,508,0,418.2,493.5
43,508,1,98.9,640.0
43,508,0,405.5,470.8
43,508,0,497.5,581.5
43,508,1,448.8,547.5
43,508,1,318.0,373.0
43,508,1,397.5,472.0
43,508,0,404.5,476.8
43,508,0,417.8,485.8
43,509,0,421.8,495.5
43,509,1,98.6,640.0
43,509,1,542.0,628.5
43,509,1,261.0,483.5
43,509,1,452.0,559.5
43,509,0,502.5,573.0
43,509,1,400.0,476.2
43,509,1,318.0,373.0
43,510,1,90.0,640.0
43,510,0,502.5,589.0
43,510,0,420.0,500.5
43,510,1,544.0,606.5
43,510,0,405.5,477.0
43,510,1,397.5,478.5
43,510,0,419.0,497.5
43,510,1,451.0,553.5
43,510,1,257.9,486.0
43,511,0,421.0,502.5
43,511,1,83.3,639.5
43,511,1,452.5,568.0
43,511,1,550.0,639.5
43,511,1,397.5,480.5
43,511,0,506.5,583.0
43,511,0,405.0,481.5
43,511,0,419.5,500.0
43,511,1,257.5,489.5
43,512,0,424.5,504.5
43,512,1,561.0,640.0
43,512,1,75.5,640.0
43,512,0,515.5,584.0
43,512,1,400.0,477.5
43,512,1,457.5,567.0
43,512,1,258.8,487.0
43,512,0,408.5,478.0
43,512,0,423.0,494.0
43,513,0,425.0,506.2
43,513,1,566.0,640.0
43,513,1,70.8,640.0
43,513,1,458.5,570.5
43,513,1,400.2,479.0
43,513,1,318.2,372.8
43,513,1,257.8,486.0
43,513,0,409.0,474.5
43,513,0,409.0,483.2
43,513,0,410.0,469.5
43,514,1,402.5,488.5
43,514,0,428.0,509.5
43,514,1,67.1,640.0
43,514,1,573.0,627.5
43,514,0,523.5,608.0
43,514,1,258.9,493.5
43,514,0,411.5,487.0
43,514,1,462.0,576.5
43,514,0,426.8,499.5
43,514,1,321.0,376.5
43,515,1,403.0,491.5
43,515,1,62.9,640.0
43,515,0,428.5,513.0
43,515,0,526.5,638.0
43,515,1,578.0,640.0
43,515,1,464.5,589.0
43,515,1,317.5,374.5
43,515,1,258.5,496.5
43,515,0,427.0,506.0
43,515,0,412.5,487.5
43,516,0,427.0,514.0
43,516,1,50.7,640.0
43,516,1,400.2,484.0
43,516,1,255.0,497.5
43,516,0,525.5,639.0
43,516,1,580.5,639.5
43,516,1,316.0,371.2
43,516,1,462.0,582.0
43,516,0,425.0,507.0
43,517,1,402.0,488.5
43,517,1,44.3,640.0
43,517,0,428.0,512.0
43,517,1,255.4,499.5
43,517,1,583.0,640.0
43,517,1,464.2,586.5
43,517,0,426.8,504.2
43,517,0,530.0,634.0
43,517,1,162.9,245.5
43,517,1,316.8,373.5
43,518,1,403.8,492.0
43,518,1,591.0,640.0
43,518,0,429.0,512.5
43,518,1,255.5,500.5
43,518,1,36.6,640.0
43,518,0,412.5,484.0
43,518,1,467.0,590.5
43,518,0,430.5,517.0
43,518,0,535.0,639.0
43,518,0,428.0,501.0
43,519,1,403.8,494.5
43,519,0,539.0,637.0
43,519,0,430.0,517.5
43,519,1,598.0,640.0
43,519,1,254.9,504.5
43,519,1,28.1,640.0
43,519,0,412.5,489.5
43,519,1,468.0,597.5
43,519,1,590.0,639.0
43,520,1,14.5,639.5
43,520,1,404.2,496.0
43,520,0,430.8,519.0
43,520,0,433.0,524.5
43,520,1,610.0,639.5
43,520,1,254.2,509.5
43,520,1,471.8,598.0
43,520,0,546.0,640.0
43,520,0,413.2,497.0
43,520,1,589.0,344.5
43,521,0,435.5,528.5
43,521,1,611.0,640.0
43,521,1,474.5,607.0
43,521,0,433.8,527.0
43,521,1,405.0,497.0
43,521,1,253.5,514.0
43,521,1,6.0,613.0
43,521,0,552.0,640.0
43,521,1,159.0,238.5
43,521,0,415.2,501.0
43,522,0,437.0,531.0
43,522,0,556.0,640.0
43,522,1,407.5,500.5
43,522,1,618.0,640.0
43,522,0,435.0,529.0
43,522,1,254.5,515.5
43,522,0,416.5,509.2
43,522,1,476.0,592.0
43,522,1,3.4,520.5
43,523,0,435.0,538.0
43,523,0,557.0,639.5
43,523,1,475.0,627.0
43,523,1,404.8,505.5
43,523,0,433.2,533.5
43,523,1,250.9,519.5
43,523,0,414.2,508.2
43,523,1,619.5,640.0
43,523,1,475.8,619.5
43,524,0,562.5,640.0
43,524,1,78.2,312.5
43,524,1,249.6,526.0
43,524,0,435.5,545.5
43,524,1,405.0,513.5
43,524,1,476.5,622.0
43,524,0,433.5,542.0
43,524,0,415.0,515.5
43,525,0,570.0,639.5
43,525,0,437.5,545.0
43,525,1,407.5,512.5
43,525,1,166.2,637.0
43,525,0,417.5,521.0
43,525,1,251.6,528.0
43,525,1,482.2,640.0
43,525,1,317.2,391.0
43,525,1,75.2,312.0
43,525,0,436.2,534.0
43,525,1,164.8,287.0
43,526,0,580.0,639.0
43,526,0,441.5,546.0
43,526,1,411.0,514.0
43,526,1,485.2,639.0
43,526,0,420.8,519.0
43,526,1,252.8,528.0
43,526,1,71.0,317.5
43,526,1,164.0,287.5
43,526,1,318.0,392.5
43,526,1,165.5,636.5
43,527,0,441.2,552.5
43,527,1,408.5,515.5
43,527,1,248.2,532.0
43,527,0,419.5,522.5
43,527,0,588.0,640.0
43,527,1,486.8,628.0
43,527,1,158.2,636.5
43,527,0,420.5,513.5
43,527,0,217.8,581.5
43,528,0,597.5,640.0
43,528,0,442.5,557.5
43,528,1,489.5,637.0
43,528,1,409.0,519.5
43,528,0,421.0,519.5
43,528,1,247.2,536.5
43,528,0,421.5,508.5
43,528,0,214.4,580.0
43,529,0,605.0,639.5
43,529,0,444.5,555.5
43,529,1,411.0,519.5
43,529,1,494.5,637.0
43,529,1,247.2,533.0
43,529,0,422.2,519.5
43,530,1,498.2,637.0
43,530,1,247.6,531.5
43,530,0,446.0,554.5
43,530,1,413.5,518.5
43,530,0,424.5,528.5
43,530,0,449.0,557.0
43,530,1,318.0,395.5
43,530,0,617.0,639.0
43,531,0,452.2,571.0
43,531,1,415.0,531.0
43,531,1,504.5,632.0
43,531,1,247.5,541.0
43,531,0,450.5,568.0
43,531,0,427.0,537.5
43,531,1,81.9,258.2
43,531,1,317.8,393.0
43,532,0,455.5,568.0
43,532,1,513.0,638.0
43,532,0,429.5,529.0
43,532,1,416.5,525.0
43,533,0,455.5,570.0
43,533,0,429.5,527.5
43,533,1,514.5,638.5
43,533,1,416.5,524.0
43,533,1,129.4,398.5
43,534,0,458.8,574.0
43,534,0,430.0,522.0
43,534,1,519.1,637.0
43,534,1,239.0,547.0
43,534,1,151.0,273.2
43,534,0,222.0,560.0
43,535,0,460.2,573.5
43,535,0,430.5,529.0
43,535,1,238.8,548.0
43,535,0,221.8,560.0
43,535,1,116.0,621.0
43,536,0,461.8,574.0
43,536,1,522.5,640.0
43,536,1,239.5,547.0
43,536,1,418.0,525.0
43,536,0,432.0,528.0
43,537,0,461.2,573.0
43,537,1,522.5,639.5
43,537,0,431.0,533.0
43,537,1,237.9,546.5
43,537,1,417.5,526.5
43,538,0,461.5,575.0
43,538,1,148.8,271.2
43,538,0,430.0,528.5
43,538,1,415.5,520.0
43,538,1,236.0,548.5
43,538,1,522.0,639.5
43,539,0,462.5,579.0
43,539,1,147.8,280.8
43,539,1,526.0,640.0
43,539,1,418.0,528.0
43,539,1,237.0,549.5
43,540,0,463.0,585.5
43,540,1,235.0,556.5
43,540,1,147.5,282.5
43,540,1,417.5,533.0
43,540,1,529.0,640.0
43,540,1,102.4,411.0
43,540,0,431.8,542.5
43,541,1,233.2,555.5
43,541,0,465.0,586.5
43,541,1,418.2,533.0
43,541,1,98.2,424.0
43,541,0,187.2,621.0
43,541,0,461.5,586.0
43,541,0,98.4,640.0
43,542,1,420.0,536.0
43,542,0,468.2,589.0
43,542,1,232.5,556.0
43,542,0,436.0,532.0
43,542,1,3.7,596.0
43,542,0,436.0,504.5
43,543,0,470.8,597.0
43,543,1,422.0,538.0
43,543,1,232.9,560.5
43,543,0,438.0,544.0
43,543,1,83.2,416.0
43,543,1,146.8,288.8
43,544,0,471.0,599.5
43,544,1,421.8,542.0
43,544,0,438.0,543.0
43,544,1,73.9,413.5
43,544,1,232.0,564.0
43,544,0,182.2,629.0
43,544,0,635.5,639.0
43,545,1,421.5,545.0
43,545,0,472.0,600.5
43,545,0,438.0,550.0
43,545,1,66.2,415.0
43,545,1,140.5,270.0
43,545,1,229.0,565.5
43,545,1,73.0,423.5
43,546,0,439.5,550.5
43,546,1,422.2,547.0
43,546,0,474.5,604.5
43,546,1,142.0,261.0
43,546,1,64.4,418.5
43,546,1,228.1,568.0
43,546,1,72.8,427.0
43,547,1,424.0,547.5
43,547,0,478.5,610.5
43,547,1,57.7,416.8
43,547,1,228.5,568.0
43,547,1,142.5,258.5
43,547,0,174.9,632.0
43,548,1,425.5,547.0
43,548,1,54.4,414.5
43,548,0,446.0,532.0
43,548,0,480.8,616.5
43,548,0,445.2,549.5
43,548,0,446.2,509.5
43,549,1,426.8,553.5
43,549,0,481.5,622.5
43,549,0,446.0,528.0
43,549,1,47.3,415.0
43,549,0,445.5,556.0
43,549,0,447.0,516.0
43,550,1,39.8,415.0
43,550,1,220.4,568.0
43,550,1,425.2,549.0
43,550,0,483.0,620.5
43,550,0,445.2,545.5
43,551,1,37.8,414.0
43,551,1,427.8,547.0
43,551,1,220.4,569.5
43,551,0,486.0,617.0
43,551,1,139.2,242.8
43,552,1,217.4,575.0
43,552,1,307.8,386.5
43,552,1,426.2,550.0
43,552,0,153.9,636.0
43,552,1,24.7,413.5
43,552,1,309.0,387.0
43,552,1,131.9,245.5
43,553,1,215.0,583.0
43,553,1,427.0,556.0
43,553,1,308.5,385.0
43,553,0,149.0,639.5
43,553,0,34.0,639.5
43,553,0,446.5,549.5
43,553,1,487.0,626.0
43,554,1,431.5,560.0
43,554,1,3.3,603.5
43,554,0,147.9,637.0
43,554,1,134.0,254.9
43,554,0,451.8,571.5
43,554,1,216.0,586.0
43,555,1,432.0,561.0
43,555,1,132.6,290.5
43,555,1,311.5,390.0
43,555,0,453.2,564.5
43,555,0,45.9,638.0
43,555,0,142.5,640.0
43,555,1,214.2,590.0
43,556,1,431.5,565.0
43,556,1,307.0,384.0
43,556,0,453.8,572.0
43,556,1,129.4,262.5
43,557,1,305.0,386.0
43,557,1,430.5,567.5
43,557,0,453.2,583.0
43,557,1,499.0,640.0
43,557,0,133.3,639.0
43,557,0,498.5,640.0
43,558,1,305.0,389.5
43,558,1,430.5,572.5
43,558,0,453.2,590.0
43,559,1,433.5,572.0
43,559,1,306.0,388.0
43,559,0,456.0,570.0
43,559,0,124.0,633.0
43,560,1,430.5,575.5
43,560,1,303.5,396.8
43,560,1,199.8,612.5
43,560,0,454.0,599.0
43,560,1,120.3,265.0
43,560,0,116.5,640.0
43,560,1,212.2,413.8
43,561,1,433.8,575.5
43,561,1,201.4,611.0
43,561,1,306.0,388.5
43,561,0,457.5,576.0
43,562,1,435.5,575.5
43,562,1,304.8,387.5
43,562,0,459.0,590.0
43,562,1,201.0,610.0
43,562,1,200.5,609.5
43,563,1,436.0,581.5
43,563,1,197.2,611.0
43,563,1,304.2,388.0
43,563,0,461.0,595.5
43,563,1,515.0,639.0
43,563,0,106.8,640.0
43,563,1,27.3,268.8
43,564,1,437.8,583.5
43,564,1,197.2,611.0
43,564,1,305.2,384.5
43,564,1,30.9,229.4
43,565,1,440.5,586.5
43,565,1,198.5,612.0
43,565,0,467.8,584.0
43,565,1,306.8,385.0
43,565,1,30.5,211.1
43,565,0,102.2,640.0
43,565,1,199.0,614.0
43,566,1,440.5,592.0
43,566,1,29.0,210.2
43,566,1,305.5,389.0
43,566,0,467.5,598.0
43,566,0,13.9,639.5
43,566,1,195.5,619.5
43,567,1,440.2,591.0
43,567,1,304.5,382.0
43,567,0,468.5,605.0
43,567,0,87.2,639.5
43,567,1,210.0,404.0
43,568,0,84.2,639.0
43,568,1,442.0,593.0
43,568,1,303.5,383.2
43,568,0,470.5,583.5
43,569,1,444.5,597.5
43,569,1,304.5,384.5
43,569,0,82.3,639.5
43,569,0,473.5,594.0
43,570,1,117.0,249.6
43,570,1,302.5,388.5
43,570,0,72.0,640.0
43,570,1,442.8,597.0
43,570,1,185.2,627.5
43,570,0,472.5,589.0
43,570,0,4.3,636.0
43,571,0,474.0,599.0
43,571,1,303.5,384.0
43,571,1,118.8,258.0
43,571,1,444.0,599.0
43,571,1,184.1,626.5
43,572,1,115.5,261.0
43,572,1,303.8,389.5
43,572,0,63.0,639.0
43,572,1,184.2,640.0
43,572,1,185.0,635.0
43,573,1,115.1,255.2
43,573,1,303.2,390.2
43,573,0,56.7,639.5
43,573,1,182.2,640.0
43,574,0,44.7,640.0
43,574,1,301.2,395.2
43,574,1,177.0,639.5
43,574,1,447.5,612.0
43,575,1,451.5,612.5
43,575,0,485.0,629.0
43,575,0,39.4,639.5
43,575,1,304.0,383.2
43,575,1,178.0,640.0
43,575,1,113.6,253.5
43,576,0,489.8,632.0
43,576,1,113.6,252.1
43,576,1,455.0,614.5
43,576,0,38.3,639.0
43,576,1,304.5,381.5
43,576,1,179.5,636.5
43,576,1,180.0,640.0
43,577,1,114.6,254.4
43,577,1,455.5,617.0
43,577,1,178.1,640.0
43,577,1,305.5,381.2
43,577,0,490.8,614.0
43,578,0,490.2,623.0
43,578,1,305.0,383.2
43,578,1,454.5,619.0
43,578,1,111.8,250.4
43,578,1,174.8,640.0
43,579,0,493.0,639.0
43,579,1,456.5,620.0
43,579,1,111.4,244.8
43,579,1,304.5,387.0
43,579,1,173.5,638.5
43,579,1,304.5,387.0
43,580,1,456.8,621.5
43,580,1,303.0,387.5
43,580,0,493.5,635.5
43,580,0,9.7,640.0
43,580,1,171.8,638.0
43,580,1,109.4,244.8
43,580,1,171.8,638.0
43,581,1,459.0,623.5
43,581,1,302.8,386.0
43,581,1,171.8,638.5
43,581,0,497.0,639.0
43,582,1,461.2,624.0
43,582,0,500.0,638.5
43,582,1,600.0,639.0
43,582,1,304.2,382.5
43,582,1,169.8,638.5
43,583,1,460.2,623.5
43,583,0,499.8,636.0
43,583,1,600.0,639.5
43,583,1,304.8,380.0
43,583,1,110.1,235.0
43,583,1,168.1,638.0
43,584,1,460.8,623.0
43,584,0,500.0,638.0
43,584,1,304.0,379.5
43,584,0,605.0,640.0
43,584,1,164.2,637.0
43,585,1,465.8,626.0
43,585,0,506.5,636.0
43,585,1,305.0,379.0
43,585,1,615.0,639.0
43,585,1,166.5,639.0
43,586,0,504.2,639.0
43,586,1,462.5,625.0
43,586,1,304.0,379.5
43,586,1,104.5,237.1
43,586,1,616.0,640.0
43,586,1,6.3,192.0
43,587,1,466.0,628.0
43,587,1,304.0,382.2
43,587,0,626.5,640.0
43,587,0,509.5,634.0
43,587,1,162.6,640.0
43,587,1,103.9,216.0
43,588,1,467.2,632.0
43,588,1,304.8,380.5
43,588,1,104.9,213.2
43,588,0,511.0,632.0
43,588,0,630.0,639.0
43,589,1,464.5,633.0
43,589,1,304.0,382.5
43,589,0,508.5,638.5
43,589,0,628.0,639.5
43,589,1,156.1,640.0
43,589,1,101.1,218.2
43,590,1,468.8,638.5
43,590,1,304.5,381.5
43,590,0,514.1,636.0
43,590,1,101.8,219.0
43,591,1,304.5,379.2
43,591,1,468.8,639.5
43,591,1,153.4,640.0
43,592,1,469.5,640.0
43,592,1,303.0,376.0
43,592,1,149.2,639.5
43,593,1,303.5,374.0
43,593,1,152.1,640.0
43,593,1,102.6,195.8
43,593,1,471.8,639.0
43,594,1,303.0,372.0
43,594,1,148.8,639.0
43,594,1,474.8,640.0
43,595,1,302.8,374.5
43,595,1,145.8,639.5
43,595,1,474.8,640.0
43,596,1,302.5,375.0
43,596,1,477.0,640.0
43,596,1,145.2,640.0
43,597,1,304.0,378.0
43,597,1,144.4,640.0
43,597,1,477.0,639.0
43,598,1,304.0,373.5
43,598,1,141.5,639.0
43,599,1,100.4,231.5
43,599,1,304.0,376.5
43,600,1,303.0,369.0
43,600,1,6.4,195.8
43,600,1,480.5,640.0
43,600,1,133.5,621.0
43,601,0,15.0,638.0
43,601,1,301.5,365.0
43,601,1,481.8,640.0
43,601,1,133.5,634.5
43,602,1,303.5,365.0
43,602,1,131.8,640.0
43,602,1,484.0,640.0
43,603,1,302.5,363.8
43,603,1,484.0,640.0
43,604,1,303.0,366.0
43,604,1,486.2,640.0
43,605,1,488.0,640.0
43,605,1,303.8,366.2
43,605,1,127.3,640.0
43,606,1,299.8,371.0
43,606,1,119.0,638.0
43,606,1,485.0,640.0
43,606,1,90.8,218.5
43,607,1,302.0,365.0
43,607,1,490.0,640.0
43,607,1,118.4,639.5
43,607,1,194.5,179.2
43,608,1,301.5,369.8
43,608,1,489.5,640.0
43,608,1,113.8,639.5
43,608,1,193.6,178.8
43,609,1,301.0,363.8
43,609,1,112.9,639.0
43,609,1,494.0,640.0
43,609,1,192.2,172.5
43,610,1,298.0,363.5
43,610,1,106.2,638.0
43,610,1,490.8,640.0
43,610,1,108.2,640.0
43,610,1,86.4,198.8
43,610,1,191.0,172.2
43,611,1,495.5,640.0
43,611,1,299.2,366.0
43,611,1,107.1,640.0
43,611,1,107.0,640.0
43,611,0,573.0,640.0
43,611,0,636.0,539.0
43,611,1,84.9,201.1
43,612,1,496.2,640.0
43,612,1,298.5,365.0
43,612,1,103.6,640.0
43,613,1,498.5,640.0
43,613,1,297.5,362.0
43,613,1,100.9,637.5
43,614,1,501.0,640.0
43,614,1,297.5,363.0
43,614,1,97.2,640.0
43,614,1,107.0,377.0
43,615,1,297.8,366.5
43,615,1,503.2,639.5
43,615,1,94.2,638.0
43,616,1,297.8,368.0
43,616,1,504.0,639.0
43,616,1,91.6,640.0
43,617,1,296.5,366.5
43,617,1,504.8,639.5
43,617,1,85.6,639.5
43,617,1,88.2,640.0
43,618,1,507.0,640.0
43,618,1,297.8,367.8
43,618,0,601.0,639.5
43,618,1,82.2,635.5
43,618,1,84.4,640.0
43,619,1,508.8,639.5
43,619,1,297.8,375.0
43,619,1,77.8,640.0
43,619,1,79.9,640.0
43,619,0,606.5,640.0
43,620,1,298.0,372.2
43,620,1,80.8,640.0
43,620,1,78.2,640.0
43,620,0,612.0,640.0
43,620,1,513.0,640.0
43,621,1,511.2,639.5
43,621,1,296.0,371.2
43,621,1,67.8,634.0
43,621,0,612.0,639.0
43,622,1,516.5,640.0
43,622,1,296.5,369.5
43,622,1,67.2,640.0
43,622,1,65.8,605.5
43,623,1,516.9,640.0
43,623,1,296.5,369.8
43,623,1,63.4,626.5
43,623,1,79.1,408.0
43,624,1,522.9,640.0
43,624,1,297.0,370.8
43,624,1,62.4,640.0
43,624,0,636.0,640.0
43,625,1,298.0,373.0
43,625,1,525.0,640.0
43,625,1,61.4,640.0
43,625,0,30.9,573.0
43,626,1,528.5,640.0
43,626,1,297.8,376.2
43,626,1,57.6,637.5
43,627,1,530.0,640.0
43,627,1,298.0,374.5
43,627,1,52.7,639.0
43,628,1,529.0,640.0
43,628,1,296.0,378.8
43,628,1,46.6,640.0
43,628,1,16.5,169.6
43,629,1,535.0,640.0
43,629,1,297.0,373.5
43,629,1,17.2,168.8
43,629,1,45.3,640.0
43,629,1,48.8,640.0
43,630,1,540.0,640.0
43,630,1,295.5,373.8
43,630,1,41.4,640.0
43,631,1,298.0,376.0
43,631,1,543.5,640.0
43,632,1,548.0,640.0
43,632,1,296.5,376.8
43,632,1,28.9,640.0
43,632,1,540.5,640.0
43,632,0,3.1,609.0
43,633,1,550.0,640.0
43,633,1,297.5,377.8
43,633,1,33.6,640.0
43,633,1,27.2,640.0
43,634,1,551.0,640.0
43,634,1,295.5,380.5
43,634,1,24.5,640.0
43,634,1,18.7,561.5
43,634,1,547.5,640.0
43,634,1,34.0,398.5
43,635,1,556.0,640.0
43,635,1,297.2,380.0
43,635,1,23.8,640.0
43,635,1,18.6,549.0
43,635,1,550.5,640.0
43,635,1,34.6,400.5
43,636,1,298.5,379.0
43,636,1,558.0,640.0
43,636,1,16.8,640.0
43,636,1,12.5,587.5
43,636,1,13.2,639.0
43,636,1,554.5,640.0
43,637,1,564.0,640.0
43,637,1,297.5,380.0
43,637,1,10.3,591.0
43,637,1,13.2,640.0
43,637,1,560.5,639.5
43,638,1,568.5,640.0
43,638,1,299.0,379.2
43,638,1,6.4,588.5
43,638,1,5.9,640.0
43,638,1,554.5,451.2
43,639,1,299.5,377.5
43,639,1,576.0,640.0
43,639,1,4.7,572.0
43,639,1,4.6,640.0
43,639,1,77.0,415.0
43,640,1,576.0,640.0
43,640,1,298.0,379.0
43,640,1,180.5,156.1
43,641,1,582.5,640.0
43,641,1,297.0,380.8
43,641,1,564.0,457.0
43,641,1,6.6,404.8
43,642,1,585.0,640.0
43,642,1,297.8,378.8
43,642,1,72.2,396.0
43,642,1,569.0,459.0
43,642,1,570.0,464.5
43,642,1,67.5,281.5
43,643,1,297.5,385.0
43,643,1,592.0,640.0
43,643,1,72.3,399.0
43,644,1,299.2,382.0
43,644,1,595.5,640.0
43,644,1,588.0,640.0
43,644,1,68.8,300.0
43,645,1,299.0,387.0
43,645,1,598.0,640.0
43,645,1,70.9,314.5
43,645,1,589.5,639.5
43,645,1,73.2,401.5
43,646,1,603.0,640.0
43,646,1,297.5,384.0
43,646,1,594.0,639.5
43,646,1,72.1,400.8
43,646,1,7.2,405.8
43,646,1,5.9,403.5
43,646,1,179.5,284.2
43,647,1,298.8,385.5
43,647,1,606.0,640.0
43,647,1,614.5,640.0
43,647,1,595.0,500.0
43,647,1,72.1,398.5
43,647,1,6.0,402.5
43,647,1,179.2,159.0
43,647,1,180.5,277.5
43,647,1,5.2,400.5
43,648,1,619.0,640.0
43,648,1,299.0,386.0
43,648,1,612.0,640.0
43,648,1,72.8,399.0
43,648,1,180.9,273.5
43,648,1,598.5,499.5
43,649,1,613.5,640.0
43,649,1,298.5,385.2
43,649,1,623.0,640.0
43,649,1,180.0,281.5
43,649,1,5.6,351.0
43,649,1,179.0,158.4
43,650,1,614.5,640.0
43,650,1,301.0,382.0
43,650,1,626.5,640.0
43,650,1,72.1,403.2
43,650,1,180.2,281.5
43,650,1,5.1,66.8
43,651,1,299.0,388.2
43,651,1,627.5,640.0
43,651,1,178.2,281.5
43,651,1,616.0,512.5
43,651,1,615.0,640.0
43,651,1,4.3,639.5
43,651,1,5.8,338.0
43,652,1,298.5,387.2
43,652,1,617.0,640.0
43,652,1,179.0,397.0
43,652,1,178.5,292.0
43,653,1,299.0,383.0
43,653,1,620.5,624.5
43,653,1,621.5,544.0
43,653,1,178.5,277.5
43,653,1,178.0,393.0
43,654,1,300.0,387.0
43,654,1,179.2,393.2
43,654,0,533.0,411.5
43,654,1,633.0,450.5
43,655,1,299.5,381.0
43,655,1,179.2,272.5
43,655,1,632.5,251.8
43,655,1,625.0,318.8
43,655,1,177.9,156.8
43,656,1,300.5,384.5
43,656,1,179.2,387.0
43,657,1,300.0,383.8
43,657,1,178.2,384.8
43,658,1,298.5,379.5
43,658,1,174.2,382.0
43,659,1,170.8,386.0
43,659,1,297.0,378.0
43,659,1,56.5,392.5
43,659,1,52.0,289.0
43,659,1,170.2,257.8
43,659,1,168.8,187.0
43,660,1,55.0,389.8
43,660,1,296.8,377.5
43,660,1,170.1,381.8
43,660,1,168.8,255.0
43,661,1,48.1,384.5
43,661,1,294.5,369.0
43,661,1,167.6,164.5
43,662,1,49.6,383.5
43,662,1,296.0,369.2
43,663,1,50.9,384.0
43,663,1,296.5,369.5
43,664,1,47.3,386.0
43,664,1,294.5,369.2
43,664,0,542.0,405.0
43,664,1,167.0,284.0
43,664,1,5.7,298.5
43,664,1,165.1,242.8
43,664,1,542.0,404.0
43,665,1,42.8,385.0
43,665,0,546.0,404.2
43,666,0,542.0,400.0
43,666,1,40.6,388.0
43,666,0,544.0,400.5
43,667,1,545.0,399.5
43,667,0,545.0,400.0
43,667,0,543.0,398.5
43,668,1,547.0,404.0
43,668,0,566.0,396.5
43,669,1,547.0,400.0
43,669,0,566.0,393.0
43,670,1,548.0,400.5
43,670,1,22.5,251.2
43,670,1,23.0,328.5
43,671,1,550.0,411.8
43,671,0,549.5,411.5
43,671,1,21.2,297.0
43,672,1,23.1,396.8
43,672,0,553.0,415.0
43,672,1,153.2,278.0
43,673,1,19.9,407.2
43,673,0,556.5,416.2
43,673,1,151.0,286.5
43,673,0,574.5,408.8
43,673,1,556.0,416.0
43,673,1,149.8,241.4
43,674,0,561.0,418.0
43,674,1,23.0,402.5
43,675,1,19.0,396.0
43,675,0,562.0,422.0
43,675,1,150.6,253.0
43,676,1,14.1,399.0
43,676,1,14.0,393.2
43,676,1,150.2,253.2
43,676,1,562.0,429.0
43,676,0,562.0,429.0
43,677,1,564.0,427.0
43,677,1,12.9,404.5
43,677,1,149.2,279.5
43,677,1,148.2,395.5
43,678,1,564.0,428.2
43,678,1,144.5,397.0
43,678,0,582.5,424.0
43,678,1,148.5,394.5
43,679,1,564.0,429.8
43,679,0,564.0,430.5
43,679,1,146.1,401.5
43,679,1,9.6,285.5
43,680,1,141.8,396.2
43,680,0,564.5,425.5
43,681,1,579.5,427.2
43,681,1,294.0,386.8
43,681,1,148.0,397.2
43,681,1,144.8,148.4
43,681,0,599.5,418.0
43,682,1,596.0,428.0
43,682,1,304.5,383.5
43,682,1,23.6,408.0
43,683,1,607.0,431.5
43,683,1,166.0,265.5
43,683,1,307.0,385.5
43,683,1,164.8,230.2
43,683,0,630.0,417.2
43,683,1,28.8,291.5
43,684,1,54.6,395.5
43,684,1,332.0,383.5
43,684,1,186.6,271.0
43,685,1,76.2,384.5
43,685,1,206.8,382.0
43,685,1,75.8,268.0
43,686,1,365.0,385.5
43,686,1,87.1,387.0
43,686,1,87.7,254.8
43,687,1,86.6,387.0
43,687,1,370.5,387.5
43,687,1,519.5,293.2
43,687,1,87.9,264.0
43,688,1,369.0,405.2
43,688,1,91.2,264.0
43,688,1,521.0,400.8
43,689,1,11.6,401.2
43,689,1,567.0,424.0
43,690,1,617.0,433.0
43,691,1,469.0,426.5
43,691,1,307.8,420.5
43,691,1,179.9,452.8
43,691,1,305.5,151.8
43,692,1,522.5,423.8
43,693,1,266.6,415.0
43,723,1,305.8,640.0
43,723,0,104.0,530.5
43,723,1,64.1,500.0
43,723,1,15.2,438.8
43,723,0,26.3,450.5
43,723,0,36.2,431.5
43,723,0,37.8,463.5
43,723,0,27.5,456.0
43,723,1,307.0,552.0
43,723,0,36.2,460.5
43,723,0,28.0,456.0
43,723,0,146.5,612.0
43,723,0,72.2,507.0
43,723,1,14.1,438.0
43,723,1,550.5,485.5
43,724,0,117.2,533.0
43,724,1,77.6,503.0
43,724,0,85.4,511.5
43,724,0,51.4,460.5
43,724,0,69.1,487.5
43,724,0,69.6,489.0
43,724,0,68.9,494.0
43,724,0,52.2,468.5
43,724,1,3.6,322.2
43,724,1,320.0,640.0
43,724,0,383.0,542.0
43,724,0,13.2,411.0
43,724,1,32.4,444.5
43,724,0,42.3,451.0
43,724,1,569.5,463.5
43,724,1,27.8,439.0
43,724,0,43.1,460.0
43,725,1,336.5,640.0
43,725,0,135.2,530.0
43,725,1,52.1,438.5
43,725,1,594.0,639.5
43,725,0,46.0,420.5
43,725,0,104.9,506.5
43,725,0,72.2,465.5
43,725,1,96.6,505.5
43,725,1,50.1,434.0
43,725,0,106.0,509.5
43,725,0,72.9,465.8
43,725,0,33.8,410.0
43,725,0,175.1,607.0
43,725,0,61.5,440.2
43,725,0,70.8,464.5
43,726,1,366.0,640.0
43,726,1,123.6,498.5
43,726,0,98.9,462.5
43,726,1,79.2,433.5
43,726,0,160.6,531.5
43,726,0,130.8,505.0
43,726,0,67.2,412.5
43,726,1,630.0,638.0
43,726,0,65.9,410.5
43,726,1,80.6,439.5
43,726,0,90.1,443.5
43,726,1,114.0,491.0
43,727,1,378.5,640.0
43,727,0,171.2,522.0
43,727,1,134.0,503.0
43,727,1,91.5,433.5
43,727,0,140.9,505.2
43,727,0,125.8,484.0
43,727,1,92.6,433.5
43,727,0,109.9,458.0
43,727,0,109.5,444.2
43,727,1,65.0,321.2
43,727,1,89.9,431.8
43,727,0,126.2,470.0
43,727,0,109.8,430.5
43,727,0,101.5,437.8
43,728,1,149.6,495.0
43,728,1,397.5,640.0
43,728,0,186.8,528.0
43,728,1,108.2,428.0
43,728,0,125.1,445.0
43,728,1,468.2,640.0
43,728,0,125.4,421.5
43,728,0,157.2,498.5
43,728,0,142.0,468.8
43,728,0,117.4,431.5
43,728,1,107.0,427.8
43,729,0,195.5,523.5
43,729,1,410.8,640.0
43,729,1,117.8,425.5
43,729,1,159.2,487.5
43,729,0,129.2,448.8
43,729,0,135.4,450.0
43,729,0,130.5,448.0
43,729,0,137.0,455.0
43,729,1,412.2,564.0
43,729,0,136.2,454.2
43,729,0,129.2,446.8
43,729,0,165.9,498.5
43,729,0,135.0,432.0
43,729,1,158.8,482.5
43,729,0,9.2,410.5
43,730,1,428.8,640.0
43,730,1,132.2,426.5
43,730,0,209.2,524.0
43,730,1,172.5,487.5
43,730,0,149.0,451.0
43,730,0,179.8,493.0
43,730,0,164.4,466.5
43,730,1,34.3,402.5
43,730,0,150.0,452.5
43,730,1,430.0,546.0
43,730,0,5.7,456.0
43,730,0,181.0,495.2
43,730,0,4.8,458.0
43,731,0,626.0,615.0
43,731,1,183.8,486.5
43,731,1,443.5,639.5
43,731,0,220.2,518.5
43,731,0,5.5,472.5
43,731,0,39.3,411.5
43,731,0,20.2,454.5
43,731,0,161.5,449.5
43,731,0,20.8,454.0
43,731,1,48.9,401.2
43,731,0,192.6,493.0
43,731,1,144.0,417.0
43,731,1,29.2,434.0
43,731,0,153.2,434.2
43,731,1,490.0,577.0
43,731,0,130.0,400.0
43,731,0,154.1,442.5
43,731,0,133.0,401.5
43,731,1,445.8,529.0
43,732,1,461.5,640.0
43,732,0,5.5,493.5
43,732,1,196.8,477.5
43,732,0,22.2,430.8
43,732,1,156.8,418.5
43,732,0,35.6,449.0
43,732,0,35.9,448.8
43,732,1,45.0,430.0
43,732,0,173.8,430.5
43,732,0,37.1,446.0
43,732,0,22.2,439.5
43,732,1,464.0,521.0
43,732,0,173.9,413.5
43,732,0,189.5,453.5
43,732,0,189.4,457.2
43,732,0,54.2,408.5
43,732,0,174.2,443.0
43,732,0,204.9,485.2
43,732,0,38.2,442.2
43,732,0,5.5,492.5
43,732,0,232.5,520.0
43,732,0,22.0,465.5
43,732,0,203.5,479.5
43,733,1,485.5,640.0
43,733,0,23.2,486.0
43,733,1,9.6,504.5
43,733,0,246.5,506.5
43,733,1,211.6,479.5
43,733,1,81.2,393.5
43,733,0,203.0,447.0
43,733,1,172.5,413.5
43,733,0,189.2,436.5
43,733,0,53.9,444.0
43,733,0,190.1,441.0
43,733,0,40.9,428.5
43,733,1,212.0,479.5
43,734,1,503.0,637.5
43,734,1,22.2,503.5
43,734,0,36.8,480.5
43,734,0,52.8,450.5
43,734,1,92.2,389.5
43,734,0,53.4,422.5
43,734,1,221.8,468.5
43,734,1,183.0,413.0
43,734,0,199.2,438.8
43,734,0,66.3,438.0
43,734,0,65.4,439.0
43,734,0,68.1,432.0
43,734,0,35.1,453.0
43,734,0,195.0,433.5
43,734,1,181.9,411.5
43,734,0,227.5,477.0
43,734,0,200.9,439.5
43,734,0,198.4,432.8
43,734,0,169.4,391.0
43,734,1,503.8,639.5
43,734,0,69.2,425.0
43,734,1,75.6,416.5
43,734,0,193.2,432.2
43,734,0,171.5,392.0
43,735,0,69.5,455.0
43,735,1,528.0,640.0
43,735,0,54.2,478.0
43,735,1,40.5,500.2
43,735,0,53.5,462.0
43,735,1,108.6,387.2
43,735,1,611.0,487.5
43,735,1,196.8,403.5
43,735,0,272.2,509.0
43,735,1,92.4,413.0
43,735,1,236.0,473.2
43,735,0,213.1,432.8
43,735,0,228.2,458.0
43,735,0,213.2,413.0
43,735,0,81.9,436.5
43,735,0,54.9,476.2
43,735,0,82.6,436.0
43,735,0,243.8,480.0
43,735,0,228.1,454.0
43,736,1,567.0,640.0
43,736,0,293.5,509.8
43,736,1,258.8,480.5
43,736,1,133.9,389.8
43,736,0,82.0,486.0
43,736,0,236.5,434.2
43,736,1,117.0,420.5
43,736,1,220.5,406.0
43,736,0,265.5,481.0
43,736,0,237.4,438.0
43,736,0,19.8,577.0
43,736,0,107.9,441.0
43,736,0,108.4,440.0
43,736,0,251.0,452.0
43,736,1,66.9,500.5
43,736,0,96.4,449.5
43,736,1,568.0,639.5
43,736,1,67.2,502.5
43,736,1,115.9,422.0
43,737,1,265.5,475.0
43,737,1,579.0,637.0
43,737,1,142.2,391.8
43,737,0,90.2,491.0
43,737,0,117.1,443.0
43,737,0,273.5,484.5
43,737,1,75.9,507.5
43,737,1,228.0,413.0
43,737,0,28.7,573.5
43,737,0,301.5,517.5
43,737,0,105.1,422.2
43,737,0,243.2,436.5
43,737,1,125.2,424.5
43,737,1,581.5,640.0
43,737,0,117.9,441.5
43,737,0,244.5,439.5
43,737,0,89.3,470.8
43,737,1,257.9,470.5
43,738,1,603.0,640.0
43,738,1,278.2,474.5
43,738,1,91.4,504.5
43,738,0,315.5,510.5
43,738,0,119.3,459.0
43,738,0,105.7,488.2
43,738,1,156.8,391.8
43,738,0,132.0,441.8
43,738,1,140.8,418.5
43,738,0,258.2,437.8
43,738,1,241.1,413.0
43,738,0,250.0,430.0
43,738,0,132.8,440.2
43,738,0,104.6,469.2
43,738,1,609.0,639.5
43,738,0,256.8,437.0
43,738,0,238.2,397.0
43,738,0,249.6,422.8
43,739,1,105.5,499.0
43,739,1,625.0,593.0
43,739,0,133.8,418.5
43,739,1,291.2,474.0
43,739,0,59.2,575.5
43,739,1,253.6,407.0
43,739,0,327.8,509.8
43,739,0,118.8,483.5
43,739,0,117.6,464.0
43,739,1,3.9,187.0
43,739,0,119.5,482.0
43,739,0,117.6,444.0
43,739,1,626.0,441.0
43,739,0,269.2,428.5
43,739,1,292.2,476.0
43,739,1,622.0,640.0
43,739,1,170.2,389.0
43,739,0,148.8,426.0
43,739,0,145.9,438.5
43,739,0,119.5,482.0
43,739,0,147.0,438.5
43,739,1,59.3,576.5
43,740,0,341.0,515.0
43,740,1,118.8,498.5
43,740,0,74.3,574.0
43,740,1,264.5,406.0
43,740,0,133.2,478.0
43,740,1,303.5,473.0
43,740,0,147.8,419.2
43,740,1,183.6,388.5
43,740,0,147.8,445.5
43,740,0,282.5,435.5
43,740,0,281.8,434.0
43,740,0,14.5,190.8
43,740,0,163.5,422.0
43,740,0,132.2,461.5
43,740,0,311.5,481.0
43,740,0,281.0,421.5
43,740,0,283.0,436.2
43,740,1,455.2,454.0
43,740,0,274.5,427.0
43,740,0,273.5,422.0
43,741,0,5.8,640.0
43,741,1,138.8,499.5
43,741,0,360.0,518.0
43,741,0,152.5,476.8
43,741,0,166.2,416.0
43,741,1,322.0,480.5
43,741,0,329.5,483.5
43,741,1,282.5,408.8
43,741,0,298.2,433.0
43,741,1,201.6,388.0
43,741,0,299.5,436.5
43,741,0,166.4,437.0
43,741,1,283.2,409.5
43,741,0,177.8,438.5
43,741,1,534.0,640.0
43,741,0,178.6,438.2
43,741,1,325.0,483.5
43,741,0,153.1,477.2
43,741,0,298.0,417.0
43,741,1,476.0,452.5
43,741,0,330.8,487.2
43,742,0,20.9,640.0
43,742,1,152.8,500.5
43,742,0,372.8,518.0
43,742,0,166.0,479.5
43,742,0,165.0,472.5
43,742,1,295.0,411.2
43,742,0,180.1,451.0
43,742,0,108.6,569.0
43,742,0,306.0,433.0
43,742,0,311.0,437.0
43,742,0,310.0,433.5
43,742,1,334.5,480.0
43,742,0,313.0,438.5
43,742,1,214.2,388.0
43,742,0,195.0,423.0
43,742,0,555.0,639.5
43,742,0,305.5,431.0
43,742,1,294.5,410.8
43,742,0,310.5,412.8
43,742,0,18.9,638.0
43,742,0,164.8,458.5
43,742,0,341.0,485.5
43,742,1,492.0,440.0
43,742,0,195.9,420.0
43,742,0,166.4,480.2
43,743,0,37.0,640.0
43,743,1,168.4,500.5
43,743,1,579.0,640.0
43,743,0,180.9,473.0
43,743,0,356.5,488.0
43,743,0,326.5,439.5
43,743,0,195.6,417.0
43,743,1,309.0,407.5
43,743,0,124.8,568.5
43,743,0,182.0,479.5
43,743,1,349.0,475.0
43,743,0,325.2,433.5
43,743,1,230.0,387.8
43,743,1,213.8,418.0
43,743,0,180.5,456.8
43,743,0,388.5,521.0
43,744,1,177.4,502.2
43,744,1,357.8,483.0
43,744,0,204.5,417.8
43,744,0,49.9,639.5
43,744,1,317.5,408.5
43,744,1,238.1,389.0
43,744,1,598.0,640.0
43,744,0,399.2,532.0
43,744,0,334.2,436.0
43,744,0,191.0,482.0
43,744,1,175.8,405.2
43,744,1,134.5,576.0
43,744,0,334.0,415.2
43,744,0,190.0,450.0
43,744,0,190.1,481.5
43,745,0,59.0,640.0
43,745,0,410.0,530.5
43,745,1,368.0,484.8
43,745,1,327.0,413.0
43,745,0,337.2,434.0
43,745,0,201.2,477.5
43,745,0,214.0,430.2
43,745,0,376.8,491.2
43,745,1,247.8,389.8
43,745,0,345.5,441.5
43,745,0,344.0,439.0
43,745,0,359.5,455.5
43,745,0,145.4,565.5
43,745,0,214.5,454.0
43,745,0,359.0,471.0
43,745,1,188.5,505.5
43,745,0,214.5,417.0
43,745,0,214.2,457.0
43,745,0,228.2,419.5
43,745,0,359.5,470.5
43,745,0,346.0,442.0
43,745,0,225.4,435.5
43,746,1,202.0,498.5
43,746,0,73.6,640.0
43,746,0,390.5,496.0
43,746,0,228.0,416.0
43,746,0,214.5,476.0
43,746,0,357.5,435.0
43,746,1,340.2,412.0
43,746,1,382.0,484.0
43,746,0,213.5,464.8
43,746,1,260.5,390.5
43,746,0,215.0,477.2
43,746,1,317.5,306.5
43,746,0,426.0,534.5
43,746,1,245.5,416.8
43,746,0,358.5,440.5
43,747,1,216.2,497.5
43,747,0,88.4,640.0
43,747,0,406.2,501.8
43,747,1,330.0,304.5
43,747,0,228.8,474.2
43,747,1,396.5,483.5
43,747,1,353.5,414.0
43,747,0,371.5,439.0
43,747,0,229.0,464.0
43,747,1,260.0,417.5
43,747,0,242.2,435.8
43,747,0,242.0,417.5
43,747,0,242.0,451.0
43,747,0,229.0,476.5
43,747,0,387.8,467.5
43,747,0,443.5,538.5
43,747,1,273.5,388.0
43,747,0,252.5,436.0
43,747,0,241.4,453.5
43,747,0,227.5,446.5
43,748,1,407.2,491.0
43,748,0,251.6,416.0
43,748,0,381.5,435.0
43,748,0,238.8,476.0
43,748,1,268.2,417.0
43,748,1,184.0,574.5
43,748,0,238.9,477.5
43,748,1,339.5,303.0
43,748,1,364.5,414.0
43,748,0,418.5,505.5
43,748,0,624.0,475.5
43,748,0,382.5,440.5
43,748,0,238.5,466.8
43,748,0,453.0,548.0
43,748,0,99.1,640.0
43,749,0,108.8,639.5
43,749,0,248.1,475.0
43,749,1,373.2,416.0
43,749,1,292.5,391.0
43,749,0,261.5,418.5
43,749,0,261.2,438.5
43,749,1,348.5,306.0
43,749,0,468.5,553.0
43,749,0,392.5,445.5
43,749,0,407.5,452.5
43,749,0,385.2,437.0
43,749,0,247.5,455.0
43,749,0,385.2,437.0
43,749,1,419.0,493.8
43,749,0,637.0,473.5
43,749,0,428.0,502.0
43,749,0,277.0,419.5
43,749,1,236.2,501.5
43,749,0,389.0,439.0
43,749,0,261.5,452.5
43,749,0,393.5,446.0
43,749,0,408.5,451.0
43,750,0,111.1,639.5
43,750,1,423.0,493.5
43,750,1,606.0,430.0
43,750,1,376.5,416.0
43,750,0,264.2,415.0
43,750,0,396.5,444.5
43,750,0,388.0,436.0
43,750,0,388.5,436.2
43,750,1,239.1,502.0
43,750,0,252.0,479.5
43,750,1,296.0,390.0
43,750,0,251.5,480.0
43,750,0,412.5,464.0
43,750,1,197.0,569.0
43,750,0,434.5,508.0
43,750,1,282.0,417.2
43,751,1,245.8,496.8
43,751,0,113.6,638.5
43,751,1,431.2,489.0
43,751,1,201.8,569.5
43,751,0,403.5,442.2
43,751,1,302.8,389.0
43,751,0,270.8,415.0
43,751,1,432.5,497.0
43,751,1,359.5,300.0
43,751,0,257.0,464.5
43,751,1,619.0,440.0
43,751,1,552.0,559.5
43,751,0,286.0,418.5
43,751,1,289.0,414.5
43,752,0,111.1,639.0
43,752,1,245.8,500.5
43,752,0,404.5,437.5
43,752,1,201.2,571.0
43,752,1,360.0,299.8
43,752,1,432.0,495.0
43,752,1,385.0,414.8
43,752,0,109.4,627.0
43,752,0,271.0,416.2
43,752,0,257.2,462.0
43,752,0,201.2,570.0
43,752,0,396.0,429.0
43,752,0,281.5,434.0
43,752,0,282.5,433.0
43,752,0,282.0,433.0
43,753,0,101.4,639.0
43,753,1,243.2,505.0
43,753,0,270.0,416.8
43,753,0,403.8,441.5
43,753,1,431.5,491.5
43,753,1,360.0,300.5
43,753,0,420.8,479.0
43,753,1,561.0,562.5
43,753,1,384.5,413.5
43,753,1,197.9,575.0
43,753,1,302.8,385.5
43,753,0,394.8,424.0
43,753,0,403.5,420.8
43,754,1,619.0,469.5
43,754,0,440.5,519.0
43,754,0,91.2,640.0
43,754,1,380.5,416.5
43,754,0,274.5,441.5
43,754,0,264.5,420.5
43,754,1,237.5,505.2
43,754,1,355.5,304.2
43,754,0,401.5,452.0
43,754,1,417.5,484.5
43,754,1,51.9,465.8
43,754,0,438.5,497.0
43,754,0,401.0,451.2
43,754,1,427.8,490.5
43,754,1,297.8,391.2
43,754,0,250.8,490.0
43,754,0,250.1,470.0
43,754,0,264.5,458.8
43,755,1,45.8,488.5
43,755,0,439.5,520.5
43,755,1,620.0,475.5
43,755,0,82.8,639.0
43,755,1,235.8,506.0
43,755,0,248.0,485.0
43,755,0,6.0,619.0
43,755,1,186.8,585.0
43,755,0,262.0,418.5
43,755,0,187.0,585.5
43,755,0,400.5,450.8
43,755,1,296.2,390.5
43,755,1,482.2,579.0
43,755,0,399.0,445.8
43,755,1,353.5,305.5
43,755,1,428.0,502.0
43,755,1,377.8,416.8
43,755,0,438.5,507.0
43,755,0,389.0,430.5
43,755,0,416.5,476.5
43,755,1,379.8,415.5
43,756,0,439.0,520.0
43,756,1,184.5,591.5
43,756,0,75.4,640.0
43,756,1,233.4,533.5
43,756,0,246.8,484.8
43,756,0,77.9,640.0
43,756,0,245.5,468.5
43,756,1,376.5,415.0
43,756,1,428.0,501.5
43,756,0,247.0,488.0
43,756,0,261.0,424.5
43,756,0,398.0,442.5
43,756,1,482.0,564.5
43,756,0,438.0,505.2
43,756,1,294.5,391.5
43,756,0,372.5,402.0
43,756,0,388.2,434.0
43,756,1,388.5,436.5
43,756,0,261.0,455.5
43,756,1,382.2,418.5
43,757,0,439.5,522.0
43,757,0,70.3,640.0
43,757,1,231.5,513.5
43,757,0,245.0,485.5
43,757,1,376.5,415.8
43,757,0,260.2,424.8
43,757,0,398.0,445.5
43,757,0,246.4,489.0
43,757,0,246.2,485.5
43,757,1,428.0,502.8
43,757,1,294.0,390.8
43,757,1,388.2,436.5
43,757,0,399.0,450.0
43,757,0,416.8,489.2
43,757,0,276.0,425.0
43,757,0,388.0,435.5
43,758,1,230.2,523.0
43,758,0,244.8,496.0
43,758,0,259.8,438.0
43,758,0,440.2,525.0
43,758,0,63.0,639.5
43,758,1,377.0,421.5
43,758,0,245.6,496.5
43,758,0,60.5,639.0
43,758,0,400.5,456.0
43,758,0,259.5,464.0
43,758,0,275.5,430.0
43,758,0,398.5,447.0
43,758,1,294.5,394.5
43,758,0,388.5,435.5
43,758,1,428.0,501.5
43,758,1,178.0,605.5
43,758,1,362.0,395.2
43,758,0,244.0,478.5
43,759,0,440.0,534.5
43,759,0,56.5,640.0
43,759,1,227.8,524.0
43,759,0,397.8,454.5
43,759,1,376.0,427.0
43,759,1,350.2,312.0
43,759,1,292.8,401.0
43,759,0,258.1,470.5
43,759,0,242.8,501.0
43,759,0,415.5,488.8
43,759,0,242.1,479.5
43,759,0,256.9,474.0
43,759,1,428.0,507.2
43,759,0,437.8,524.5
43,759,1,227.9,521.0
43,759,1,277.5,432.0
43,759,0,398.8,460.5
43,759,1,586.0,639.5
43,759,0,364.0,402.0
43,759,1,387.2,448.2
43,759,1,276.5,433.8
43,759,0,388.0,449.5
43,760,1,430.2,519.5
43,760,1,293.0,409.5
43,760,1,67.6,637.5
43,760,1,377.5,436.0
43,760,0,242.0,512.0
43,760,0,42.6,639.5
43,760,0,257.5,442.0
43,760,0,8.0,637.0
43,760,0,398.8,468.5
43,760,1,292.2,411.0
43,760,1,170.1,628.0
43,760,1,277.2,440.0
43,760,1,227.0,542.5
43,760,0,419.0,510.5
43,760,0,400.5,474.0
43,760,1,227.5,535.0
43,761,1,227.8,544.5
43,761,1,433.0,527.5
43,761,0,420.8,516.0
43,761,0,38.6,639.5
43,761,0,258.0,446.0
43,761,1,227.8,548.5
43,761,0,243.0,518.0
43,761,1,278.0,446.8
43,761,0,391.5,465.5
43,761,1,294.0,412.0
43,761,0,242.4,497.8
43,761,0,401.0,474.5
43,761,1,379.0,441.0
43,761,0,37.7,639.5
43,762,1,429.0,540.0
43,762,0,252.2,452.5
43,762,1,347.5,328.5
43,762,0,236.6,521.5
43,762,1,374.5,445.2
43,762,1,289.0,418.5
43,762,1,606.5,637.5
43,762,0,397.8,479.5
43,762,0,234.2,473.5
43,762,1,634.0,518.0
43,762,1,373.5,444.5
43,762,0,235.0,491.5
43,762,1,220.9,552.5
43,762,0,387.5,471.0
43,762,0,251.9,475.8
43,762,0,236.0,523.5
43,762,0,251.2,495.5
43,763,0,250.8,498.5
43,763,1,430.0,543.0
43,763,1,374.8,448.5
43,763,1,289.0,419.0
43,763,1,9.2,522.0
43,763,0,251.8,473.0
43,763,1,348.5,333.5
43,763,1,220.0,543.5
43,763,0,251.8,456.0
43,763,0,234.9,520.0
43,763,0,398.0,484.5
43,763,0,417.5,529.0
43,763,1,373.8,446.5
43,763,1,613.5,640.0
43,763,0,266.0,454.5
43,764,0,249.8,499.0
43,764,1,374.5,450.0
43,764,1,6.8,528.0
43,764,1,430.5,548.0
43,764,0,621.0,640.0
43,764,1,348.0,334.0
43,764,1,219.0,553.0
43,764,0,234.1,525.0
43,764,0,397.8,484.0
43,764,0,251.0,493.0
43,765,1,346.5,335.5
43,765,0,248.0,453.5
43,765,1,215.8,553.5
43,765,1,152.0,638.5
43,765,1,373.0,451.0
43,765,1,285.8,419.2
43,765,1,430.5,536.0
43,765,0,229.9,505.0
43,765,0,231.0,523.0
43,765,1,385.5,477.0
43,765,0,247.0,499.0
43,765,0,396.2,487.0
43,765,0,260.0,477.0
43,765,0,229.0,484.2
43,765,0,366.2,431.5
43,765,1,372.0,449.8
43,765,1,373.0,450.0
43,766,0,246.5,497.0
43,766,0,230.0,525.0
43,766,1,214.2,554.0
43,766,0,229.0,508.5
43,766,1,346.0,332.5
43,766,1,373.0,449.2
43,766,0,397.2,484.2
43,766,1,432.0,555.5
43,766,1,286.2,417.0
43,766,0,259.5,475.5
43,766,1,269.2,448.0
43,766,0,247.0,450.5
43,766,0,230.9,525.5
43,766,1,385.8,476.0
43,766,0,366.2,430.5
43,766,0,205.5,485.8
43,766,0,418.0,530.5
43,766,1,215.0,557.5
43,767,0,246.0,500.5
43,767,1,434.0,558.0
43,767,1,211.5,562.0
43,767,1,286.2,418.5
43,767,1,346.2,333.0
43,767,1,374.0,452.0
43,767,1,269.0,451.0
43,767,0,228.5,530.0
43,767,0,258.8,478.8
43,767,1,212.2,585.5
43,767,0,246.2,458.5
43,767,1,211.5,561.0
43,767,1,372.8,450.0
43,767,0,398.5,487.0
43,767,1,285.5,419.5
43,767,0,262.2,454.2
43,767,0,260.0,477.5
43,768,1,209.5,568.0
43,768,1,433.5,556.0
43,768,0,244.0,482.0
43,768,0,244.1,457.0
43,768,1,372.0,452.8
43,768,0,243.5,500.2
43,768,1,283.8,419.5
43,768,0,365.5,431.8
43,768,0,397.0,489.5
43,768,1,268.0,448.8
43,769,1,435.0,563.0
43,769,1,206.4,573.0
43,769,1,372.0,454.0
43,769,0,242.6,501.2
43,769,0,397.8,490.5
43,769,0,365.8,432.2
43,769,0,419.0,536.5
43,769,1,586.0,444.5
43,769,1,385.2,481.5
43,769,1,371.5,451.5
43,769,0,224.2,529.5
43,769,1,206.8,431.2
43,770,1,435.0,566.0
43,770,0,396.5,492.0
43,770,0,364.5,434.0
43,770,0,418.5,540.5
43,770,1,204.0,576.0
43,770,1,371.2,455.0
43,770,0,385.5,483.2
43,770,0,241.1,496.2
43,770,1,282.0,422.5
43,770,1,585.5,443.5
43,770,1,370.0,449.5
43,770,0,221.0,531.0
43,770,1,264.2,455.0
43,771,1,434.0,572.5
43,771,1,368.5,449.5
43,771,1,280.2,423.0
43,771,1,370.0,458.5
43,771,1,200.0,553.5
43,771,0,418.5,541.5
43,771,0,237.8,512.5
43,771,0,75.5,603.0
43,771,0,394.8,498.5
43,771,0,119.8,640.0
43,771,0,252.8,487.2
43,771,0,189.8,537.5
43,771,1,261.5,460.5
43,772,0,110.0,640.0
43,772,0,214.5,549.0
43,772,1,277.2,425.5
43,772,1,432.5,574.0
43,772,1,195.6,585.0
43,772,1,367.2,453.5
43,772,0,393.2,500.5
43,772,0,212.2,542.0
43,772,0,416.0,534.5
43,772,0,234.2,512.5
43,772,1,259.8,457.8
43,772,0,415.0,513.5
43,772,0,133.6,225.8
43,772,0,183.1,575.5
43,772,1,195.2,583.5
43,772,1,348.8,421.5
43,773,0,105.1,640.0
43,773,1,368.5,455.0
43,773,1,434.5,574.0
43,773,0,214.0,551.5
43,773,0,234.2,513.0
43,773,1,277.8,426.0
43,773,1,350.5,423.0
43,773,1,260.5,460.5
43,773,0,212.0,546.0
43,773,0,133.6,224.0
43,773,1,195.2,585.0
43,774,1,435.0,583.0
43,774,1,368.0,458.5
43,774,1,277.0,429.5
43,774,0,212.8,557.5
43,774,0,233.5,521.5
43,774,1,259.5,464.0
43,774,0,211.5,554.0
43,774,1,192.1,423.0
43,774,0,132.4,224.5
43,775,0,93.8,640.0
43,775,1,435.2,587.5
43,775,1,276.8,431.0
43,775,1,367.5,460.8
43,775,0,232.0,523.0
43,775,0,249.5,481.8
43,775,0,381.0,472.5
43,775,1,258.5,470.0
43,775,1,368.5,468.5
43,775,0,250.6,468.5
43,775,0,361.5,444.8
43,776,1,437.5,590.0
43,776,0,89.5,640.0
43,776,0,419.8,559.0
43,776,1,277.5,431.8
43,776,0,231.8,526.0
43,776,1,368.2,460.5
43,776,1,260.2,468.0
43,776,0,362.5,444.8
43,776,0,382.5,468.0
43,776,1,277.2,433.5
43,776,1,350.5,430.0
43,776,0,250.8,467.2
43,776,1,112.4,232.9
43,776,0,211.4,566.0
43,776,1,188.2,559.5
43,776,1,369.2,466.5
43,777,1,436.0,599.0
43,777,0,78.1,640.0
43,777,1,367.0,471.0
43,777,1,273.5,435.0
43,777,0,358.5,447.0
43,777,1,183.8,619.0
43,777,1,182.2,552.0
43,777,0,228.0,475.2
43,777,0,205.2,566.0
43,778,0,70.9,640.0
43,778,1,437.5,601.0
43,778,1,181.2,605.5
43,778,1,253.2,468.0
43,778,0,201.8,561.5
43,778,0,358.5,444.0
43,778,0,245.5,461.0
43,778,0,264.0,439.0
43,778,1,273.2,430.5
43,778,1,366.2,466.2
43,778,0,226.1,473.0
43,778,0,245.5,467.0
43,778,1,181.1,551.0
43,778,1,366.0,464.0
43,778,0,263.5,445.0
43,778,1,436.5,599.0
43,778,0,226.2,492.5
43,779,0,65.4,639.5
43,779,0,419.5,570.5
43,779,1,439.0,603.0
43,779,1,179.8,605.5
43,779,1,253.0,468.5
43,779,1,179.5,605.5
43,779,0,201.2,560.5
43,779,0,245.4,459.0
43,779,0,263.5,436.8
43,779,1,273.2,428.5
43,779,1,367.0,464.0
43,779,0,358.8,441.0
43,779,1,180.5,528.0
43,779,0,379.5,469.8
43,779,0,244.8,474.5
43,779,1,346.0,428.5
43,779,0,263.2,444.5
43,780,0,65.9,640.0
43,780,0,264.2,435.2
43,780,1,444.5,607.0
43,780,1,177.0,612.0
43,780,1,253.0,463.8
43,780,0,423.5,563.5
43,780,1,368.5,463.5
43,780,0,245.2,457.0
43,780,0,360.0,441.0
43,780,1,273.8,426.0
43,780,0,467.5,625.5
43,780,0,48.9,640.0
43,780,0,199.5,565.5
43,780,0,357.2,440.0
43,780,1,224.0,524.0
43,781,0,46.2,640.0
43,781,1,175.1,618.0
43,781,0,422.5,568.5
43,781,1,444.5,608.0
43,781,0,243.5,469.5
43,781,0,244.2,461.5
43,781,0,467.5,629.0
43,781,1,273.0,426.2
43,781,0,198.5,567.0
43,781,1,252.4,465.2
43,781,0,222.5,526.0
43,781,0,242.6,484.5
43,781,1,367.5,467.0
43,781,0,359.0,441.0
43,781,1,366.2,464.0
43,781,0,423.5,562.5
43,781,0,380.5,466.0
43,782,0,423.0,570.0
43,782,0,242.5,462.2
43,782,1,253.1,460.5
43,782,0,469.2,637.5
43,782,1,171.8,616.5
43,782,1,273.0,426.5
43,782,0,358.5,437.0
43,782,0,262.2,440.8
43,782,1,366.5,464.0
43,782,1,368.2,467.2
43,782,0,380.5,462.5
43,782,1,444.8,606.0
43,782,1,346.5,425.0
43,783,1,249.2,466.0
43,783,1,270.5,426.0
43,783,0,241.8,461.5
43,783,0,358.5,438.0
43,783,0,20.5,640.0
43,783,0,219.1,526.5
43,783,1,367.2,462.5
43,783,1,168.0,611.5
43,783,1,251.5,461.5
43,783,0,380.2,464.0
43,783,1,252.9,461.0
43,783,1,366.0,463.0
43,783,0,261.2,442.5
43,784,0,474.2,636.5
43,784,0,242.1,463.8
43,784,1,252.8,461.0
43,784,0,360.0,441.2
43,784,1,368.5,465.0
43,784,0,425.5,570.0
43,784,1,273.0,427.0
43,784,0,358.5,438.8
43,784,1,167.8,616.0
43,784,0,220.2,475.0
43,784,1,250.5,464.8
43,784,0,262.0,441.5
43,784,0,17.1,639.0
43,784,0,382.0,450.5
43,784,0,220.2,485.5
43,785,0,475.5,640.0
43,785,0,46.8,640.0
43,785,1,270.0,431.5
43,785,1,248.6,470.5
43,785,1,368.2,472.5
43,785,1,164.0,615.5
43,785,0,218.0,531.0
43,785,0,40.7,639.0
43,785,1,366.5,470.0
43,785,1,164.2,550.0
43,785,0,358.8,442.0
43,785,1,345.8,428.5
43,785,1,261.0,444.8
43,785,1,164.4,626.0
43,786,0,476.5,638.0
43,786,1,270.0,428.0
43,786,0,34.2,640.0
43,786,1,367.5,467.5
43,786,0,381.2,468.0
43,786,1,366.0,465.5
43,786,0,358.8,440.5
43,786,0,217.0,482.5
43,786,1,248.4,467.5
43,786,1,162.8,596.5
43,786,1,345.8,428.0
43,787,1,452.8,620.0
43,787,1,270.2,424.0
43,787,1,368.5,465.0
43,787,0,479.8,640.0
43,787,0,39.0,639.5
43,787,0,358.2,437.0
43,787,1,248.0,464.8
43,787,0,186.9,576.0
43,787,1,367.0,462.0
43,787,1,260.5,435.8
43,787,0,239.1,458.5
43,788,0,483.5,640.0
43,788,1,454.5,624.5
43,788,1,269.8,422.8
43,788,0,214.6,531.0
43,788,1,368.5,465.0
43,788,0,359.0,439.0
43,788,0,358.0,437.5
43,788,1,247.2,466.2
43,788,0,185.0,581.0
43,788,0,238.5,465.5
43,788,1,345.5,424.0
43,788,0,604.5,640.0
43,789,0,483.5,640.0
43,789,1,453.8,625.0
43,789,0,358.0,436.8
43,789,1,268.0,424.5
43,789,1,244.8,468.0
43,789,0,181.8,580.0
43,789,1,245.8,469.5
43,789,0,212.2,529.0
43,789,1,367.5,462.0
43,789,0,233.8,501.2
43,789,0,235.0,488.2
43,789,0,258.1,439.2
43,789,1,365.5,461.0
43,790,0,486.5,640.0
43,790,1,269.0,426.0
43,790,1,368.5,466.0
43,790,0,236.4,464.0
43,790,0,179.2,582.0
43,790,0,620.0,640.0
43,790,1,246.5,471.5
43,790,1,151.0,640.0
43,790,1,268.5,426.5
43,790,1,456.2,634.5
43,790,0,359.0,438.8
43,790,1,244.9,468.5
43,790,0,235.0,488.5
43,790,0,358.0,436.0
43,791,1,147.2,640.0
43,791,1,268.2,429.0
43,791,1,459.0,639.5
43,791,1,244.9,472.8
43,791,1,368.5,470.0
43,791,0,489.0,640.0
43,791,1,245.9,475.8
43,791,0,258.2,441.5
43,791,0,359.0,441.0
43,791,1,605.0,452.0
43,791,0,235.2,480.2
43,791,0,234.5,490.5
43,791,1,148.8,640.0
43,791,0,233.8,502.0
43,791,1,367.0,466.0
43,791,1,345.8,426.2
43,792,1,144.8,640.0
43,792,1,605.0,450.2
43,792,1,244.5,471.5
43,792,1,267.2,430.5
43,792,1,460.0,640.0
43,792,0,358.5,442.5
43,792,0,491.5,640.0
43,792,1,368.0,470.5
43,792,1,245.8,472.0
43,792,0,233.6,468.2
43,792,0,209.8,534.5
43,792,1,366.0,466.5
43,792,0,357.8,437.2
43,793,1,143.0,640.0
43,793,1,244.8,473.5
43,793,1,368.5,469.5
43,793,1,268.2,428.5
43,793,1,462.5,639.0
43,793,0,233.5,470.5
43,793,0,359.0,441.2
43,793,0,112.2,626.0
43,793,1,345.8,427.5
43,793,0,435.2,593.0
43,794,1,465.2,639.5
43,794,0,360.5,444.0
43,794,1,245.8,478.5
43,794,1,269.5,429.5
43,794,1,141.9,640.0
43,794,1,612.0,450.0
43,794,1,369.0,465.5
43,794,1,269.0,429.8
43,794,0,436.8,589.5
43,794,0,499.2,638.0
43,794,0,234.2,481.5
43,794,0,208.8,486.0
43,795,1,465.5,639.5
43,795,1,368.5,471.0
43,795,0,436.0,596.0
43,795,1,242.5,473.2
43,795,1,266.8,430.0
43,795,0,358.8,441.5
43,795,0,205.0,548.0
43,795,0,170.0,596.5
43,795,1,243.6,474.5
43,796,1,467.0,639.5
43,796,1,368.5,467.5
43,796,1,243.8,472.2
43,796,0,358.8,443.2
43,796,0,358.0,439.8
43,796,1,266.5,427.5
43,796,0,437.8,602.0
43,796,0,169.1,605.0
43,796,0,204.0,548.0
43,796,0,204.6,508.0
43,796,1,134.8,640.0
43,796,1,134.0,639.5
43,796,1,345.0,423.8
43,797,0,166.9,601.0
43,797,0,358.5,438.0
43,797,1,469.8,640.0
43,797,0,202.9,542.0
43,797,1,368.5,458.5
43,797,1,265.8,427.8
43,797,0,506.0,640.0
43,797,0,229.8,484.0
43,797,1,241.8,474.8
43,797,0,14.9,594.0
43,797,0,439.8,584.5
43,797,0,228.9,477.5
43,797,0,359.2,440.8
43,798,1,470.5,640.0
43,798,1,265.0,425.8
43,798,0,507.8,635.0
43,798,0,201.0,549.5
43,798,0,358.2,437.5
43,798,0,227.9,481.2
43,798,1,369.0,467.5
43,798,0,234.5,479.5
43,798,1,239.8,477.0
43,798,0,439.5,580.0
43,798,1,237.2,476.5
43,798,1,241.5,474.0
43,799,0,200.2,547.0
43,799,1,472.0,640.0
43,799,1,265.2,424.5
43,799,1,368.5,464.0
43,799,0,441.0,589.5
43,799,0,358.0,435.5
43,799,1,625.0,43.2
43,799,0,359.0,439.0
43,799,0,228.0,468.0
43,799,1,237.2,472.5
43,799,0,510.2,635.0
43,799,0,405.2,533.0
43,799,1,124.0,640.0
43,799,1,242.0,468.5
43,800,0,199.8,548.0
43,800,0,359.0,436.0
43,800,1,476.8,639.5
43,800,1,265.2,424.0
43,800,1,368.5,460.0
43,800,0,407.0,538.0
43,800,0,443.0,599.5
43,800,0,228.2,467.2
43,800,0,234.8,474.5
43,800,0,359.5,438.5
43,800,1,240.8,468.8
43,801,1,263.8,421.5
43,801,1,115.8,638.5
43,801,0,196.8,547.0
43,801,1,477.0,640.0
43,801,0,358.0,438.5
43,801,0,519.0,635.5
43,801,0,225.0,476.2
43,801,1,368.5,466.5
43,801,1,237.2,473.5
43,801,1,118.1,640.0
43,801,0,406.0,536.5
43,801,0,443.0,568.0
43,801,1,264.8,419.0
43,802,1,264.0,422.0
43,802,1,113.8,640.0
43,802,0,196.1,551.0
43,802,1,368.5,463.5
43,802,1,265.0,419.0
43,802,0,224.8,480.5
43,802,1,237.0,475.0
43,802,1,116.8,640.0
43,802,0,156.2,613.5
43,802,0,358.5,434.5
43,802,0,223.2,510.0
43,803,1,263.5,420.5
43,803,1,236.4,470.0
43,803,0,357.5,441.2
43,803,1,110.8,640.0
43,803,0,624.5,540.5
43,803,0,223.8,469.2
43,803,1,369.2,472.5
43,803,0,226.0,468.5
43,803,0,228.5,474.0
43,804,1,264.0,423.8
43,804,1,369.0,469.0
43,804,1,236.8,472.0
43,804,1,110.9,640.0
43,804,0,224.5,480.0
43,804,0,359.0,443.0
43,804,0,409.0,542.0
43,804,0,358.0,440.5
43,804,1,483.5,640.0
43,804,1,264.5,422.0
43,804,0,374.5,476.0
43,804,0,195.4,554.0
43,804,0,530.0,640.0
43,804,0,226.0,481.5
43,804,0,154.2,596.5
43,805,0,531.0,640.0
43,805,1,236.5,471.8
43,805,1,263.8,423.5
43,805,1,369.0,469.5
43,805,0,358.8,441.0
43,805,1,107.8,640.0
43,805,1,485.0,639.0
43,805,0,358.0,438.5
43,805,0,193.8,499.5
43,805,0,223.5,486.0
43,805,0,251.8,446.0
43,805,0,408.5,549.5
43,805,0,151.5,588.0
43,805,0,226.5,475.5
43,805,0,374.5,476.8
43,805,0,229.1,478.5
43,805,0,193.8,548.0
43,806,0,52.4,639.0
43,806,0,356.8,445.2
43,806,1,261.5,427.0
43,806,0,190.5,492.5
43,806,1,234.5,476.5
43,806,1,365.0,474.0
43,806,1,368.2,477.0
43,806,0,250.0,442.2
43,806,1,261.0,427.0
43,806,1,483.5,639.0
43,806,1,235.9,476.0
43,806,0,221.2,466.5
43,806,0,249.5,447.0
43,806,0,532.0,639.5
43,807,1,236.5,475.5
43,807,1,263.8,425.5
43,807,1,369.2,473.5
43,807,1,487.5,640.0
43,807,0,192.1,494.8
43,807,0,48.9,640.0
43,807,0,375.5,479.5
43,807,0,358.2,441.5
43,807,0,410.2,553.0
43,807,0,536.0,635.5
43,807,0,359.0,445.0
43,808,0,189.0,500.0
43,808,1,262.5,428.5
43,808,1,368.5,475.5
43,808,1,488.0,640.0
43,808,0,358.0,445.0
43,808,1,235.0,477.0
43,808,1,236.1,478.0
43,808,0,537.5,639.0
43,808,0,220.5,475.8
43,808,0,249.9,442.5
43,808,0,357.2,439.5
43,808,0,408.5,551.0
43,809,1,491.5,640.0
43,809,1,236.5,479.5
43,809,1,263.5,426.5
43,809,0,41.6,640.0
43,809,1,369.8,476.0
43,809,0,359.0,447.5
43,809,0,190.9,536.0
43,809,0,540.5,634.0
43,809,0,359.2,446.0
43,809,0,222.5,482.5
43,809,0,376.0,482.5
43,810,1,263.5,427.0
43,810,1,493.5,639.0
43,810,1,369.8,475.0
43,810,1,236.5,481.0
43,810,0,189.5,526.5
43,810,0,143.2,635.5
43,810,0,359.0,442.5
43,810,0,221.0,491.5
43,810,1,237.5,480.2
43,810,0,376.5,481.5
43,810,1,491.5,457.2
43,810,0,412.0,552.0
43,810,0,229.0,485.8
43,811,1,262.5,429.2
43,811,0,187.0,570.5
43,811,1,369.5,475.8
43,811,1,494.5,639.5
43,811,1,235.4,478.2
43,811,0,376.0,481.0
43,811,0,359.0,445.0
43,811,1,237.0,480.0
43,811,0,219.2,482.0
43,811,0,387.0,457.5
43,811,1,492.8,455.5
43,811,0,250.0,444.5
43,811,0,376.2,480.5
43,811,0,359.2,447.5
43,811,1,634.5,549.0
43,811,1,4.1,549.0
43,811,0,249.9,450.5
43,812,1,494.0,640.0
43,812,1,368.8,475.5
43,812,1,85.2,639.0
43,812,1,261.5,429.5
43,812,0,185.0,501.0
43,812,1,232.5,481.0
43,812,0,357.8,444.5
43,812,1,453.0,610.0
43,812,0,218.0,482.5
43,812,0,248.2,450.8
43,812,1,492.0,454.5
43,812,0,374.0,478.5
43,812,0,249.1,451.5
43,813,1,498.0,640.0
43,813,1,82.6,640.0
43,813,1,232.5,480.5
43,813,1,369.0,476.0
43,813,1,261.8,429.2
43,813,0,184.5,498.5
43,813,0,375.8,481.5
43,813,0,358.8,442.5
43,813,0,553.0,639.0
43,813,0,218.1,482.0
43,813,0,248.5,451.0
43,813,1,84.4,639.5
43,813,0,358.0,440.5
43,813,0,249.1,453.0
43,813,0,387.0,456.5
43,813,0,184.6,559.5
43,813,0,412.0,551.0
43,814,1,81.9,639.5
43,814,1,369.5,477.0
43,814,1,262.2,430.0
43,814,0,184.5,495.5
43,814,1,500.0,639.5
43,814,1,233.4,484.5
43,814,0,376.5,483.0
43,814,0,359.0,443.5
43,814,0,184.8,571.0
43,814,0,184.8,508.2
43,814,1,456.0,611.5
43,814,1,83.5,640.0
43,814,0,218.6,487.5
43,815,1,230.8,486.0
43,815,1,74.2,639.0
43,815,0,357.0,447.5
43,815,0,246.0,451.5
43,815,0,180.5,565.5
43,815,1,5.1,640.0
43,815,1,229.9,484.5
43,815,1,258.5,430.0
43,815,1,499.0,639.5
43,815,0,373.0,488.5
43,815,0,558.0,639.0
43,815,0,374.0,488.0
43,815,1,365.2,479.0
43,815,1,368.0,481.0
43,815,1,365.5,477.0
43,815,0,373.2,487.8
43,815,0,181.0,511.0
43,815,1,75.8,640.0
43,815,0,348.0,438.0
43,816,1,78.4,639.5
43,816,1,509.0,639.0
43,816,1,264.0,428.5
43,816,0,571.0,639.0
43,816,0,362.0,445.5
43,816,1,372.8,479.5
43,816,0,185.8,507.5
43,816,1,236.2,485.0
43,816,1,237.4,484.8
43,816,1,505.8,464.2
43,816,0,135.4,624.5
43,816,1,235.4,483.5
43,816,0,362.5,448.5
43,816,1,5.7,639.5
43,816,0,219.8,487.5
43,816,0,394.5,527.0
43,816,0,251.5,442.0
43,816,0,353.8,436.5
43,817,1,236.8,483.5
43,817,1,77.9,640.0
43,817,0,363.8,446.2
43,817,1,373.5,476.5
43,817,0,187.0,580.0
43,817,0,573.0,639.5
43,817,1,265.5,431.0
43,817,0,221.0,482.0
43,817,0,364.8,448.0
43,817,0,186.8,505.2
43,817,0,253.0,453.0
43,817,0,380.8,480.5
43,817,1,349.2,427.0
43,817,1,238.5,484.8
43,818,1,232.9,485.0
43,818,0,181.1,577.0
43,818,1,262.0,429.0
43,818,0,359.5,442.2
43,818,0,573.5,640.0
43,818,1,370.0,475.5
43,818,0,377.0,479.5
43,818,0,360.5,444.5
43,818,1,507.5,458.8
43,818,0,216.5,485.0
43,818,1,463.5,639.0
43,818,0,358.5,437.0
43,818,0,249.2,449.0
43,818,0,181.5,555.0
43,818,1,345.0,421.5
43,818,0,378.0,483.0
43,819,0,584.0,640.0
43,819,1,265.0,426.5
43,819,1,516.5,639.0
43,819,0,183.6,576.5
43,819,0,364.2,441.0
43,819,1,373.2,471.2
43,819,1,237.5,478.5
43,819,0,398.2,522.0
43,819,1,514.9,457.8
43,819,0,219.4,481.2
43,819,0,394.0,449.0
43,819,0,252.2,443.5
43,819,0,380.8,453.8
43,819,1,235.9,479.5
43,819,0,357.0,432.5
43,819,1,68.4,640.0
43,819,0,228.9,484.0
43,819,0,394.8,447.8
43,820,1,264.0,425.0
43,820,0,585.5,640.0
43,820,0,181.2,580.0
43,820,1,516.5,639.0
43,820,0,362.5,441.5
43,820,0,217.1,478.5
43,820,1,234.0,482.2
43,820,0,362.8,442.5
43,820,1,513.9,458.5
43,820,0,363.0,442.8
43,820,0,395.2,520.0
43,820,0,240.4,468.0
43,820,1,372.2,474.5
43,821,1,265.0,426.5
43,821,1,522.0,640.0
43,821,0,364.8,443.5
43,821,0,423.0,564.0
43,821,1,518.5,463.0
43,821,1,373.5,470.8
43,821,0,182.0,536.0
43,821,1,237.8,478.2
43,821,1,58.9,478.0
43,821,0,181.9,578.0
43,821,0,252.2,448.8
43,821,0,395.5,453.2
43,821,0,228.8,482.5
43,821,0,218.6,481.5
43,821,1,62.8,619.0
43,821,0,357.2,433.5
43,822,1,264.5,427.5
43,822,1,56.2,640.0
43,822,1,524.5,639.5
43,822,0,364.2,445.5
43,822,0,423.5,567.0
43,822,0,601.0,639.0
43,822,1,520.0,468.5
43,822,1,373.0,477.0
43,822,0,217.0,482.0
43,822,0,180.0,519.0
43,822,0,180.0,590.0
43,822,1,234.5,485.8
43,822,1,59.1,640.0
43,822,0,396.0,479.0
43,822,0,395.5,460.0
43,822,1,237.2,481.2
43,822,0,240.5,468.5
43,822,1,238.8,481.5
43,822,0,228.2,485.2
43,823,1,236.9,488.5
43,823,1,529.0,639.5
43,823,1,56.9,640.0
43,823,1,266.5,428.8
43,823,1,375.5,474.0
43,823,0,385.0,485.5
43,823,0,182.1,571.0
43,823,0,366.5,447.5
43,823,0,476.0,625.5
43,823,0,367.0,447.5
43,823,0,253.4,452.0
43,823,0,399.5,504.0
43,823,0,426.5,568.0
43,823,0,398.2,483.5
43,823,0,607.5,639.5
43,823,0,229.4,494.0
43,824,1,54.0,638.5
43,824,1,265.0,428.5
43,824,1,529.0,639.5
43,824,0,424.5,569.0
43,824,0,365.0,447.2
43,824,1,375.0,470.5
43,824,0,217.5,481.0
43,824,0,398.0,524.0
43,824,0,608.0,639.0
43,824,0,179.8,590.5
43,824,0,397.5,490.8
43,824,1,234.9,485.0
43,824,1,527.5,464.5
43,824,0,475.5,636.0
43,824,0,240.8,471.0
43,824,1,237.2,480.5
43,824,1,375.0,472.5
43,824,1,525.0,465.5
43,824,0,179.9,546.0
43,824,0,251.8,455.5
43,824,0,252.0,442.5
43,824,0,357.0,434.5
43,825,1,51.7,638.0
43,825,1,534.0,640.0
43,825,0,618.0,640.0
43,825,0,479.0,638.0
43,825,0,180.2,596.0
43,825,1,235.8,490.8
43,825,0,385.0,487.5
43,825,1,376.5,475.2
43,825,1,266.5,428.5
43,825,1,237.0,491.0
43,825,0,366.5,449.5
43,825,0,367.0,450.8
43,825,1,532.0,474.2
43,825,0,253.0,455.5
43,825,0,253.0,448.5
43,825,0,218.2,486.5
43,825,0,228.4,493.5
43,825,0,121.8,640.0
43,825,0,241.8,471.0
43,825,0,399.0,486.2
43,825,1,234.8,495.5
43,826,1,45.1,639.0
43,826,1,264.5,428.5
43,826,0,176.6,527.5
43,826,1,375.0,474.0
43,826,0,365.0,448.0
43,826,0,116.6,640.0
43,826,1,233.8,487.5
43,826,1,375.5,475.5
43,826,0,227.0,489.2
43,826,0,365.5,448.5
43,826,0,426.5,572.5
43,826,0,240.4,471.0
43,826,0,399.0,524.0
43,826,0,214.6,484.0
43,826,0,384.5,489.0
43,826,0,479.0,640.0
43,826,0,398.5,492.0
43,827,1,42.6,639.0
43,827,1,266.0,427.8
43,827,0,178.2,594.0
43,827,1,376.8,475.5
43,827,1,540.5,479.0
43,827,0,385.5,484.5
43,827,1,236.8,482.5
43,827,0,367.0,447.5
43,827,1,235.1,485.5
43,827,0,252.5,455.0
43,827,0,117.0,639.5
43,827,0,252.2,450.0
43,827,0,367.5,448.0
43,827,0,216.5,482.5
43,827,0,178.2,522.0
43,827,0,240.8,471.5
43,828,0,112.2,640.0
43,828,1,376.8,475.0
43,828,1,265.8,428.8
43,828,0,240.5,471.5
43,828,1,233.6,488.0
43,828,0,386.0,488.5
43,828,0,227.8,489.0
43,828,1,545.5,639.5
43,828,0,367.0,447.8
43,828,0,215.2,482.2
43,828,1,37.5,638.0
43,828,0,175.9,597.0
43,828,0,252.1,456.5
43,828,0,252.0,457.0
43,828,0,175.5,530.0
43,828,0,252.2,456.5
43,828,1,545.0,480.5
43,828,0,367.0,450.8
43,828,0,252.1,443.0
43,829,0,112.6,640.0
43,829,1,553.0,640.0
43,829,1,267.2,430.5
43,829,0,176.5,532.5
43,829,1,235.8,493.0
43,829,1,550.0,487.5
43,829,0,369.0,451.5
43,829,0,253.6,460.0
43,829,0,405.2,540.5
43,829,0,242.6,475.0
43,830,1,554.0,640.0
43,830,0,173.5,539.5
43,830,1,266.5,434.0
43,830,0,240.8,480.5
43,830,1,26.5,640.0
43,830,0,369.0,453.0
43,830,0,252.8,463.0
43,830,1,380.2,488.5
43,830,1,234.2,496.5
43,830,0,214.2,486.5
43,830,1,25.3,471.0
43,830,0,107.4,640.0
43,830,0,227.8,497.5
43,830,0,252.5,459.5
43,831,1,557.5,639.5
43,831,1,21.7,640.0
43,831,0,240.5,483.0
43,831,0,172.9,539.0
43,831,0,227.5,495.2
43,831,0,252.5,463.0
43,831,1,554.0,493.0
43,831,0,106.9,640.0
43,831,1,266.5,434.5
43,831,0,368.5,455.5
43,831,1,380.5,486.5
43,831,0,492.0,634.5
43,831,0,213.2,487.0
43,831,0,252.5,460.2
43,831,1,234.9,496.0
43,831,0,173.5,587.5
43,831,1,238.9,489.5
43,832,1,561.5,639.5
43,832,1,17.7,639.0
43,832,0,104.0,640.0
43,832,1,558.0,492.8
43,832,0,171.5,615.0
43,832,1,267.0,434.5
43,832,0,240.8,482.5
43,832,0,252.9,463.0
43,832,0,369.5,451.0
43,832,0,494.0,639.0
43,832,0,227.4,501.5
43,832,0,213.5,486.0
43,832,0,252.8,459.0
43,832,0,359.5,439.2
43,832,1,234.2,499.5
43,832,1,380.5,489.0
43,832,1,18.8,640.0
43,833,1,12.9,639.5
43,833,1,567.0,639.5
43,833,1,265.8,437.5
43,833,0,169.8,620.5
43,833,1,233.4,501.2
43,833,0,369.0,455.8
43,833,0,100.8,639.0
43,833,0,240.4,484.0
43,833,0,212.2,487.5
43,833,1,380.2,487.5
43,833,0,359.5,443.8
43,833,0,226.5,501.5
43,833,0,358.5,442.5
43,833,0,251.8,467.8
43,833,0,251.8,467.0
43,833,0,170.2,537.5
43,834,1,572.0,640.0
43,834,1,10.4,640.0
43,834,1,267.2,434.0
43,834,0,370.8,455.0
43,834,0,240.5,484.0
43,834,0,169.9,531.5
43,834,0,438.8,599.0
43,834,0,391.0,498.0
43,834,0,253.0,463.0
43,834,0,213.0,486.5
43,834,1,234.2,498.0
43,834,1,382.0,488.0
43,834,0,253.2,457.5
43,834,1,571.5,504.0
43,834,0,227.0,499.0
43,834,1,409.0,547.0
43,834,0,169.6,611.0
43,835,1,572.0,640.0
43,835,1,232.6,495.5
43,835,1,265.0,435.5
43,835,0,437.2,603.0
43,835,0,499.2,640.0
43,835,0,166.4,537.5
43,835,0,368.5,457.5
43,835,0,406.0,550.5
43,835,1,380.2,489.0
43,835,1,6.7,640.0
43,835,1,6.3,640.0
43,835,1,92.8,640.0
43,835,0,250.5,452.5
43,835,0,250.2,463.5
43,835,1,570.0,506.2
43,835,0,209.9,490.5
43,835,0,359.2,444.8
43,836,1,581.5,639.5
43,836,0,372.0,459.5
43,836,1,267.5,434.5
43,836,0,240.6,482.5
43,836,1,5.9,640.0
43,836,1,580.5,512.5
43,836,1,233.8,500.5
43,836,0,505.0,639.0
43,836,0,410.2,550.5
43,836,0,168.2,533.0
43,836,1,93.4,640.0
43,836,0,253.1,464.5
43,836,0,442.5,608.0
43,836,1,382.8,486.5
43,836,0,253.2,461.0
43,836,0,226.8,500.8
43,836,0,392.2,498.5
43,836,1,382.5,489.0
43,836,1,6.8,616.5
43,836,0,168.1,622.0
43,836,0,212.5,487.0
43,836,0,240.2,483.0
43,837,1,264.0,438.0
43,837,0,504.5,639.5
43,837,1,584.0,639.5
43,837,1,582.5,516.5
43,837,1,229.5,499.8
43,837,0,440.0,608.0
43,837,0,368.8,459.0
43,837,0,249.5,463.2
43,837,0,86.8,640.0
43,837,1,229.8,500.0
43,838,0,508.2,639.0
43,838,1,232.4,499.5
43,838,1,266.0,435.2
43,838,1,590.0,639.5
43,838,0,370.5,460.0
43,838,1,588.0,516.5
43,838,0,391.8,503.2
43,838,0,443.5,608.0
43,838,1,382.0,492.0
43,838,0,370.0,459.0
43,838,0,360.0,445.5
43,838,0,209.8,489.0
43,839,1,596.0,639.5
43,839,1,233.0,500.5
43,839,1,596.0,521.0
43,839,0,373.0,460.0
43,839,1,267.5,434.5
43,839,1,86.4,640.0
43,839,0,252.5,463.0
43,839,0,240.4,485.0
43,839,0,445.5,608.5
43,839,0,512.0,639.5
43,839,0,412.5,553.0
43,839,0,393.0,500.0
43,839,0,225.9,499.2
43,839,0,393.0,504.5
43,840,1,600.0,640.0
43,840,1,598.0,519.0
43,840,1,232.9,499.0
43,840,0,514.1,639.0
43,840,0,372.5,460.0
43,840,1,267.0,436.5
43,840,0,393.0,496.5
43,840,0,240.2,484.0
43,840,0,252.0,464.0
43,840,1,84.9,639.5
43,840,0,252.0,465.0
43,840,0,252.0,450.5
43,841,1,607.0,524.0
43,841,1,609.0,639.5
43,841,1,270.0,436.5
43,841,1,82.6,640.0
43,841,0,227.9,497.5
43,841,0,242.1,483.8
43,841,0,520.0,640.0
43,841,0,375.2,453.5
43,841,0,212.0,485.0
43,841,1,235.6,494.2
43,841,0,254.5,444.5
43,842,1,612.5,639.0
43,842,1,610.0,525.5
43,842,0,521.1,640.0
43,842,1,233.0,501.8
43,842,1,267.5,436.5
43,842,0,240.5,486.0
43,842,0,252.9,466.5
43,842,0,374.0,460.0
43,842,0,373.5,454.5
43,842,0,395.5,501.8
43,842,1,267.2,438.0
43,842,1,356.5,433.5
43,843,0,525.0,639.0
43,843,1,618.5,526.5
43,843,1,269.8,435.5
43,843,1,621.0,640.0
43,843,0,74.2,640.0
43,843,0,241.0,484.5
43,843,0,254.2,465.0
43,843,1,233.9,504.0
43,843,1,269.0,436.5
43,843,0,376.0,457.0
43,843,0,452.5,617.0
43,843,0,161.2,553.0
43,843,0,254.2,456.0
43,843,0,375.5,451.5
43,843,0,225.6,500.0
43,844,0,524.0,639.0
43,844,0,70.6,639.5
43,844,1,232.6,502.5
43,844,1,619.5,528.0
43,844,1,268.0,436.5
43,844,0,240.5,485.0
43,844,0,252.6,463.5
43,844,0,374.5,459.0
43,844,1,623.0,640.0
43,844,0,451.5,615.5
43,844,0,374.0,459.5
43,845,1,630.0,531.5
43,845,0,532.0,640.0
43,845,0,456.8,621.5
43,845,1,270.5,434.5
43,845,0,377.5,456.5
43,845,0,241.8,482.0
43,845,0,377.5,457.5
43,845,1,389.5,490.8
43,845,0,376.5,458.0
43,845,1,234.8,503.0
43,845,0,226.6,503.2
43,845,1,633.0,639.5
43,845,0,241.2,484.5
43,845,0,254.8,448.5
43,845,0,400.5,504.5
43,845,1,269.8,436.2
43,845,0,70.1,639.0
43,845,1,360.0,432.0
43,846,1,633.0,535.0
43,846,1,232.2,500.5
43,846,0,61.8,640.0
43,846,1,62.7,640.0
43,846,1,268.0,433.8
43,846,1,268.0,434.5
43,846,0,252.5,453.0
43,846,0,240.5,481.8
43,846,0,376.0,454.2
43,846,0,397.5,489.8
43,846,0,252.8,464.8
43,846,0,398.8,505.5
43,846,0,375.0,449.8
43,846,0,155.2,553.0
43,846,0,122.2,215.0
43,846,0,375.5,457.8
43,847,1,63.0,640.0
43,847,1,233.0,502.0
43,847,1,269.0,432.8
43,847,0,240.6,486.0
43,847,0,253.5,441.2
43,847,0,376.5,454.5
43,847,0,537.0,640.0
43,847,1,389.0,490.0
43,847,0,421.0,558.0
43,847,0,253.5,462.5
43,847,0,458.5,616.0
43,847,1,359.5,430.2
43,847,0,400.5,504.5
43,848,1,390.5,490.0
43,848,0,402.5,504.0
43,848,1,63.3,640.0
43,848,0,379.0,452.5
43,848,0,242.2,480.8
43,848,1,75.6,511.0
43,848,0,540.0,639.0
43,848,1,272.5,433.5
43,848,0,423.2,558.0
43,848,1,235.0,502.8
43,848,0,61.4,640.0
43,848,0,379.5,455.0
43,848,0,226.9,503.0
43,848,0,368.5,439.0
43,848,0,461.2,617.0
43,849,1,231.9,500.2
43,849,1,269.0,434.0
43,849,0,152.8,639.0
43,849,0,252.5,452.5
43,849,0,52.2,640.0
43,849,0,240.5,482.5
43,849,0,540.0,639.0
43,849,1,268.2,434.5
43,849,1,389.0,490.5
43,849,0,252.8,465.2
43,849,0,400.5,503.2
43,849,0,376.5,452.5
43,849,0,459.5,617.0
43,849,0,9.4,637.0
43,849,0,54.8,640.0
43,849,0,376.8,455.8
43,850,0,402.8,502.0
43,850,1,271.0,431.5
43,850,1,390.5,489.0
43,850,0,56.0,639.5
43,850,0,379.5,451.0
43,850,1,73.6,518.5
43,850,1,233.8,502.5
43,850,0,241.0,482.5
43,850,0,11.4,638.0
43,850,0,424.2,560.0
43,850,0,226.0,497.5
43,850,0,254.8,451.5
43,850,1,270.5,433.0
43,850,0,463.5,626.0
43,850,0,254.8,462.2
43,850,0,369.5,439.5
43,850,0,241.6,481.5
43,851,1,232.8,503.0
43,851,1,270.0,433.5
43,851,0,44.6,640.0
43,851,1,390.5,488.0
43,851,0,240.5,487.8
43,851,0,402.8,506.0
43,851,0,378.5,456.5
43,851,0,253.8,465.0
43,851,0,254.0,460.0
43,851,0,48.6,640.0
43,851,1,424.5,562.5
43,851,1,553.0,479.8
43,851,0,378.8,457.5
43,852,0,36.3,640.0
43,852,1,233.0,509.2
43,852,0,240.8,489.0
43,852,0,380.8,454.5
43,852,0,254.6,467.5
43,852,0,381.2,459.0
43,852,1,392.5,494.8
43,852,0,254.6,453.8
43,852,0,370.5,443.0
43,852,1,272.8,436.0
43,852,0,404.5,507.0
43,852,0,254.4,441.5
43,853,0,28.4,639.5
43,853,1,229.0,511.0
43,853,1,267.5,439.0
43,853,0,237.1,489.2
43,853,0,251.2,461.8
43,853,1,66.8,528.0
43,853,0,401.5,509.0
43,853,0,377.0,459.0
43,853,0,377.0,460.0
43,853,0,251.0,471.0
43,853,1,390.0,493.5
43,853,0,376.0,458.5
43,853,1,359.5,432.0
43,853,1,423.2,568.0
43,854,0,28.1,639.5
43,854,1,267.0,439.0
43,854,1,228.4,513.0
43,854,1,389.0,494.8
43,854,0,236.8,494.5
43,854,0,376.5,461.0
43,854,0,144.2,639.5
43,854,0,250.5,469.0
43,854,0,249.6,450.2
43,854,0,401.5,511.0
43,854,1,65.1,529.5
43,854,0,376.5,462.0
43,854,1,225.6,351.0
43,854,0,250.4,474.2
43,855,0,27.8,639.5
43,855,1,232.0,511.0
43,855,1,271.0,440.5
43,855,0,240.2,496.0
43,855,0,381.0,459.0
43,855,1,394.0,498.8
43,855,0,564.0,639.5
43,855,1,272.0,438.0
43,855,0,254.2,460.0
43,855,0,381.5,463.5
43,855,0,254.2,471.0
43,855,0,405.2,504.5
43,855,0,201.5,587.0
43,856,1,268.2,440.0
43,856,1,229.0,510.0
43,856,0,379.0,462.0
43,856,0,237.2,491.5
43,856,1,558.0,471.8
43,856,0,251.4,473.5
43,856,1,392.0,499.5
43,856,0,403.5,512.0
43,856,0,368.8,447.2
43,856,0,18.9,640.0
43,856,1,25.9,639.5
43,856,0,251.5,474.0
43,856,1,64.2,528.5
43,856,0,251.4,456.0
43,856,0,404.5,516.0
43,857,1,229.5,510.0
43,857,0,252.5,466.5
43,857,1,561.0,484.0
43,857,1,269.5,436.2
43,857,0,469.5,572.5
43,857,0,238.2,488.5
43,857,0,380.5,461.5
43,857,0,12.9,640.0
43,857,0,381.0,462.0
43,857,0,222.0,492.2
43,857,0,369.5,447.0
43,857,0,252.1,450.0
43,857,0,405.0,504.0
43,857,0,380.5,451.2
43,857,1,394.5,497.5
43,857,1,269.0,437.5
43,857,0,252.8,472.5
43,857,0,121.9,205.2
43,858,1,562.0,483.0
43,858,1,269.0,437.0
43,858,1,228.8,511.5
43,858,0,380.5,458.5
43,858,0,251.5,470.0
43,858,0,470.8,578.5
43,858,1,394.0,495.0
43,858,1,268.2,438.0
43,858,0,237.5,489.2
43,858,0,404.5,493.0
43,858,0,5.7,640.0
43,858,0,405.5,509.0
43,858,0,577.0,638.0
43,858,0,369.2,443.2
43,858,0,260.8,436.8
43,858,0,251.5,458.0
43,859,1,267.5,435.5
43,859,1,562.0,454.0
43,859,0,379.8,458.2
43,859,0,580.5,639.5
43,859,1,225.5,342.5
43,859,0,250.5,470.5
43,859,1,228.2,511.5
43,859,0,404.5,505.0
43,859,0,368.5,442.0
43,859,1,392.5,498.0
43,859,0,249.9,452.5
43,859,0,235.8,491.2
43,859,1,229.2,511.0
43,859,0,259.8,434.0
43,860,0,584.5,639.0
43,860,1,268.0,434.0
43,860,1,225.2,343.0
43,860,1,563.5,453.5
43,860,1,228.2,510.5
43,860,0,406.2,513.5
43,860,0,250.4,453.0
43,860,0,250.8,468.5
43,860,0,380.2,459.5
43,860,0,582.0,619.0
43,860,1,394.5,498.5
43,860,0,236.2,490.0
43,860,1,228.8,511.0
43,860,0,381.0,460.0
43,860,0,260.2,437.5
43,860,0,369.5,442.0
43,860,0,405.5,505.0
43,861,1,268.5,435.0
43,861,0,589.5,634.0
43,861,0,236.4,490.5
43,861,0,407.5,514.5
43,861,0,251.0,467.0
43,861,0,381.0,460.0
43,861,1,228.1,510.5
43,861,0,382.0,459.8
43,861,1,229.5,511.5
43,861,0,260.5,438.5
43,861,0,381.0,442.2
43,862,1,267.0,433.0
43,862,0,249.2,466.2
43,862,0,591.0,638.0
43,862,0,130.1,611.0
43,862,1,394.0,494.8
43,862,0,379.5,457.8
43,862,0,233.8,491.0
43,862,1,224.8,339.5
43,862,0,405.5,512.5
43,862,0,216.6,520.5
43,862,0,369.0,441.0
43,862,1,225.6,510.5
43,862,1,360.5,429.8
43,863,1,271.0,433.0
43,863,1,571.5,483.0
43,863,0,253.0,459.0
43,863,1,228.9,507.5
43,863,1,398.0,502.0
43,863,0,383.8,454.5
43,863,0,604.0,635.5
43,863,0,373.0,438.0
43,863,0,382.8,447.0
43,863,0,384.5,456.8
43,863,0,220.8,505.0
43,863,0,238.5,482.0
43,863,1,364.0,428.0
43,863,0,263.5,437.0
43,863,0,601.0,630.5
43,864,0,248.2,464.0
43,864,1,266.0,430.5
43,864,0,125.6,611.5
43,864,0,603.0,631.0
43,864,0,406.5,513.5
43,864,0,379.5,457.0
43,864,1,394.5,496.8
43,864,0,368.5,439.0
43,864,0,214.2,526.0
43,864,1,359.8,427.5
43,864,0,188.5,588.0
43,864,0,258.1,435.5
43,864,1,395.5,498.5
43,865,1,268.0,428.8
43,865,0,250.2,463.0
43,865,0,234.2,490.0
43,865,0,381.2,455.5
43,865,0,608.0,633.0
43,865,0,259.5,432.0
43,865,0,382.5,456.2
43,865,0,216.2,521.0
43,865,0,126.5,610.0
43,865,0,249.2,451.0
43,865,1,613.0,640.0
43,865,0,382.2,456.2
43,865,0,613.0,637.5
43,865,0,233.8,492.5
43,865,1,361.8,426.0
43,865,0,409.2,512.0
43,866,0,615.5,638.0
43,866,0,249.1,461.0
43,866,1,267.5,428.5
43,866,0,258.9,430.5
43,866,0,233.8,492.2
43,866,0,381.2,454.5
43,866,0,233.0,492.0
43,866,0,381.5,435.0
43,866,0,382.2,455.8
43,866,1,397.5,503.0
43,866,0,382.2,455.5
43,866,0,369.5,431.0
43,867,0,622.0,640.0
43,867,1,269.0,428.5
43,867,0,250.8,464.0
43,867,1,397.8,495.5
43,867,0,383.0,443.0
43,867,0,216.4,521.0
43,867,0,234.5,491.0
43,867,1,268.5,429.0
43,867,0,383.5,455.5
43,867,0,188.6,594.0
43,867,0,249.6,452.0
43,867,0,412.2,511.5
43,867,0,260.5,433.0
43,867,0,371.0,434.8
43,867,1,363.5,426.2
43,867,0,372.5,436.5
43,868,0,249.9,462.5
43,868,1,398.0,493.5
43,868,1,268.0,426.8
43,868,0,624.0,640.0
43,868,0,234.2,491.5
43,868,0,382.5,447.5
43,868,0,627.0,639.0
43,868,1,268.0,428.0
43,868,1,344.5,299.2
43,868,0,259.8,430.0
43,868,0,249.2,448.5
43,868,0,383.5,456.0
43,868,1,363.5,424.5
43,868,0,488.5,591.0
43,868,0,370.8,432.0
43,868,0,233.5,494.5
43,868,0,411.8,507.5
43,868,0,216.0,519.5
43,869,0,248.2,465.5
43,869,1,267.0,428.5
43,869,0,382.2,447.5
43,869,1,398.0,499.5
43,869,0,630.5,639.0
43,869,0,214.0,490.5
43,869,0,635.0,640.0
43,869,1,362.0,426.0
43,869,0,637.0,639.0
43,869,1,220.5,334.5
43,870,0,114.6,628.0
43,870,1,267.8,431.0
43,870,0,635.0,640.0
43,870,0,248.5,465.8
43,870,0,213.5,498.5
43,870,0,259.0,435.5
43,870,0,383.0,451.0
43,870,1,577.0,442.2
43,870,0,383.8,459.0
43,870,1,398.2,499.0
43,870,1,223.0,514.5
43,870,0,632.0,496.0
43,870,0,413.0,515.0
43,870,1,221.2,335.5
43,870,0,372.5,438.2
43,871,1,266.5,430.5
43,871,0,247.2,470.0
43,871,0,182.6,611.0
43,871,0,382.2,456.2
43,871,0,493.5,590.0
43,871,1,398.0,500.0
43,871,1,577.0,439.5
43,871,0,246.6,439.5
43,871,0,635.0,443.5
43,871,1,221.4,514.5
43,871,0,211.8,510.5
43,871,0,247.1,471.0
43,871,0,370.2,437.5
43,871,0,412.8,518.0
43,871,0,371.5,440.0
43,871,0,383.5,461.0
43,871,1,362.0,428.8
43,872,1,268.0,431.8
43,872,0,248.5,468.0
43,872,0,213.0,506.5
43,872,0,259.1,436.0
43,872,1,400.2,503.5
43,872,0,212.8,525.0
43,872,1,222.8,518.5
43,872,1,363.5,428.5
43,872,0,384.5,459.0
43,872,1,580.0,441.2
43,872,0,109.8,632.0
43,872,0,372.8,438.0
43,872,0,183.0,609.0
43,873,1,264.5,433.5
43,873,1,219.2,516.5
43,873,1,216.9,336.5
43,873,0,245.1,467.0
43,873,0,381.5,460.2
43,873,1,397.5,500.2
43,873,0,381.2,442.0
43,873,0,382.5,460.0
43,873,0,229.5,495.5
43,873,0,195.2,462.0
43,873,0,369.5,440.0
43,873,0,208.5,507.5
43,873,0,228.8,502.0
43,874,1,404.0,506.5
43,874,1,269.5,430.2
43,874,0,250.0,468.8
43,874,0,213.9,519.5
43,874,1,269.0,432.0
43,874,0,374.0,437.5
43,874,0,387.5,454.5
43,874,1,270.5,432.0
43,874,0,234.6,500.8
43,874,0,260.5,435.5
43,874,0,212.8,527.0
43,874,0,376.0,439.5
43,874,1,220.8,335.5
43,874,0,249.4,450.5
43,874,0,182.2,614.0
43,875,1,265.5,431.0
43,875,1,219.0,513.5
43,875,1,216.5,334.5
43,875,0,245.8,463.8
43,875,0,175.6,615.0
43,875,0,383.0,453.0
43,875,1,399.0,503.0
43,875,0,208.0,498.5
43,875,0,194.2,461.2
43,875,0,229.5,496.5
43,875,0,245.8,469.5
43,875,0,413.8,514.5
43,875,0,371.0,438.5
43,875,0,228.8,502.0
43,875,0,384.2,460.0
43,875,0,396.5,502.0
43,876,1,404.5,505.0
43,876,0,248.4,467.0
43,876,1,268.8,429.0
43,876,0,260.0,435.2
43,876,1,221.4,516.0
43,876,0,387.2,456.0
43,876,0,374.0,438.0
43,876,1,404.8,504.0
43,876,1,344.8,298.0
43,876,0,376.0,438.5
43,877,0,247.1,472.5
43,877,1,404.0,507.8
43,877,1,267.5,429.5
43,877,1,219.8,514.0
43,877,1,216.8,333.0
43,877,0,258.6,435.5
43,877,0,208.6,506.5
43,877,0,387.0,459.5
43,877,1,365.5,427.0
43,877,1,591.0,463.5
43,877,0,373.0,427.5
43,877,0,230.0,495.5
43,877,1,343.5,299.5
43,878,1,598.0,481.5
43,878,1,269.2,436.0
43,878,0,248.6,477.5
43,878,0,388.5,465.0
43,878,0,260.0,440.2
43,878,1,217.5,337.5
43,878,1,221.0,528.0
43,878,0,376.5,441.5
43,878,0,422.0,530.0
43,878,1,407.5,517.5
43,878,0,378.5,446.5
43,878,0,194.9,472.2
43,878,0,209.8,513.5
43,879,1,216.5,529.0
43,879,0,245.1,480.0
43,879,1,405.5,518.0
43,879,1,596.5,503.0
43,879,0,226.4,510.5
43,879,1,213.4,340.5
43,879,1,265.0,439.5
43,879,0,205.6,523.0
43,879,1,266.2,439.5
43,879,0,226.1,492.0
43,879,1,365.0,435.0
43,879,0,387.5,468.2
43,879,0,374.0,446.8
43,879,1,30.2,516.5
43,879,0,373.0,439.0
43,880,1,264.0,439.0
43,880,1,213.8,529.5
43,880,1,405.5,518.5
43,880,0,243.5,483.0
43,880,1,265.0,434.5
43,880,1,22.4,545.0
43,880,0,201.8,514.0
43,880,1,364.0,433.2
43,880,0,373.0,437.5
43,880,0,385.2,457.0
43,881,1,216.5,531.0
43,881,0,246.4,475.8
43,881,1,267.8,434.2
43,881,0,205.0,529.0
43,881,1,411.0,519.0
43,881,0,390.2,450.2
43,881,0,226.5,483.8
43,881,0,258.0,440.5
43,881,0,226.2,508.0
43,881,0,379.0,446.0
43,882,1,213.0,540.0
43,882,0,200.2,552.0
43,882,0,244.2,485.0
43,882,1,266.8,442.5
43,882,0,376.5,448.8
43,882,0,389.5,465.0
43,882,1,265.5,444.2
43,882,1,36.8,639.0
43,882,1,209.0,339.0
43,882,0,378.0,449.2
43,882,1,411.5,519.0
43,882,0,389.0,450.5
43,882,0,255.6,448.8
43,883,0,199.2,567.0
43,883,0,242.5,486.5
43,883,1,264.0,442.0
43,883,0,376.0,450.0
43,883,1,211.0,542.5
43,883,0,389.0,459.0
43,883,1,10.8,528.0
43,883,0,198.1,549.0
43,883,1,46.0,640.0
43,883,0,254.5,445.0
43,883,1,265.5,440.5
43,884,1,37.2,639.5
43,884,1,6.7,522.5
43,884,0,390.0,464.0
43,884,0,243.5,489.5
43,884,1,210.5,552.0
43,884,1,266.5,444.5
43,884,1,265.5,445.5
43,884,0,197.8,566.5
43,884,0,379.0,454.5
43,884,1,208.8,340.2
43,884,1,414.5,532.5
43,884,1,346.5,312.2
43,884,0,197.8,542.0
43,884,0,255.4,451.5
43,884,0,377.0,449.5
43,885,1,267.0,443.0
43,885,0,244.0,488.5
43,885,0,393.5,471.0
43,885,1,210.6,550.5
43,885,0,394.8,470.0
43,885,0,574.0,640.0
43,885,0,197.2,536.5
43,885,0,197.5,565.0
43,885,1,624.0,519.5
43,885,0,380.2,455.0
43,885,1,208.8,338.0
43,885,0,380.0,449.0
43,885,1,4.5,508.5
43,885,0,408.0,483.5
43,885,1,591.5,497.5
43,885,0,243.8,476.5
43,885,0,412.0,533.0
43,886,1,264.0,448.0
43,886,1,205.8,551.5
43,886,0,390.0,477.0
43,886,0,253.0,449.5
43,886,0,239.5,492.5
43,886,0,377.2,458.5
43,886,1,584.0,639.5
43,886,0,378.5,461.5
43,886,1,623.0,527.5
43,886,1,367.5,445.0
43,886,1,205.0,340.5
43,886,1,346.0,311.0
43,887,0,594.0,639.5
43,887,1,205.2,556.5
43,887,1,263.5,450.5
43,887,0,392.8,475.0
43,887,1,202.5,344.2
43,887,0,239.2,497.2
43,887,1,264.8,447.0
43,887,0,379.0,459.0
43,887,0,191.2,543.0
43,887,0,379.5,461.5
43,887,0,12.9,622.0
43,887,0,238.9,478.5
43,887,0,253.0,454.5
43,887,1,346.5,313.0
43,888,1,264.5,447.0
43,888,0,602.0,639.5
43,888,1,204.5,555.5
43,888,1,201.0,342.0
43,888,0,253.1,452.2
43,888,0,239.5,496.8
43,888,1,419.5,544.0
43,888,1,635.0,484.0
43,888,0,394.5,475.5
43,888,0,239.1,481.5
43,888,0,380.2,456.2
43,888,1,347.5,312.0
43,888,0,189.9,524.0
43,889,1,202.0,559.0
43,889,1,264.0,446.8
43,889,1,421.0,543.5
43,889,0,617.0,639.0
43,889,0,238.6,485.0
43,889,0,252.9,451.5
43,889,0,395.8,473.0
43,889,0,380.5,458.0
43,889,0,214.9,495.5
43,889,0,215.5,504.5
43,889,0,380.5,452.5
43,889,1,347.0,307.5
43,889,1,370.2,443.8
43,890,1,201.2,563.5
43,890,1,264.5,448.5
43,890,0,253.0,456.5
43,890,0,381.5,448.5
43,890,0,238.5,467.0
43,890,0,397.2,471.8
43,890,1,424.5,550.0
43,890,0,214.5,501.0
43,890,0,238.8,487.5
43,890,1,347.0,311.5
43,890,1,198.5,343.5
43,890,1,424.0,547.5
43,890,0,382.8,455.2
43,890,0,4.4,494.0
43,891,1,199.5,566.0
43,891,1,264.5,445.5
43,891,0,182.4,584.0
43,891,0,252.6,451.5
43,891,0,238.0,477.8
43,891,1,426.5,547.0
43,891,0,382.2,449.2
43,891,1,196.0,340.0
43,891,0,213.5,512.5
43,891,0,397.8,473.0
43,891,0,238.0,493.8
43,891,1,371.5,438.5
43,891,0,214.0,531.0
43,892,1,197.8,561.5
43,892,1,264.0,443.5
43,892,1,428.8,550.0
43,892,0,237.1,476.5
43,892,0,252.2,455.0
43,892,0,212.5,501.0
43,892,0,213.0,524.5
43,892,0,617.5,476.5
43,892,1,193.4,332.5
43,892,0,415.0,472.0
43,892,0,399.0,465.5
43,892,0,383.8,446.2
43,892,1,373.0,440.0
43,892,1,347.5,300.5
43,892,0,384.5,455.5
43,893,1,193.0,323.0
43,893,1,264.0,438.2
43,893,1,431.5,550.5
43,893,1,195.8,562.0
43,893,0,251.8,446.8
43,893,0,236.5,470.5
43,893,1,265.0,433.5
43,893,0,211.0,520.5
43,893,0,210.8,489.5
43,893,0,117.4,185.0
43,893,0,385.0,452.0
43,893,1,373.0,436.5
43,894,1,264.0,439.0
43,894,1,433.0,549.5
43,894,1,191.8,323.2
43,894,0,402.0,471.0
43,894,0,385.5,452.0
43,894,1,265.0,432.0
43,894,0,251.0,451.0
43,894,1,193.0,563.5
43,894,0,208.6,487.8
43,894,0,424.8,548.5
43,894,0,235.5,478.0
43,895,1,264.0,442.5
43,895,1,434.5,560.0
43,895,0,208.2,494.0
43,895,0,404.0,478.5
43,895,0,251.0,452.0
43,895,0,386.0,452.5
43,895,1,375.0,439.2
43,895,0,172.2,605.0
43,895,0,385.0,448.2
43,896,1,435.8,563.5
43,896,1,263.5,441.5
43,896,0,167.5,614.0
43,896,0,233.5,493.0
43,896,0,404.0,474.5
43,896,0,205.8,502.2
43,896,0,421.2,483.5
43,896,1,185.1,332.2
43,896,1,188.8,575.5
43,896,0,249.0,463.2
43,896,0,386.0,450.0
43,897,1,438.5,566.5
43,897,1,263.8,440.0
43,897,0,165.0,592.0
43,897,1,187.5,577.5
43,897,0,404.5,483.0
43,897,0,233.2,487.0
43,897,0,205.0,501.5
43,897,0,387.0,451.0
43,897,1,185.2,327.0
43,897,1,375.5,441.2
43,897,0,249.4,461.2
43,897,0,165.0,618.0
43,897,0,422.2,479.5
43,898,1,183.2,577.0
43,898,1,439.0,566.5
43,898,0,230.5,494.2
43,898,0,404.5,475.5
43,898,1,261.5,439.5
43,898,1,375.0,437.0
43,898,0,201.9,500.0
43,898,0,386.5,448.0
43,898,1,182.0,321.5
43,898,0,230.6,473.0
43,898,0,423.0,469.2
43,898,0,386.0,432.0
43,898,0,247.6,453.5
43,898,0,422.0,457.2
43,899,1,180.9,581.5
43,899,1,442.0,571.0
43,899,1,261.0,438.0
43,899,0,229.9,499.0
43,899,1,178.8,323.2
43,899,0,405.5,488.5
43,899,0,156.5,619.0
43,899,0,199.9,504.8
43,899,0,247.2,459.0
43,899,0,387.8,450.0
43,899,0,387.0,445.0
43,900,1,177.2,584.0
43,900,1,259.8,435.0
43,900,1,444.5,573.5
43,900,0,405.8,486.0
43,900,0,387.0,450.5
43,900,1,174.2,322.0
43,900,0,151.2,612.5
43,900,0,196.8,522.0
43,900,0,227.5,502.0
43,901,1,176.4,587.0
43,901,1,260.5,437.5
43,901,0,149.5,627.5
43,901,0,390.0,451.0
43,901,0,197.2,548.0
43,901,0,196.1,531.0
43,901,0,409.0,489.0
43,901,1,172.9,322.2
43,901,0,474.2,613.0
43,902,1,259.0,436.5
43,902,1,171.5,595.5
43,902,0,409.5,486.0
43,902,1,167.5,321.0
43,902,0,474.0,588.0
43,902,0,389.8,450.0
43,902,0,225.5,492.8
43,902,0,191.6,515.0
43,903,1,259.0,436.5
43,903,1,169.1,603.0
43,903,1,452.0,589.5
43,903,0,390.5,449.0
43,903,0,410.5,487.2
43,903,0,140.0,605.0
43,903,0,13.4,618.0
43,903,0,412.2,485.0
43,903,0,190.8,524.5
43,903,0,389.5,435.0
43,903,0,4.0,615.0
43,904,1,256.5,442.5
43,904,0,409.5,488.5
43,904,1,163.5,608.5
43,904,0,388.8,453.5
43,904,1,159.2,341.0
43,904,1,452.0,594.0
43,904,0,186.0,562.5
43,904,1,375.0,441.0
43,904,0,185.2,521.5
43,904,0,479.5,615.0
43,905,1,258.6,441.8
43,905,1,155.0,325.5
43,905,0,394.5,462.0
43,905,0,184.4,567.5
43,905,1,381.2,444.2
43,905,0,393.8,450.0
43,905,1,636.0,640.0
43,905,0,396.0,469.0
43,905,0,221.5,508.5
43,905,1,463.5,613.0
43,905,0,241.9,460.0
43,905,0,634.0,640.0
43,906,1,155.8,630.5
43,906,1,635.0,640.0
43,906,0,394.0,471.5
43,906,1,256.5,447.0
43,906,1,151.8,321.8
43,906,0,181.4,570.5
43,906,1,461.5,615.0
43,906,0,239.5,467.5
43,906,1,628.5,640.0
43,906,0,218.8,516.0
43,907,1,155.0,635.0
43,907,1,377.8,450.2
43,907,0,393.8,474.5
43,907,1,255.4,451.0
43,907,0,632.5,639.5
43,907,1,461.5,618.5
43,907,1,149.9,320.5
43,907,0,217.8,521.0
43,907,0,413.0,489.0
43,907,0,238.5,464.5
43,907,0,392.2,468.0
43,907,0,180.0,575.0
43,908,1,156.0,633.5
43,908,1,464.8,621.0
43,908,1,257.2,446.2
43,908,0,395.8,473.5
43,908,0,636.0,640.0
43,908,1,151.0,325.5
43,908,0,394.5,468.2
43,908,1,380.5,453.0
43,908,1,380.5,452.0
43,908,0,182.4,567.5
43,909,1,152.0,640.0
43,909,0,394.5,474.5
43,909,1,256.5,450.2
43,909,1,150.0,321.2
43,909,0,216.8,523.5
43,909,1,464.5,627.0
43,909,0,178.0,551.5
43,909,0,237.8,461.5
43,909,1,462.0,631.0
43,910,1,148.8,639.5
43,910,0,395.5,481.0
43,910,1,146.8,328.0
43,910,1,255.2,451.8
43,910,0,215.4,529.0
43,910,0,236.8,461.2
43,910,1,378.8,454.8
43,910,1,379.8,456.5
43,910,0,394.0,475.5
43,910,1,468.8,606.0
43,911,1,145.0,639.5
43,911,0,54.0,620.0
43,911,0,397.0,474.5
43,911,0,420.0,515.5
43,911,0,214.5,535.0
43,911,1,89.5,196.2
43,911,1,381.5,455.5
43,911,1,255.8,454.0
43,911,0,237.0,471.5
43,911,1,139.2,328.0
43,912,1,141.0,639.0
43,912,0,212.8,534.0
43,912,0,398.0,478.0
43,912,0,50.8,632.5
43,912,0,397.2,461.8
43,912,1,255.1,455.5
43,912,1,381.8,454.2
43,912,0,624.0,585.0
43,912,1,236.0,478.2
43,912,0,169.8,603.0
43,912,1,134.5,326.5
43,912,1,507.5,438.8
43,912,0,235.8,483.5
43,912,1,134.8,415.0
43,912,0,420.5,517.5
43,913,1,123.9,640.0
43,913,1,253.0,454.0
43,913,0,207.2,537.0
43,913,1,383.0,449.5
43,913,1,117.9,322.0
43,913,0,159.0,567.0
43,913,1,490.5,609.5
43,914,1,120.9,640.0
43,914,1,251.8,452.2
43,914,0,399.5,467.2
43,914,1,382.5,452.0
43,914,0,34.3,595.0
43,914,0,231.0,478.5
43,914,1,115.8,320.8
43,914,0,155.2,604.0
43,914,0,204.9,536.0
43,914,0,400.0,473.5
43,914,0,155.2,565.0
43,914,1,490.0,613.0
43,914,0,428.5,517.5
43,915,1,111.9,639.0
43,915,0,150.6,595.0
43,915,1,250.9,456.5
43,915,1,500.0,639.5
43,915,0,403.8,490.0
43,915,1,108.2,314.8
43,915,0,468.5,548.0
43,915,0,202.0,543.5
43,915,0,430.0,520.5
43,915,0,230.0,494.5
43,915,0,401.5,484.2
43,916,0,408.0,495.5
43,916,1,251.4,465.5
43,916,0,483.0,591.5
43,916,0,244.5,476.5
43,916,1,518.9,621.0
43,916,0,198.4,557.5
43,916,0,406.8,476.5
43,916,0,3.0,640.0
43,916,0,142.2,593.5
43,916,0,244.5,467.5
43,916,0,229.5,501.0
43,917,0,407.0,497.0
43,917,1,249.1,461.5
43,917,1,87.9,640.0
43,917,0,135.5,618.0
43,917,0,406.0,479.0
43,917,1,18.2,639.0
43,917,1,86.2,313.0
43,917,0,225.5,495.5
43,917,0,109.2,157.8
43,917,0,634.0,511.5
43,918,1,250.0,463.5
43,918,1,82.0,639.5
43,918,0,411.5,497.0
43,918,1,76.7,313.0
43,918,0,133.4,637.0
43,918,1,534.0,633.5
43,918,1,611.0,640.0
43,918,1,389.0,464.0
43,918,0,493.8,595.5
43,918,0,133.1,594.0
43,918,0,629.5,638.0
43,919,1,247.8,465.5
43,919,0,411.2,499.0
43,919,1,71.2,640.0
43,919,0,494.5,562.5
43,919,0,443.5,540.0
43,919,0,125.8,594.0
43,919,0,223.8,501.8
43,919,1,248.0,462.2
43,919,0,493.5,545.0
43,920,1,62.8,639.5
43,920,0,413.5,502.2
43,920,1,247.0,464.0
43,920,0,188.0,566.5
43,920,0,121.6,613.0
43,920,0,222.1,496.8
43,920,0,621.5,639.5
43,920,0,608.0,467.2
43,920,0,411.0,489.0
43,920,0,104.2,144.9
43,920,1,55.4,340.0
43,920,1,56.5,416.8
43,921,1,247.9,465.0
43,921,1,52.4,639.5
43,921,0,186.2,571.5
43,921,1,48.1,308.8
43,921,1,391.5,464.0
43,921,0,222.2,498.5
43,921,0,115.5,613.5
43,921,0,415.0,498.5
43,921,0,413.5,481.5
43,922,1,42.1,640.0
43,922,0,108.8,639.5
43,922,1,37.9,302.0
43,922,1,247.2,465.5
43,922,0,417.8,506.0
43,922,1,392.5,464.0
43,922,0,183.8,576.5
43,922,0,220.2,502.5
43,922,1,565.0,640.0
43,922,1,43.2,480.5
43,922,1,634.0,478.8
43,922,0,416.8,499.0
43,923,1,33.0,640.0
43,923,0,417.5,505.8
43,923,1,245.1,467.2
43,923,0,218.8,507.0
43,923,0,181.1,579.5
43,923,1,21.7,318.0
43,923,0,102.8,638.0
43,923,1,391.5,463.5
43,923,1,571.0,640.0
43,923,0,416.0,494.0
43,923,0,237.0,471.0
43,924,0,419.0,509.5
43,924,1,587.0,639.5
43,924,0,174.5,587.5
43,924,1,9.5,640.0
43,924,1,391.8,466.0
43,924,0,89.5,638.5
43,924,1,242.5,472.5
43,924,1,586.5,640.0
43,924,0,214.5,512.5
43,924,0,234.1,474.2
43,925,1,240.5,479.5
43,925,0,422.0,524.5
43,925,0,167.2,595.5
43,925,1,610.0,639.5
43,925,1,392.5,478.0
43,925,0,231.8,488.5
43,925,1,610.0,589.0
43,925,0,210.8,522.0
43,925,1,610.0,509.0
43,925,0,73.7,640.0
43,925,0,5.0,569.0
43,925,0,231.4,484.2
43,925,0,541.0,640.0
43,925,0,231.8,490.0
43,926,1,629.0,639.5
43,926,0,59.2,639.0
43,926,1,629.5,640.0
43,926,0,422.5,529.0
43,926,1,393.0,484.0
43,926,1,629.0,639.5
43,926,1,237.5,481.5
43,926,0,228.2,476.0
43,926,0,160.8,572.5
43,926,1,237.0,455.0
43,926,0,206.1,519.0
43,927,1,239.8,488.5
43,927,0,41.8,640.0
43,927,1,399.0,491.2
43,927,0,156.8,572.0
43,927,1,72.4,40.2
43,927,1,80.4,494.0
43,927,0,229.6,487.2
43,927,1,75.0,40.2
43,927,0,104.5,154.0
43,928,1,235.5,494.0
43,928,0,102.1,164.6
43,928,1,399.5,497.0
43,928,1,235.5,472.5
43,928,1,594.5,149.5
43,928,0,13.6,639.0
43,929,1,233.4,498.0
43,929,1,400.5,499.5
43,929,0,136.8,590.0
43,929,1,609.0,633.0
43,929,0,436.0,546.5
43,929,1,611.0,140.0
43,929,0,608.0,635.0
43,929,1,613.0,127.6
43,929,1,233.5,456.0
43,929,0,100.7,135.2
43,930,1,231.2,496.5
43,930,1,575.0,487.0
43,930,1,402.0,503.5
43,930,0,131.4,626.0
43,931,1,232.8,509.5
43,931,1,406.2,510.0
43,931,0,634.0,550.5
43,931,0,125.9,612.0
43,931,1,233.6,472.0
43,932,0,112.0,639.5
43,932,1,405.5,520.0
43,932,1,228.1,526.5
43,932,0,183.1,586.0
43,932,1,227.0,495.2
43,933,1,594.0,520.0
43,933,1,408.5,526.5
43,933,0,97.6,640.0
43,933,1,40.2,530.0
43,933,0,175.8,603.0
43,934,1,411.5,527.5
43,934,1,42.5,525.0
43,934,0,178.4,613.0
43,934,1,227.2,527.5
43,934,1,226.2,490.5
43,935,1,410.5,522.5
43,935,1,224.8,485.0
43,935,0,175.0,603.0
43,935,1,597.5,521.5
43,935,0,175.1,544.5
43,936,1,604.0,521.0
43,936,1,226.0,488.0
43,936,0,102.2,180.5
43,936,1,227.0,522.0
43,937,1,412.5,526.5
43,937,0,71.0,639.5
43,937,1,220.2,533.0
43,937,0,74.6,180.6
43,937,1,607.0,518.0
43,937,0,167.5,601.0
43,937,1,27.2,349.5
43,938,1,219.8,537.0
43,938,0,161.6,632.0
43,938,0,52.5,640.0
43,938,0,100.4,197.4
43,939,1,220.1,545.0
43,939,0,160.2,615.0
43,939,0,51.6,640.0
43,939,1,77.2,191.8
43,939,0,100.2,198.0
43,939,1,419.0,545.0
43,940,1,218.2,551.0
43,940,0,156.8,592.5
43,940,1,419.2,548.0
43,941,1,213.6,555.5
43,941,0,71.9,200.1
43,941,0,152.1,639.0
43,941,1,12.1,564.0
43,941,0,28.7,640.0
43,941,0,151.2,600.0
43,941,0,93.6,163.6
43,941,1,417.5,546.0
43,942,1,213.0,555.0
43,942,0,149.5,616.0
43,942,0,69.7,196.0
43,942,1,9.0,573.5
43,942,1,418.0,547.0
43,942,1,212.5,529.0
43,943,0,147.0,631.0
43,943,1,212.5,559.0
43,943,1,419.5,550.0
43,943,1,6.7,572.5
43,943,0,70.6,190.8
43,943,0,14.6,640.0
43,943,0,93.6,154.5
43,943,1,213.0,557.0
43,944,1,4.1,576.0
43,944,0,143.8,632.5
43,944,1,210.4,555.5
43,944,1,419.0,550.5
43,944,0,70.4,184.5
43,944,0,93.4,147.0
43,944,1,590.5,638.0
43,944,0,6.9,639.5
43,945,1,419.8,551.5
43,945,0,140.0,625.5
43,945,0,93.4,145.2
43,945,1,209.4,551.5
43,945,1,632.0,518.0
43,945,1,3.1,577.0
43,946,1,421.5,546.0
43,946,1,210.1,552.0
43,946,0,139.0,610.0
43,946,0,485.5,566.0
43,946,1,417.2,301.0
43,947,1,422.0,543.0
43,947,1,207.8,548.5
43,947,0,135.2,634.0
43,947,1,416.8,294.0
43,947,0,7.2,569.0
43,948,1,422.0,540.0
43,948,1,205.1,548.0
43,948,1,415.0,288.5
43,949,1,424.5,539.5
43,949,1,205.9,548.0
43,949,0,129.2,624.0
43,950,1,429.0,550.5
43,950,1,207.0,550.0
43,950,0,128.5,632.0
43,950,1,425.5,296.8
43,951,1,428.0,554.0
43,951,1,204.0,557.0
43,951,1,425.0,297.5
43,952,1,428.8,556.5
43,952,0,119.8,639.0
43,952,1,202.0,561.0
43,953,1,430.8,556.0
43,953,0,116.1,639.5
43,953,1,200.9,562.5
43,953,0,66.9,142.1
43,954,1,431.0,562.5
43,954,0,107.4,639.5
43,954,1,197.8,577.0
43,954,1,197.5,547.5
43,954,0,87.2,203.0
43,954,1,426.0,293.0
43,955,1,430.5,565.0
43,955,0,101.0,638.0
43,955,1,194.2,607.5
43,955,1,46.9,337.2
43,956,1,431.8,566.0
43,956,0,96.6,640.0
43,956,0,86.2,199.5
43,957,1,434.5,567.0
43,957,0,65.0,198.0
43,957,1,353.5,310.0
43,957,0,94.4,640.0
43,958,0,89.1,640.0
43,958,1,436.5,571.0
43,958,1,437.8,572.0
43,959,0,81.7,640.0
43,959,1,435.5,572.0
43,959,1,188.0,595.0
43,959,1,437.0,573.0
43,959,1,188.8,584.5
43,960,0,79.4,640.0
43,960,0,66.9,173.9
43,960,1,440.0,577.5
43,960,1,189.6,584.0
43,961,0,75.2,639.5
43,961,1,441.0,577.5
43,961,1,187.8,586.0
43,961,1,186.8,541.5
43,962,0,66.0,640.0
43,962,1,184.8,590.5
43,962,1,442.8,578.0
43,962,1,185.0,625.5
43,963,0,57.9,640.0
43,963,1,182.6,592.0
43,963,1,443.5,579.0
43,963,1,182.4,539.0
43,964,1,181.0,593.0
43,964,0,51.9,640.0
43,964,1,182.0,594.5
43,964,1,443.5,461.0
43,964,1,443.5,389.2
43,965,0,41.1,640.0
43,965,1,179.0,609.5
43,965,1,180.0,602.5
43,966,0,34.8,640.0
43,966,1,176.4,611.5
43,966,1,450.8,600.0
43,967,1,174.8,616.5
43,967,1,451.5,605.5
43,967,1,354.2,312.2
43,968,1,175.5,621.0
43,968,1,455.5,613.5
43,968,0,22.0,640.0
43,969,1,457.8,617.5
43,969,1,172.2,625.0
43,969,1,7.2,639.0
43,969,1,173.0,625.0
43,969,1,171.4,544.0
43,970,1,459.0,625.0
43,970,1,457.5,626.0
43,970,1,355.2,317.0
43,970,1,168.6,560.0
43,970,0,4.2,640.0
43,971,1,461.0,637.0
43,971,1,461.5,636.0
43,971,1,355.0,319.2
43,971,1,165.9,605.5
43,972,1,464.5,639.0
43,972,1,464.5,640.0
43,972,1,633.5,640.0
43,972,1,165.5,560.5
43,973,1,468.8,640.0
43,973,1,164.5,560.0
43,973,1,464.8,421.0
43,973,1,468.0,639.0
43,973,0,635.5,639.0
43,973,1,164.2,640.0
43,973,0,61.8,541.0
43,974,1,472.0,640.0
43,974,0,61.4,194.0
43,975,1,475.0,640.0
43,975,1,466.2,313.2
43,975,1,156.5,615.5
43,976,1,476.0,640.0
43,977,1,146.2,640.0
43,977,1,473.0,331.0
43,977,1,478.8,640.0
43,977,1,147.0,639.0
43,978,1,142.9,640.0
43,978,1,477.0,325.0
43,979,1,485.5,640.0
43,979,1,142.5,640.0
43,979,1,479.5,324.8
43,980,1,486.2,640.0
43,980,1,481.5,329.2
43,980,1,482.0,415.5
43,980,1,55.6,206.8
43,981,1,485.5,329.5
43,981,1,490.0,640.0
43,981,0,73.6,640.0
43,981,1,135.8,584.5
43,982,1,485.0,332.8
43,982,1,130.1,605.0
43,982,1,492.5,640.0
43,982,0,69.2,640.0
43,982,0,76.6,207.2
43,982,1,131.1,640.0
43,983,1,115.5,640.0
43,983,1,502.5,640.0
43,983,1,497.0,336.0
43,1626,1,171.2,640.0
43,1626,1,522.5,640.0
43,1626,0,489.0,561.0
43,1626,1,404.5,458.8
43,1626,1,276.5,460.2
43,1626,0,632.0,475.5
43,1626,1,377.8,407.5
43,1626,1,300.5,418.0
43,1626,0,582.0,639.0
43,1626,0,261.0,480.0
43,1626,0,289.5,437.0
43,1626,0,27.1,565.0
43,1627,1,524.0,640.0
43,1627,1,165.2,640.0
43,1627,0,10.9,568.0
43,1627,1,375.5,405.2
43,1627,0,585.5,639.5
43,1627,0,490.0,565.0
43,1627,0,203.6,522.5
43,1627,0,135.1,640.0
43,1627,1,402.5,455.0
43,1627,1,274.2,451.5
43,1627,0,258.2,473.5
43,1627,1,401.5,451.5
43,1627,1,272.5,455.0
43,1628,1,531.0,639.5
43,1628,1,404.0,458.5
43,1628,1,377.0,405.2
43,1628,1,274.0,448.0
43,1628,0,595.0,639.5
43,1628,0,256.9,448.0
43,1628,0,495.0,576.0
43,1628,0,286.0,420.5
43,1628,0,297.0,410.0
43,1629,1,532.0,640.0
43,1629,0,122.4,640.0
43,1629,1,155.5,640.0
43,1629,1,375.2,404.0
43,1629,0,255.5,453.8
43,1629,1,272.0,451.2
43,1629,0,285.0,433.5
43,1629,0,599.5,639.0
43,1629,1,401.5,453.5
43,1629,0,285.2,426.2
43,1629,0,196.5,542.5
43,1630,0,501.5,570.5
43,1630,1,538.0,640.0
43,1630,1,154.0,640.0
43,1630,0,119.3,640.0
43,1630,1,377.5,401.0
43,1630,1,405.0,454.5
43,1630,0,256.2,453.5
43,1630,1,274.0,451.0
43,1630,0,286.0,430.0
43,1630,0,297.0,407.5
43,1630,0,16.9,593.0
43,1630,0,634.5,432.5
43,1631,0,618.5,640.0
43,1631,1,541.5,640.0
43,1631,0,115.1,636.0
43,1631,1,151.8,640.0
43,1631,1,376.8,399.5
43,1631,0,503.5,562.0
43,1631,0,255.0,452.0
43,1631,1,404.8,453.5
43,1631,1,272.2,449.0
43,1631,0,285.5,426.5
43,1631,0,230.8,530.5
43,1631,1,271.0,451.0
43,1631,0,195.5,516.5
43,1632,1,144.8,640.0
43,1632,0,505.5,527.5
43,1632,1,270.0,449.0
43,1632,1,268.5,446.5
43,1632,0,453.0,438.2
43,1632,1,374.8,394.0
43,1632,0,105.9,638.0
43,1632,0,425.0,433.5
43,1632,1,402.2,448.5
43,1632,0,187.0,566.5
43,1632,0,282.5,424.0
43,1632,0,294.5,399.0
43,1632,0,252.2,455.5
43,1632,1,403.2,449.5
43,1633,1,548.5,640.0
43,1633,0,509.0,537.0
43,1633,1,141.2,639.5
43,1633,0,99.0,639.0
43,1633,1,404.0,449.5
43,1633,1,270.0,448.5
43,1633,1,375.5,390.5
43,1633,1,268.5,445.0
43,1633,0,251.9,456.5
43,1634,1,133.4,640.0
43,1634,1,375.5,394.0
43,1634,1,557.0,636.0
43,1634,0,88.0,639.5
43,1634,1,404.5,452.5
43,1634,0,513.9,541.5
43,1634,0,282.0,425.0
43,1634,1,268.2,455.5
43,1634,0,282.0,426.0
43,1634,0,282.0,409.5
43,1635,1,561.0,639.0
43,1635,1,374.5,397.0
43,1635,1,266.5,457.0
43,1635,0,281.2,412.0
43,1635,1,293.8,404.0
43,1635,1,404.5,454.0
43,1635,0,517.5,545.5
43,1635,0,78.6,640.0
43,1635,0,248.8,459.0
43,1635,0,282.0,414.5
43,1635,0,281.5,425.2
43,1635,0,398.0,443.5
43,1635,0,221.2,520.5
43,1636,1,569.0,636.0
43,1636,1,407.8,455.8
43,1636,0,598.0,473.5
43,1636,1,376.5,399.5
43,1636,1,269.5,456.0
43,1636,0,523.5,560.0
43,1636,0,250.5,460.5
43,1636,0,282.5,430.0
43,1636,0,222.1,531.0
43,1637,1,569.0,638.5
43,1637,1,120.9,640.0
43,1637,1,375.0,396.0
43,1637,0,280.8,422.8
43,1637,1,265.5,455.0
43,1637,0,69.1,640.0
43,1637,0,280.5,405.8
43,1637,1,405.0,457.5
43,1637,1,293.2,405.0
43,1637,0,248.0,455.2
43,1637,0,281.2,420.8
43,1637,0,273.0,437.2
43,1637,0,281.2,425.0
43,1637,0,600.0,474.2
43,1637,1,120.4,423.8
43,1637,0,281.8,413.5
43,1637,0,280.5,427.0
43,1638,1,118.6,640.0
43,1638,1,377.0,399.5
43,1638,1,408.5,461.0
43,1638,1,576.0,640.0
43,1638,1,267.8,456.5
43,1638,0,282.2,430.5
43,1638,0,282.0,431.0
43,1638,0,295.0,407.5
43,1638,0,282.0,418.5
43,1638,0,249.0,460.2
43,1639,1,581.0,640.0
43,1639,1,115.3,639.5
43,1639,1,408.8,461.8
43,1639,1,376.2,402.5
43,1639,1,266.5,458.0
43,1639,0,170.5,556.5
43,1639,0,281.8,429.0
43,1639,0,281.5,431.5
43,1639,0,281.5,412.0
43,1639,0,282.2,425.5
43,1639,0,281.2,423.5
43,1639,0,294.5,408.5
43,1639,1,294.5,408.5
43,1639,0,248.0,463.0
43,1639,0,274.0,432.5
43,1639,1,408.8,460.0
43,1640,1,100.9,640.0
43,1640,1,375.5,400.2
43,1640,0,279.2,417.5
43,1640,1,264.0,463.8
43,1640,1,593.0,640.0
43,1640,1,408.2,460.5
43,1640,1,99.1,448.5
43,1640,0,244.9,467.0
43,1640,1,97.6,273.8
43,1640,0,273.5,433.0
43,1640,0,277.5,434.0
43,1640,0,163.5,564.0
43,1640,0,286.0,414.5
43,1640,0,275.0,425.5
43,1640,1,592.5,639.5
43,1640,1,292.5,407.0
43,1640,0,467.8,454.0
43,1641,1,598.0,638.5
43,1641,1,100.4,640.0
43,1641,1,595.0,640.0
43,1641,1,375.5,401.5
43,1641,1,263.5,465.5
43,1641,0,279.0,421.5
43,1641,1,408.2,463.0
43,1641,1,4.6,640.0
43,1641,1,292.5,408.0
43,1641,0,245.0,470.2
43,1641,0,163.0,560.5
43,1641,0,635.5,490.0
43,1641,0,277.0,434.5
43,1641,0,286.0,416.0
43,1641,0,274.5,433.0
43,1641,0,278.0,428.0
43,1642,1,100.6,640.0
43,1642,1,377.5,401.5
43,1642,1,4.4,640.0
43,1642,1,265.0,462.0
43,1642,0,281.5,424.0
43,1642,1,97.9,444.5
43,1642,1,602.0,640.0
43,1642,0,281.5,430.5
43,1642,1,410.5,461.0
43,1642,0,281.5,431.5
43,1642,0,273.0,444.0
43,1642,1,45.2,510.5
43,1642,0,281.8,411.5
43,1642,0,294.2,407.5
43,1642,0,472.5,461.0
43,1642,0,281.0,413.2
43,1643,1,377.5,400.5
43,1643,1,607.5,640.0
43,1643,1,93.0,640.0
43,1643,0,280.5,427.5
43,1643,1,411.8,459.2
43,1643,0,273.0,445.0
43,1643,0,280.2,407.0
43,1643,0,281.0,432.5
43,1643,0,281.0,427.0
43,1643,1,264.8,463.8
43,1643,0,474.0,457.5
43,1643,0,272.8,440.5
43,1643,0,161.2,556.5
43,1643,0,245.2,470.8
43,1643,1,609.0,457.0
43,1643,1,609.0,457.0
43,1643,1,90.8,440.2
43,1643,0,283.0,416.0
43,1644,1,263.5,458.0
43,1644,1,78.9,314.5
43,1644,1,83.6,638.0
43,1644,1,84.4,639.0
43,1644,1,376.5,398.8
43,1644,1,409.5,458.5
43,1644,1,292.2,408.0
43,1644,0,154.2,582.0
43,1644,1,613.0,640.0
43,1644,0,474.0,456.5
43,1644,0,8.9,561.0
43,1644,1,81.9,450.2
43,1644,0,286.0,412.2
43,1644,0,278.5,416.0
43,1644,0,278.5,429.0
43,1645,1,82.5,640.0
43,1645,1,621.0,640.0
43,1645,1,378.0,398.5
43,1645,1,411.5,462.5
43,1645,0,280.5,428.0
43,1645,1,75.1,312.5
43,1645,0,280.2,414.2
43,1645,1,264.5,459.5
43,1645,0,272.5,442.0
43,1645,0,156.0,559.0
43,1645,0,281.0,431.2
43,1645,0,244.2,464.0
43,1645,1,78.6,445.0
43,1645,1,621.0,640.0
43,1645,0,477.5,456.0
43,1645,0,281.0,422.0
43,1646,1,75.9,640.0
43,1646,1,625.0,639.5
43,1646,1,376.0,400.5
43,1646,1,67.6,317.5
43,1646,1,262.0,463.5
43,1646,1,71.6,450.8
43,1646,1,411.2,462.5
43,1646,0,149.2,588.0
43,1646,1,292.0,408.0
43,1646,0,278.0,423.0
43,1646,1,627.0,470.8
43,1646,0,278.2,419.2
43,1646,0,278.0,433.8
43,1646,0,285.5,416.0
43,1646,0,477.0,460.2
43,1646,0,241.2,469.5
43,1646,1,261.4,464.0
43,1647,1,631.0,640.0
43,1647,1,67.0,640.0
43,1647,1,377.8,401.0
43,1647,1,634.0,477.5
43,1647,0,145.2,630.0
43,1647,1,262.5,465.0
43,1647,1,412.0,464.0
43,1647,0,241.1,472.0
43,1647,1,65.9,461.5
43,1647,0,286.0,413.0
43,1647,1,63.2,312.5
43,1647,0,480.0,462.5
43,1647,1,293.0,406.5
43,1647,0,396.0,415.0
43,1647,0,278.2,433.5
43,1648,1,61.0,640.0
43,1648,1,378.5,401.2
43,1648,0,279.2,427.8
43,1648,1,263.0,468.2
43,1648,0,143.2,620.0
43,1648,1,293.5,410.5
43,1648,0,240.8,471.8
43,1648,1,57.4,460.5
43,1648,0,483.5,463.5
43,1648,0,396.5,420.0
43,1648,0,407.0,452.2
43,1648,1,599.5,459.2
43,1648,0,279.0,436.0
43,1648,1,413.8,462.5
43,1648,0,204.5,585.0
43,1649,1,52.0,639.5
43,1649,0,279.0,423.0
43,1649,0,202.0,591.0
43,1649,0,238.9,460.8
43,1649,1,379.0,402.0
43,1649,1,603.5,431.0
43,1649,1,262.5,470.0
43,1649,0,278.5,417.5
43,1649,1,293.5,411.0
43,1649,0,286.5,417.0
43,1649,0,135.2,622.0
43,1649,1,48.7,464.5
43,1649,1,294.0,410.5
43,1649,0,279.0,434.5
43,1649,0,278.8,427.0
43,1650,1,377.8,400.2
43,1650,1,41.8,640.0
43,1650,0,278.0,437.5
43,1650,0,237.6,476.5
43,1650,1,260.2,467.0
43,1650,1,602.8,437.5
43,1650,0,277.8,425.2
43,1650,1,292.5,411.2
43,1650,1,36.8,460.5
43,1650,0,396.5,419.0
43,1650,1,292.0,411.5
43,1650,0,284.5,420.5
43,1650,1,31.6,322.5
43,1650,0,635.0,422.5
43,1650,0,131.6,637.0
43,1651,1,377.5,402.5
43,1651,1,26.9,639.0
43,1651,0,276.8,435.8
43,1651,0,396.0,425.0
43,1651,1,259.8,468.5
43,1651,0,276.5,439.5
43,1651,1,24.5,465.5
43,1651,0,268.0,442.5
43,1651,0,396.5,430.0
43,1651,1,414.2,465.0
43,1652,1,376.2,403.5
43,1652,1,18.3,640.0
43,1652,1,289.5,409.5
43,1652,0,265.5,456.5
43,1652,0,117.4,633.0
43,1652,0,265.8,457.0
43,1652,0,274.5,437.5
43,1652,0,282.2,416.0
43,1653,1,11.9,640.0
43,1653,1,378.0,409.5
43,1653,0,116.6,637.0
43,1653,0,276.0,425.0
43,1653,1,258.2,471.5
43,1653,0,396.8,420.5
43,1653,1,290.5,412.0
43,1653,1,415.5,474.5
43,1653,0,275.5,441.0
43,1653,0,276.0,440.5
43,1653,0,267.0,452.5
43,1653,1,290.0,414.0
43,1654,1,377.5,409.5
43,1654,0,113.2,622.5
43,1654,0,275.8,416.2
43,1654,0,116.5,608.0
43,1654,0,275.5,444.0
43,1654,0,397.2,428.8
43,1654,1,576.0,445.0
43,1654,0,266.5,462.5
43,1654,1,290.2,412.0
43,1654,0,275.8,435.0
43,1655,1,579.0,450.0
43,1655,1,378.0,408.5
43,1655,1,290.0,411.5
43,1655,0,265.5,464.0
43,1655,0,275.2,420.0
43,1655,0,275.0,447.0
43,1655,0,275.5,445.0
43,1655,0,275.5,436.2
43,1655,0,397.5,422.0
43,1655,0,281.8,407.5
43,1655,0,426.0,469.8
43,1655,0,282.2,425.5
43,1655,1,379.5,409.2
43,1656,1,378.0,409.0
43,1656,0,505.5,530.5
43,1656,1,580.0,465.2
43,1656,0,273.5,447.5
43,1656,0,183.1,580.5
43,1656,0,274.0,425.0
43,1656,0,397.8,423.5
43,1656,0,273.5,436.5
43,1656,0,281.5,420.2
43,1656,0,274.0,446.5
43,1656,0,281.0,413.5
43,1656,0,409.0,466.5
43,1656,1,289.8,417.0
43,1656,1,264.0,468.2
43,1656,0,427.0,477.0
43,1657,1,378.0,408.5
43,1657,0,280.2,422.0
43,1657,0,427.5,475.0
43,1657,0,409.2,465.5
43,1657,1,289.5,416.0
43,1657,0,274.0,430.5
43,1657,1,252.1,485.5
43,1657,0,398.0,420.0
43,1657,0,273.0,431.5
43,1658,1,377.0,407.5
43,1658,0,408.8,465.5
43,1658,1,251.4,487.0
43,1658,0,73.9,640.0
43,1658,0,427.8,479.0
43,1658,0,409.0,465.5
43,1658,0,397.5,418.5
43,1658,1,253.0,480.0
43,1658,1,288.5,412.5
43,1658,0,279.0,422.5
43,1658,0,272.5,443.5
43,1658,0,274.0,435.5
43,1658,0,409.2,464.5
43,1658,0,261.5,460.8
43,1659,1,376.0,409.5
43,1659,0,68.6,640.0
43,1659,1,286.2,417.0
43,1659,0,270.0,452.5
43,1659,1,286.5,418.0
43,1659,0,260.0,468.0
43,1659,0,270.2,451.0
43,1659,1,250.2,488.5
43,1659,1,285.5,419.5
43,1659,0,270.0,446.8
43,1659,0,397.0,430.2
43,1659,1,416.5,483.0
43,1659,0,221.5,514.0
43,1659,0,270.0,431.0
43,1660,0,54.0,639.5
43,1660,1,247.0,496.5
43,1660,1,374.5,417.8
43,1660,1,415.8,486.0
43,1660,0,266.8,460.8
43,1660,1,48.8,639.0
43,1660,1,283.0,426.0
43,1660,0,394.5,430.8
43,1660,0,406.8,476.5
43,1660,0,274.5,429.5
43,1660,0,256.8,468.2
43,1661,1,370.0,419.0
43,1661,0,391.2,442.0
43,1661,0,262.0,460.5
43,1661,1,240.5,494.8
43,1661,0,262.0,461.5
43,1661,1,32.1,640.0
43,1661,0,382.5,422.0
43,1661,0,262.2,440.8
43,1661,1,301.5,309.5
43,1661,0,270.2,434.0
43,1662,1,276.5,428.0
43,1662,1,367.0,417.0
43,1662,0,388.5,433.5
43,1662,0,420.5,490.5
43,1662,1,579.5,460.0
43,1662,0,31.2,639.0
43,1662,1,275.8,430.0
43,1662,0,266.5,430.0
43,1662,1,64.6,483.2
43,1662,0,258.2,437.0
43,1662,1,409.0,496.0
43,1662,0,257.5,464.0
43,1663,1,580.5,464.8
43,1663,1,365.5,418.0
43,1663,1,408.2,498.8
43,1663,0,386.5,445.0
43,1663,1,233.8,505.5
43,1663,1,273.0,424.0
43,1663,0,376.5,427.2
43,1663,0,264.0,436.0
43,1663,0,263.0,432.5
43,1664,1,405.8,498.5
43,1664,1,361.8,420.2
43,1664,1,579.0,457.5
43,1664,1,230.4,509.5
43,1664,1,270.5,427.0
43,1664,0,374.8,432.2
43,1664,0,252.6,452.0
43,1664,0,251.9,463.5
43,1664,0,240.8,489.0
43,1664,0,252.0,466.0
43,1664,0,374.5,421.0
43,1664,0,384.0,460.2
43,1664,0,260.5,440.0
43,1664,0,396.8,467.8
43,1664,0,618.0,499.5
43,1665,1,405.5,497.0
43,1665,1,361.5,420.0
43,1665,1,269.0,426.8
43,1665,0,383.0,437.5
43,1665,1,268.2,429.5
43,1665,1,270.0,424.5
43,1665,0,250.2,464.5
43,1665,0,374.0,419.5
43,1665,0,250.6,449.0
43,1665,0,259.5,439.0
43,1665,0,239.0,478.5
43,1665,1,228.0,511.0
43,1665,0,373.2,417.8
43,1665,0,249.8,465.0
43,1665,0,517.0,548.0
43,1665,1,580.0,460.5
43,1666,1,408.0,501.0
43,1666,0,375.0,432.0
43,1666,1,270.0,427.5
43,1666,0,453.2,578.5
43,1666,0,251.5,448.5
43,1666,1,362.2,418.5
43,1666,1,269.5,430.5
43,1666,1,228.4,513.0
43,1666,0,251.2,468.5
43,1666,1,46.7,499.8
43,1666,0,240.0,487.0
43,1666,0,384.5,451.5
43,1666,0,375.0,421.2
43,1666,0,420.2,501.0
43,1666,1,582.0,493.5
43,1667,1,405.0,500.5
43,1667,1,360.0,420.5
43,1667,0,247.9,462.0
43,1667,1,581.0,496.5
43,1667,0,382.8,434.2
43,1667,1,42.0,490.0
43,1667,0,185.0,589.0
43,1667,1,266.8,428.0
43,1667,0,373.0,431.5
43,1667,1,266.0,431.5
43,1667,0,257.2,443.0
43,1667,1,266.5,431.2
43,1667,0,395.5,482.5
43,1668,0,115.8,640.0
43,1668,1,586.5,500.0
43,1668,1,408.0,505.5
43,1668,1,268.5,428.2
43,1668,1,40.3,456.5
43,1668,0,249.5,467.0
43,1668,1,362.5,422.5
43,1668,0,375.0,436.8
43,1668,1,268.0,433.5
43,1668,0,384.8,456.5
43,1668,1,588.0,504.0
43,1668,0,185.0,592.0
43,1668,0,258.2,435.5
43,1668,0,420.5,503.8
43,1668,0,375.0,425.0
43,1668,0,529.5,550.0
43,1668,0,237.9,498.0
43,1669,0,108.9,640.0
43,1669,1,404.2,507.2
43,1669,1,358.0,422.5
43,1669,0,245.5,473.5
43,1669,0,381.0,443.5
43,1669,1,264.0,435.8
43,1669,1,584.0,498.0
43,1669,1,32.9,448.5
43,1669,0,452.5,582.5
43,1669,0,232.9,501.0
43,1669,0,371.5,440.0
43,1669,0,254.2,443.5
43,1669,0,245.5,471.5
43,1670,1,405.0,511.5
43,1670,1,584.5,509.5
43,1670,1,31.1,450.8
43,1670,1,358.5,426.0
43,1670,0,245.0,472.8
43,1670,0,382.0,438.8
43,1670,1,264.0,435.5
43,1670,0,14.1,467.2
43,1670,0,633.5,550.5
43,1670,0,103.8,639.0
43,1670,0,372.0,439.5
43,1670,0,253.8,440.0
43,1670,0,395.0,492.0
43,1670,1,265.0,429.0
43,1670,0,232.0,493.2
43,1670,0,178.8,598.0
43,1671,1,406.0,515.0
43,1671,1,358.2,429.5
43,1671,0,244.2,476.0
43,1671,0,381.5,447.5
43,1671,0,104.1,612.0
43,1671,1,263.5,437.0
43,1671,0,231.9,498.5
43,1671,0,395.8,498.5
43,1671,0,372.2,448.5
43,1671,1,588.5,517.0
43,1671,0,253.5,446.0
43,1671,1,264.5,429.5
43,1671,1,28.8,453.5
43,1671,1,28.5,477.0
43,1672,1,25.5,475.5
43,1672,0,382.5,449.5
43,1672,1,358.5,429.2
43,1672,0,243.8,457.2
43,1672,1,407.5,519.0
43,1672,0,243.2,473.5
43,1672,0,372.5,449.5
43,1672,1,218.8,525.0
43,1672,0,252.8,444.2
43,1672,1,263.0,438.5
43,1672,0,231.0,502.5
43,1672,0,243.2,475.5
43,1673,1,262.5,440.8
43,1673,1,407.5,518.5
43,1673,0,381.5,445.0
43,1673,1,358.5,431.5
43,1673,0,90.5,639.0
43,1673,0,242.5,478.2
43,1673,1,216.2,526.5
43,1673,0,371.8,447.5
43,1673,0,228.9,504.0
43,1673,1,21.1,496.0
43,1673,0,251.8,449.5
43,1674,1,358.8,431.0
43,1674,1,408.5,522.0
43,1674,0,243.0,473.5
43,1674,1,263.0,442.5
43,1674,0,373.0,447.0
43,1674,0,229.4,506.5
43,1674,1,216.8,532.5
43,1674,0,252.2,451.5
43,1674,0,171.2,617.0
43,1674,0,383.0,450.0
43,1674,0,422.5,522.0
43,1675,1,214.0,534.5
43,1675,1,407.8,526.0
43,1675,1,261.0,442.5
43,1675,1,358.2,431.2
43,1675,0,77.2,640.0
43,1675,1,260.0,443.5
43,1675,0,381.5,440.2
43,1675,0,250.2,456.5
43,1675,0,249.5,449.5
43,1675,1,260.0,444.0
43,1675,0,371.8,436.5
43,1675,0,76.6,639.5
43,1676,1,408.2,528.5
43,1676,0,67.3,640.0
43,1676,1,358.0,433.0
43,1676,1,260.2,444.2
43,1676,1,597.0,488.5
43,1676,0,238.9,488.2
43,1676,0,382.0,454.8
43,1676,0,249.1,458.5
43,1676,0,372.0,448.0
43,1676,1,211.8,536.5
43,1676,0,382.5,468.0
43,1676,0,203.5,530.5
43,1676,1,259.0,447.5
43,1676,0,225.2,506.0
43,1676,0,250.1,455.8
43,1676,0,52.8,205.5
43,1676,0,34.6,204.6
43,1677,0,58.2,638.0
43,1677,1,409.0,527.0
43,1677,1,260.8,441.2
43,1677,1,358.0,433.0
43,1677,1,601.0,491.5
43,1677,1,5.4,542.5
43,1677,0,238.0,489.0
43,1677,1,210.0,536.0
43,1677,0,381.8,446.5
43,1677,0,249.0,454.8
43,1677,0,372.0,442.5
43,1677,0,203.0,532.5
43,1678,1,409.0,525.0
43,1678,0,247.0,450.2
43,1678,1,603.0,484.0
43,1678,1,357.5,428.5
43,1678,0,236.5,481.5
43,1678,0,202.2,535.0
43,1678,0,157.0,634.0
43,1678,0,382.0,443.5
43,1678,1,208.0,533.0
43,1678,1,357.8,429.8
43,1678,0,50.4,640.0
43,1678,0,222.2,512.0
43,1679,1,408.8,521.5
43,1679,1,603.0,491.0
43,1679,1,356.5,427.0
43,1679,1,357.0,427.8
43,1679,1,257.1,435.5
43,1679,0,235.4,468.2
43,1679,0,381.0,441.5
43,1679,0,28.0,199.0
43,1679,1,51.1,639.0
43,1679,1,206.2,535.0
43,1679,0,245.5,449.2
43,1679,0,234.5,479.0
43,1679,0,370.5,445.2
43,1680,1,409.0,526.5
43,1680,1,356.5,430.0
43,1680,1,604.0,497.5
43,1680,0,381.0,439.2
43,1680,1,256.8,438.0
43,1680,0,150.5,635.0
43,1680,0,234.1,486.5
43,1680,1,204.5,538.0
43,1680,0,370.0,443.0
43,1680,0,245.0,453.5
43,1680,1,28.5,202.8
43,1681,1,410.5,530.0
43,1681,1,357.0,430.0
43,1681,1,608.0,505.0
43,1681,0,233.8,490.0
43,1681,1,256.8,442.0
43,1681,0,43.7,194.5
43,1681,1,25.7,208.9
43,1681,0,218.5,512.0
43,1681,0,381.5,441.0
43,1681,1,36.6,639.5
43,1682,1,408.5,529.0
43,1682,0,231.0,483.5
43,1682,1,355.2,430.5
43,1682,0,143.1,639.0
43,1682,0,215.1,520.0
43,1682,1,255.0,441.2
43,1682,0,242.8,458.2
43,1682,0,13.0,640.0
43,1682,0,380.2,452.8
43,1682,0,380.8,467.0
43,1682,0,4.7,556.5
43,1682,0,242.0,452.0
43,1682,0,188.6,540.0
43,1683,0,232.5,491.5
43,1683,1,357.8,432.0
43,1683,0,217.0,521.0
43,1683,0,188.8,540.5
43,1683,0,142.8,639.0
43,1683,1,411.8,535.0
43,1683,1,256.5,443.0
43,1683,0,382.0,450.0
43,1683,1,26.5,233.1
43,1684,1,409.0,532.0
43,1684,0,212.4,522.5
43,1684,1,196.5,548.5
43,1684,1,354.0,432.5
43,1684,1,252.2,445.0
43,1684,0,228.5,490.0
43,1684,0,380.0,455.0
43,1684,0,21.5,187.6
43,1684,0,184.8,549.5
43,1684,0,135.8,640.0
43,1685,0,212.5,523.5
43,1685,0,229.4,494.5
43,1685,1,355.5,434.0
43,1685,1,411.8,537.0
43,1685,1,196.5,551.5
43,1685,1,253.6,445.5
43,1685,1,196.8,551.0
43,1685,1,252.8,445.5
43,1685,0,381.2,447.0
43,1685,1,197.0,544.0
43,1686,1,411.5,540.5
43,1686,1,353.8,437.0
43,1686,1,251.9,446.2
43,1686,0,380.8,453.0
43,1686,0,228.0,493.0
43,1686,1,195.0,555.0
43,1686,1,619.0,459.5
43,1687,1,412.0,538.5
43,1687,1,355.8,436.0
43,1687,0,381.5,447.8
43,1687,0,184.2,560.0
43,1687,0,228.0,494.5
43,1687,1,252.8,445.0
43,1687,1,621.0,424.8
43,1687,0,370.0,452.2
43,1687,1,253.0,443.0
43,1687,1,251.6,448.0
43,1687,0,629.5,639.0
43,1687,1,195.1,555.0
43,1688,1,411.0,543.0
43,1688,1,353.8,434.0
43,1688,0,225.8,493.0
43,1688,0,125.0,640.0
43,1688,1,250.4,443.5
43,1688,0,380.5,460.0
43,1688,1,249.2,447.5
43,1688,0,237.0,452.5
43,1688,0,381.0,472.0
43,1688,1,3.0,548.5
43,1689,0,227.0,493.0
43,1689,1,412.5,540.0
43,1689,0,381.5,446.0
43,1689,1,251.8,444.0
43,1689,1,355.0,436.0
43,1689,0,588.0,428.0
43,1689,0,399.5,515.5
43,1689,0,369.5,437.8
43,1689,0,209.5,530.5
43,1689,0,124.1,640.0
43,1690,0,226.2,493.8
43,1690,1,356.0,434.5
43,1690,0,381.8,446.5
43,1690,1,251.5,441.5
43,1690,1,625.0,519.5
43,1690,1,413.0,530.5
43,1690,0,382.8,446.2
43,1690,0,238.0,452.0
43,1690,0,208.6,524.5
43,1690,1,250.5,445.0
43,1691,1,626.0,521.0
43,1691,1,354.8,432.5
43,1691,1,250.4,443.2
43,1691,0,225.1,490.5
43,1691,0,237.0,452.0
43,1691,0,381.5,452.0
43,1691,0,206.8,526.0
43,1691,1,413.5,531.5
43,1691,0,224.1,476.0
43,1691,1,355.0,431.5
43,1691,1,249.2,447.5
43,1692,1,627.0,519.5
43,1692,0,222.4,495.5
43,1692,1,248.2,445.0
43,1692,1,412.5,540.0
43,1692,1,353.5,429.0
43,1692,0,381.0,474.5
43,1692,0,204.4,511.5
43,1692,0,380.8,455.5
43,1692,0,399.5,516.5
43,1693,1,248.0,446.5
43,1693,1,629.0,526.0
43,1693,1,353.8,430.0
43,1693,0,221.8,497.2
43,1693,0,380.2,447.5
43,1693,1,629.0,524.5
43,1693,0,589.5,488.0
43,1693,1,185.6,566.0
43,1694,0,222.5,498.8
43,1694,1,248.5,447.0
43,1694,1,631.0,527.5
43,1694,1,354.5,433.0
43,1694,1,632.0,526.5
43,1694,0,382.0,445.0
43,1694,0,203.8,511.5
43,1694,1,414.8,534.5
43,1694,0,235.4,458.0
43,1694,0,110.7,639.0
43,1695,1,183.1,558.0
43,1695,0,220.0,496.5
43,1695,1,246.5,445.0
43,1695,0,200.9,530.5
43,1695,0,380.5,445.0
43,1695,1,632.0,528.5
43,1695,1,353.5,429.5
43,1695,0,381.0,443.8
43,1695,0,169.0,565.0
43,1696,0,218.4,493.5
43,1696,0,198.5,520.0
43,1696,1,180.5,559.5
43,1696,0,197.8,540.5
43,1696,0,232.2,458.5
43,1696,1,246.0,443.0
43,1696,1,634.0,442.0
43,1696,1,353.0,429.0
43,1696,0,231.1,456.0
43,1696,1,352.0,427.5
43,1696,0,380.5,447.2
43,1696,1,180.8,556.5
43,1696,0,218.2,463.8
43,1697,0,217.2,491.0
43,1697,1,634.5,442.5
43,1697,0,231.0,457.8
43,1697,1,244.9,437.0
43,1697,0,197.1,518.0
43,1697,0,379.8,443.0
43,1697,1,353.5,429.0
43,1697,1,351.8,426.2
43,1697,0,198.2,527.5
43,1697,0,366.8,442.8
43,1697,1,413.0,543.0
43,1697,0,198.0,502.0
43,1698,1,242.5,439.5
43,1698,0,441.8,546.0
43,1698,0,212.5,495.8
43,1698,0,150.2,571.5
43,1698,1,351.8,425.0
43,1698,0,190.0,510.5
43,1698,0,227.0,455.0
43,1698,1,169.2,555.0
43,1699,0,151.5,572.5
43,1699,1,241.9,436.0
43,1699,1,168.9,570.5
43,1699,1,351.5,422.0
43,1699,0,211.9,493.0
43,1699,0,226.4,453.5
43,1699,0,443.0,540.0
43,1699,1,353.0,424.0
43,1699,0,190.0,523.5
43,1699,1,419.5,551.5
43,1699,0,381.5,442.5
43,1700,1,167.0,570.0
43,1700,0,149.8,572.5
43,1700,1,241.2,433.0
43,1700,0,211.2,491.5
43,1700,0,442.8,547.0
43,1700,0,225.5,452.5
43,1700,1,351.5,424.0
43,1700,0,188.8,526.0
43,1700,1,353.0,426.0
43,1700,0,68.3,639.0
43,1701,1,166.5,571.5
43,1701,1,241.0,435.5
43,1701,0,211.0,491.5
43,1701,1,351.5,425.8
43,1701,0,149.2,577.0
43,1701,1,419.5,554.0
43,1701,0,443.5,552.5
43,1701,0,225.2,452.5
43,1701,1,65.4,557.0
43,1701,0,632.5,493.0
43,1702,1,165.5,574.5
43,1702,1,240.8,436.0
43,1702,0,633.5,496.0
43,1702,0,210.2,493.5
43,1702,0,443.5,553.0
43,1702,1,61.9,556.5
43,1702,1,419.5,555.0
43,1702,1,352.0,426.0
43,1702,0,610.5,453.0
43,1702,1,353.5,427.5
43,1702,0,186.8,550.5
43,1703,1,165.2,575.5
43,1703,1,420.0,555.0
43,1703,1,240.8,436.0
43,1703,0,210.1,496.0
43,1703,1,352.0,426.8
43,1703,0,185.8,553.5
43,1703,0,186.5,503.0
43,1703,0,444.0,545.0
43,1703,0,636.0,496.5
43,1703,0,381.5,445.5
43,1703,1,59.2,562.0
43,1704,1,420.5,559.0
43,1704,1,240.9,438.0
43,1704,1,164.5,580.0
43,1704,0,209.6,500.0
43,1704,1,351.5,426.0
43,1704,0,59.2,639.5
43,1704,0,186.2,505.2
43,1704,0,526.0,601.5
43,1704,1,527.0,482.5
43,1704,0,186.1,537.0
43,1704,0,444.5,551.0
43,1704,0,382.5,475.0
43,1705,1,420.5,564.0
43,1705,1,240.5,448.0
43,1705,0,185.0,546.0
43,1705,1,163.8,584.0
43,1705,0,209.5,501.2
43,1705,1,351.5,427.2
43,1705,1,527.0,486.5
43,1705,0,613.0,456.5
43,1705,0,185.5,512.5
43,1705,0,382.5,481.0
43,1705,0,54.2,569.0
43,1706,1,420.2,559.5
43,1706,0,183.5,547.5
43,1706,1,240.0,447.0
43,1706,0,610.5,456.5
43,1706,0,208.0,503.5
43,1706,1,351.0,427.5
43,1706,0,50.7,640.0
43,1706,0,140.5,560.5
43,1706,1,526.5,486.0
43,1706,0,609.0,491.8
43,1706,0,223.2,462.5
43,1707,1,420.8,559.5
43,1707,1,239.2,442.0
43,1707,0,182.6,546.0
43,1707,0,206.9,503.0
43,1707,1,351.0,426.5
43,1707,0,611.0,498.0
43,1707,0,612.0,464.5
43,1707,0,222.5,461.5
43,1707,0,138.9,566.0
43,1707,0,381.8,481.5
43,1708,1,422.0,562.0
43,1708,0,183.5,544.0
43,1708,1,240.4,446.8
43,1708,0,574.5,463.5
43,1708,1,351.5,427.5
43,1708,0,208.5,503.5
43,1708,0,223.5,463.0
43,1708,0,138.9,557.5
43,1709,1,238.2,449.0
43,1709,0,44.0,639.0
43,1709,1,421.2,562.0
43,1709,0,181.4,545.5
43,1709,1,351.0,427.5
43,1709,0,206.0,503.5
43,1709,1,239.2,444.5
43,1709,0,222.0,462.5
43,1709,0,406.5,472.0
43,1710,1,422.0,562.0
43,1710,1,238.2,447.0
43,1710,0,43.7,640.0
43,1710,0,181.2,546.0
43,1710,0,205.9,503.5
43,1710,1,350.8,426.8
43,1710,0,578.0,464.0
43,1710,0,620.5,503.5
43,1710,0,221.5,457.8
43,1710,0,40.8,580.5
43,1710,0,406.5,538.0
43,1711,0,181.0,547.0
43,1711,1,238.4,446.5
43,1711,1,422.5,562.0
43,1711,0,205.5,503.0
43,1711,1,351.0,427.5
43,1711,0,582.0,461.5
43,1711,1,422.5,563.5
43,1711,0,221.2,459.2
43,1711,0,40.1,639.0
43,1711,0,133.5,588.5
43,1711,0,407.0,474.0
43,1711,0,624.5,496.5
43,1712,0,181.5,546.5
43,1712,1,240.0,444.0
43,1712,0,206.6,503.5
43,1712,1,424.0,562.5
43,1712,1,352.0,430.0
43,1712,0,222.8,461.2
43,1712,0,407.5,532.0
43,1712,0,38.0,639.0
43,1712,0,132.9,589.5
43,1713,0,180.2,546.0
43,1713,1,423.0,562.0
43,1713,1,238.6,442.5
43,1713,1,156.2,586.0
43,1713,1,351.8,427.8
43,1713,0,204.9,501.0
43,1713,0,132.7,596.5
43,1713,0,221.1,457.5
43,1713,1,353.2,428.8
43,1714,0,180.8,544.0
43,1714,1,156.5,584.5
43,1714,1,425.0,564.0
43,1714,1,239.0,442.5
43,1714,0,632.0,505.5
43,1714,0,205.8,503.0
43,1714,1,351.8,427.5
43,1714,0,132.7,593.0
43,1714,0,222.5,461.5
43,1715,1,239.5,443.0
43,1715,0,180.5,547.0
43,1715,1,426.5,563.0
43,1715,1,156.1,587.0
43,1715,1,28.7,639.5
43,1715,1,353.8,428.0
43,1715,0,4.5,158.8
43,1715,0,205.5,496.5
43,1715,0,131.6,597.5
43,1716,1,425.2,567.0
43,1716,1,154.0,593.0
43,1716,1,238.5,445.5
43,1716,0,4.8,158.2
43,1716,0,129.2,576.0
43,1716,0,204.2,501.5
43,1716,0,178.5,547.5
43,1716,1,4.2,621.0
43,1716,1,352.0,428.0
43,1716,0,408.8,467.5
43,1717,1,153.2,594.5
43,1717,1,426.2,564.0
43,1717,1,238.1,447.2
43,1717,1,21.5,640.0
43,1717,0,126.8,569.5
43,1717,1,549.0,493.0
43,1717,1,352.0,428.5
43,1717,0,453.8,569.5
43,1717,0,178.4,549.5
43,1717,0,203.5,504.5
43,1718,1,239.2,445.0
43,1718,0,179.5,550.5
43,1718,1,154.4,594.5
43,1718,1,353.5,428.5
43,1718,1,550.0,494.5
43,1718,0,126.6,549.5
43,1718,0,4.9,157.4
43,1718,1,428.5,560.0
43,1718,0,205.4,502.5
43,1718,1,20.4,640.0
43,1718,0,222.5,461.2
43,1719,1,239.8,445.5
43,1719,1,153.0,597.5
43,1719,1,354.5,429.5
43,1719,0,178.8,552.0
43,1719,0,125.8,568.0
43,1719,0,222.5,464.0
43,1719,0,5.1,150.4
43,1720,1,150.2,594.5
43,1720,1,238.8,446.5
43,1720,1,354.2,431.5
43,1720,1,430.8,571.5
43,1720,0,203.6,503.5
43,1720,0,11.4,639.5
43,1721,1,239.2,446.5
43,1721,1,150.2,600.0
43,1721,1,355.0,432.5
43,1721,0,203.8,504.0
43,1721,0,388.5,486.0
43,1721,0,372.0,455.8
43,1722,1,149.4,600.5
43,1722,1,239.6,445.0
43,1722,0,8.0,480.0
43,1722,1,434.2,583.0
43,1722,1,356.5,432.5
43,1722,0,203.8,504.5
43,1722,0,391.0,489.5
43,1722,1,116.6,461.5
43,1722,0,389.5,489.5
43,1723,1,239.2,448.5
43,1723,1,147.5,605.5
43,1723,1,148.0,606.5
43,1723,1,356.0,433.8
43,1723,1,239.5,444.0
43,1723,0,372.8,458.5
43,1723,1,435.2,583.5
43,1724,1,240.4,450.0
43,1724,1,148.1,608.0
43,1724,1,437.0,590.0
43,1724,1,147.9,608.5
43,1724,1,356.5,431.5
43,1724,0,374.5,458.5
43,1724,0,203.8,511.8
43,1725,1,241.0,451.8
43,1725,1,438.8,587.0
43,1725,0,420.2,550.0
43,1725,1,147.0,611.0
43,1725,1,357.8,433.5
43,1725,0,376.0,459.5
43,1725,1,147.5,611.0
43,1725,0,223.0,470.2
43,1726,0,421.2,556.5
43,1726,1,439.2,590.0
43,1726,1,240.5,449.8
43,1726,1,357.5,436.0
43,1726,0,376.2,460.5
43,1726,1,145.2,615.5
43,1726,0,471.5,584.5
43,1726,0,221.5,469.5
43,1726,1,143.2,404.0
43,1726,1,144.8,617.0
43,1726,0,172.8,563.5
43,1726,0,203.0,513.5
43,1727,1,441.0,597.5
43,1727,1,240.5,450.5
43,1727,0,422.2,551.5
43,1727,1,143.5,614.5
43,1727,0,563.0,472.5
43,1727,0,221.2,469.5
43,1727,1,358.0,434.2
43,1727,1,141.2,405.2
43,1727,0,172.0,564.0
43,1727,0,202.2,517.0
43,1727,0,376.0,436.0
43,1728,0,422.0,554.0
43,1728,1,441.5,594.5
43,1728,1,140.8,620.5
43,1728,0,375.5,461.0
43,1728,1,239.0,451.0
43,1728,1,357.2,436.8
43,1728,0,169.2,562.5
43,1728,1,138.1,404.0
43,1728,0,200.9,517.0
43,1728,0,474.5,606.0
43,1728,0,581.5,441.0
43,1728,0,219.6,472.0
43,1729,0,422.0,555.0
43,1729,1,442.2,598.0
43,1729,1,139.8,621.5
43,1729,0,168.5,570.5
43,1729,1,238.8,451.0
43,1729,1,357.5,436.2
43,1729,1,137.2,405.0
43,1729,0,375.5,461.8
43,1729,0,200.8,519.0
43,1729,1,442.0,624.5
43,1729,1,357.0,438.0
43,1729,0,421.0,536.5
43,1729,0,582.0,443.5
43,1730,1,138.5,625.5
43,1730,1,239.0,453.0
43,1730,0,168.1,561.0
43,1730,1,445.0,603.0
43,1730,1,358.0,437.2
43,1730,0,423.8,559.0
43,1730,0,377.0,463.0
43,1730,0,200.0,520.0
43,1730,1,136.0,408.0
43,1731,1,137.1,632.0
43,1731,0,167.0,562.0
43,1731,1,239.0,454.5
43,1731,0,378.0,465.0
43,1731,1,358.0,438.0
43,1731,0,200.0,521.0
43,1731,0,425.2,562.0
43,1731,0,219.2,474.0
43,1731,1,134.2,407.0
43,1731,0,395.8,492.8
43,1731,0,234.8,459.8
43,1731,0,627.5,554.5
43,1731,0,631.0,554.5
43,1732,0,166.2,566.5
43,1732,1,135.0,635.0
43,1732,1,238.8,457.0
43,1732,0,218.8,476.0
43,1732,0,198.4,517.0
43,1732,0,426.0,563.5
43,1732,1,133.6,412.5
43,1732,0,396.0,499.0
43,1732,1,358.8,440.0
43,1732,0,377.5,431.5
43,1732,0,377.5,460.0
43,1733,0,424.8,563.5
43,1733,1,236.8,453.8
43,1733,0,163.5,573.5
43,1733,0,196.5,529.0
43,1733,0,217.0,480.5
43,1733,1,357.0,444.5
43,1733,0,377.0,466.0
43,1733,1,131.1,639.5
43,1733,0,632.0,464.8
43,1733,0,631.0,464.5
43,1733,0,634.0,466.5
43,1733,0,394.5,485.5
43,1733,1,166.5,159.9
43,1734,0,162.5,578.5
43,1734,1,235.2,455.0
43,1734,0,376.5,465.5
43,1734,1,358.2,444.5
43,1734,0,426.0,565.5
43,1734,0,195.2,529.0
43,1734,0,216.9,483.0
43,1734,0,394.5,480.0
43,1735,0,196.5,527.0
43,1735,1,238.8,457.5
43,1735,0,163.6,571.5
43,1735,1,359.5,441.5
43,1735,0,378.5,461.8
43,1735,0,218.1,481.5
43,1735,0,429.2,566.0
43,1735,1,127.1,414.0
43,1735,1,130.5,640.0
43,1736,1,236.2,449.0
43,1736,0,428.5,567.0
43,1736,1,358.2,444.0
43,1736,1,123.4,414.0
43,1736,0,377.8,466.5
43,1736,0,230.1,438.5
43,1736,1,126.0,640.0
43,1736,0,216.2,483.0
43,1736,0,158.5,542.5
43,1737,1,453.5,618.0
43,1737,1,125.4,640.0
43,1737,1,237.1,449.8
43,1737,1,359.5,442.5
43,1737,1,122.4,411.2
43,1737,0,379.0,448.0
43,1738,1,120.9,640.0
43,1738,0,154.8,586.0
43,1738,1,234.2,458.0
43,1738,1,453.2,622.0
43,1738,1,357.5,448.5
43,1738,0,214.2,482.0
43,1738,0,377.5,450.8
43,1738,0,377.0,436.0
43,1738,0,429.8,503.0
43,1739,1,121.0,640.0
43,1739,1,236.2,451.0
43,1739,0,155.2,554.5
43,1739,1,359.8,445.5
43,1739,1,457.0,630.0
43,1739,0,155.9,519.5
43,1739,0,215.1,483.0
43,1739,0,230.1,443.0
43,1739,0,435.0,588.5
43,1740,0,154.4,582.5
43,1740,1,118.6,640.0
43,1740,1,457.5,631.0
43,1740,1,236.0,451.5
43,1740,1,359.8,443.5
43,1740,0,215.2,484.0
43,1740,1,166.0,156.2
43,1740,1,457.0,640.0
43,1741,1,234.0,462.5
43,1741,1,115.6,639.0
43,1741,1,458.0,633.5
43,1741,1,605.0,434.0
43,1741,1,358.5,446.5
43,1741,1,114.5,636.5
43,1741,0,379.0,470.8
43,1741,0,151.5,566.0
43,1741,0,212.8,484.8
43,1742,1,115.6,640.0
43,1742,1,234.6,460.0
43,1742,1,111.5,424.0
43,1742,1,460.2,638.5
43,1742,0,152.4,580.5
43,1742,1,359.5,446.0
43,1742,0,436.2,582.5
43,1742,1,112.9,633.0
43,1742,0,213.5,488.0
43,1743,1,233.8,466.5
43,1743,1,111.6,640.0
43,1743,1,359.5,447.0
43,1743,0,437.0,584.0
43,1743,1,460.5,640.0
43,1743,1,604.0,429.8
43,1743,0,187.6,544.0
43,1743,0,149.9,580.5
43,1743,1,107.6,431.0
43,1743,0,379.5,437.5
43,1744,1,234.0,466.0
43,1744,1,108.8,639.5
43,1744,1,360.0,447.0
43,1744,0,186.9,546.0
43,1744,1,462.0,640.0
43,1744,0,148.6,591.5
43,1744,0,437.2,573.0
43,1744,0,437.2,489.2
43,1744,0,212.2,491.8
43,1744,0,228.1,458.2
43,1745,1,231.9,467.5
43,1745,1,104.2,640.0
43,1745,0,185.0,550.5
43,1745,1,358.5,447.0
43,1745,0,437.5,567.5
43,1745,1,462.0,640.0
43,1745,1,159.5,167.2
43,1745,0,379.0,449.8
43,1745,1,98.9,515.0
43,1745,1,460.5,639.5
43,1745,0,143.5,589.5
43,1746,1,234.0,469.0
43,1746,1,104.3,640.0
43,1746,1,361.0,448.0
43,1746,0,186.0,548.5
43,1746,0,439.0,590.5
43,1746,1,612.0,426.0
43,1746,1,612.0,426.5
43,1746,0,381.8,432.0
43,1746,1,100.4,469.0
43,1746,0,145.0,589.0
43,1746,1,466.0,640.0
43,1746,0,368.5,446.5
43,1746,1,466.0,640.0
43,1747,0,139.0,580.0
43,1747,1,230.0,468.5
43,1747,1,93.3,446.0
43,1747,0,206.8,494.0
43,1747,0,439.0,524.0
43,1747,1,359.0,451.5
43,1747,0,181.6,545.5
43,1747,1,97.6,640.0
43,1747,0,582.5,489.0
43,1747,0,437.5,536.0
43,1747,1,159.0,165.6
43,1747,0,379.0,435.0
43,1748,1,233.8,470.2
43,1748,1,470.5,640.0
43,1748,0,184.2,551.5
43,1748,1,362.0,451.0
43,1748,0,141.9,583.5
43,1748,1,99.1,639.0
43,1748,1,442.5,600.0
43,1748,0,210.5,497.2
43,1748,0,596.5,498.2
43,1749,1,230.8,472.5
43,1749,1,360.0,455.0
43,1749,1,92.1,439.8
43,1749,1,469.5,640.0
43,1749,0,137.8,622.0
43,1749,0,207.0,500.0
43,1749,0,137.8,580.0
43,1749,1,94.0,640.0
43,1750,1,232.5,471.5
43,1750,1,474.0,640.0
43,1750,1,361.0,457.2
43,1750,0,138.1,617.0
43,1750,1,91.7,441.0
43,1750,0,182.0,553.5
43,1750,1,94.0,640.0
43,1750,1,362.5,454.5
43,1751,1,475.0,640.0
43,1751,1,89.9,640.0
43,1751,1,230.6,474.0
43,1751,1,360.5,458.2
43,1751,0,136.2,601.0
43,1751,0,206.8,502.0
43,1752,1,232.8,475.8
43,1752,1,89.1,640.0
43,1752,1,363.2,459.0
43,1752,1,87.4,452.5
43,1752,0,135.9,611.0
43,1752,0,181.0,562.5
43,1752,1,164.8,159.4
43,1753,1,231.0,476.0
43,1753,1,84.5,640.0
43,1753,1,361.0,461.2
43,1753,0,623.5,523.0
43,1753,0,206.4,504.5
43,1753,1,362.5,458.0
43,1753,0,132.8,616.0
43,1753,0,13.1,639.0
43,1754,0,627.0,520.0
43,1754,1,81.1,639.5
43,1754,1,229.6,476.2
43,1754,1,360.5,459.5
43,1754,0,129.4,620.0
43,1754,1,78.8,447.5
43,1755,1,76.6,639.0
43,1755,0,631.0,520.0
43,1755,1,360.5,459.5
43,1755,1,74.0,454.0
43,1755,0,7.6,639.5
43,1755,1,228.6,474.5
43,1755,0,203.6,502.0
43,1755,0,221.5,475.8
43,1755,0,126.1,576.0
43,1755,1,74.1,448.5
43,1755,0,634.0,514.0
43,1756,1,229.5,475.5
43,1756,1,74.8,640.0
43,1756,1,361.5,459.0
43,1756,1,485.0,640.0
43,1756,0,125.9,630.5
43,1756,0,222.2,463.5
43,1756,1,71.4,460.5
43,1757,1,68.8,640.0
43,1757,1,361.0,459.2
43,1757,1,485.8,640.0
43,1757,0,121.6,635.5
43,1757,0,220.6,478.0
43,1757,0,201.8,509.5
43,1757,1,227.5,467.8
43,1757,0,173.5,571.0
43,1757,1,65.5,455.0
43,1758,1,489.2,640.0
43,1758,1,361.5,459.5
43,1758,0,201.8,513.0
43,1758,1,66.0,639.5
43,1758,0,171.2,573.0
43,1758,1,62.6,459.5
43,1758,1,227.9,455.5
43,1758,1,228.2,478.5
43,1759,1,359.5,463.5
43,1759,1,488.0,640.0
43,1759,1,58.1,639.5
43,1759,0,199.2,517.0
43,1759,1,225.2,474.0
43,1759,1,55.7,468.0
43,1759,0,167.1,579.0
43,1759,0,218.4,484.5
43,1760,0,114.1,629.0
43,1760,1,361.8,465.0
43,1760,1,493.5,639.5
43,1760,0,168.0,582.0
43,1760,1,56.8,640.0
43,1760,1,226.5,472.0
43,1760,0,200.2,519.0
43,1760,1,227.2,482.5
43,1760,1,53.9,481.5
43,1761,0,108.0,637.0
43,1761,1,360.0,464.8
43,1761,1,492.5,640.0
43,1761,1,48.6,639.0
43,1761,0,108.4,595.0
43,1761,0,164.0,584.0
43,1761,0,458.0,570.0
43,1761,1,46.8,468.0
43,1762,1,360.0,465.5
43,1762,1,498.5,640.0
43,1762,0,102.9,638.0
43,1762,1,40.8,640.0
43,1762,1,38.2,485.8
43,1762,1,38.1,470.0
43,1763,1,29.8,481.0
43,1763,1,509.5,640.0
43,1763,1,364.0,464.5
43,1763,0,99.4,638.0
43,1764,1,364.0,468.8
43,1764,1,514.0,640.0
43,1764,0,93.0,640.0
43,1764,1,23.8,640.0
43,1764,1,19.7,487.0
43,1764,0,388.0,506.8
43,1764,1,20.9,482.2
43,1764,1,223.5,484.0
43,1765,1,12.7,640.0
43,1765,1,521.0,640.0
43,1765,1,10.3,494.5
43,1765,0,87.8,640.0
43,1765,1,365.8,471.0
43,1765,0,155.5,605.0
43,1765,1,159.0,172.0
43,1766,0,78.7,640.0
43,1766,1,364.8,470.5
43,1766,1,158.2,160.9
43,1766,1,219.8,488.5
43,1766,1,529.0,639.5
43,1766,0,149.6,600.5
43,1766,1,363.8,469.0
43,1767,0,73.8,639.5
43,1767,1,218.1,492.0
43,1767,1,531.0,639.5
43,1767,1,363.0,474.2
43,1767,1,157.6,168.8
43,1767,0,210.5,508.5
43,1767,0,186.0,536.5
43,1768,1,367.0,476.5
43,1768,1,220.0,501.0
43,1768,1,544.5,640.0
43,1768,0,187.5,540.5
43,1768,1,157.2,161.9
43,1768,1,157.8,170.1
43,1768,0,496.5,607.0
43,1769,1,366.2,481.5
43,1769,1,218.1,500.0
43,1769,1,551.5,640.0
43,1769,0,140.2,587.5
43,1769,1,551.0,639.5
43,1769,0,498.2,627.5
43,1770,1,556.0,639.5
43,1770,1,214.2,502.0
43,1770,0,47.9,639.5
43,1770,1,364.0,475.0
43,1770,0,204.5,509.0
43,1771,1,569.0,640.0
43,1771,1,366.5,486.5
43,1771,1,214.2,503.5
43,1771,0,513.9,596.0
43,1771,0,40.5,639.5
43,1771,0,205.1,519.5
43,1771,0,204.4,511.5
43,1771,1,158.0,167.4
43,1772,1,582.0,639.5
43,1772,1,367.0,488.5
43,1772,0,517.5,639.0
43,1772,0,25.5,639.0
43,1772,1,212.2,504.0
43,1772,1,158.5,168.5
43,1773,1,612.0,639.5
43,1773,1,367.8,491.2
43,1773,0,538.5,640.0
43,1773,1,209.5,511.0
43,1774,1,208.0,511.5
43,1774,1,367.5,491.8
43,1774,1,615.0,639.5
43,1774,0,542.5,639.0
43,1774,1,7.9,526.5
43,1774,0,138.8,481.0
43,1775,1,621.0,640.0
43,1775,0,546.5,623.5
43,1775,1,368.8,489.0
43,1775,1,155.4,168.8
43,1775,1,209.8,512.0
43,1776,1,367.5,490.2
43,1776,1,631.0,640.0
43,1776,1,207.2,514.5
43,1776,1,153.8,166.0
43,1776,1,37.1,487.8
43,1776,1,517.0,640.0
43,1776,0,554.0,619.0
43,1776,1,625.0,488.0
43,1777,1,202.5,521.5
43,1777,1,367.2,501.2
43,1777,0,563.0,639.0
43,1777,0,190.6,499.0
43,1777,1,30.7,498.5
43,1778,1,199.6,522.0
43,1778,1,367.0,504.2
43,1778,0,580.0,638.0
43,1778,1,149.9,165.4
43,1778,1,23.6,486.8
43,1779,1,207.8,525.5
43,1779,1,375.5,504.0
43,1779,0,610.0,638.0
43,1780,0,616.0,640.0
43,1780,1,207.4,525.0
43,1780,1,375.2,507.8
43,1781,1,377.5,509.5
43,1781,1,206.8,529.0
43,1782,1,377.5,505.0
43,1782,0,74.1,639.5
43,1782,1,585.0,639.5
43,1782,1,204.1,533.0
43,1783,1,200.8,533.5
43,1783,1,595.0,639.5
43,1783,1,377.8,505.8
43,1784,0,56.0,638.0
43,1784,1,377.8,511.0
43,1784,1,198.8,534.0
43,1784,1,607.0,640.0
43,1785,1,196.8,538.5
43,1785,1,376.8,513.0
43,1785,1,621.5,640.0
43,1785,0,139.8,614.5
43,1786,0,42.6,639.0
43,1786,1,378.5,512.5
43,1786,1,196.8,537.0
43,1786,1,634.5,640.0
43,1786,1,156.2,154.2
43,1787,1,378.8,513.0
43,1787,1,195.2,533.5
43,1787,1,155.8,153.1
43,1788,1,378.5,509.0
43,1788,0,13.2,639.0
43,1788,1,153.8,149.2
43,1789,1,379.0,511.0
43,1789,1,189.8,540.0
43,1789,1,153.2,148.0
43,1789,0,8.0,639.5
43,1789,0,8.1,640.0
43,1790,1,187.5,542.0
43,1790,1,379.0,513.5
43,1790,1,379.0,514.0
43,1791,1,186.4,548.5
43,1791,1,574.0,504.0
43,1791,1,381.5,517.0
43,1791,1,276.0,320.0
43,1792,1,178.9,561.0
43,1792,1,383.0,510.0
43,1793,1,172.8,566.0
43,1794,1,164.5,580.5
43,1794,1,149.8,158.8
43,1795,1,387.5,557.0
43,1795,1,273.5,322.0
43,1796,1,389.0,559.0
43,1797,1,389.5,571.0
43,1797,1,153.5,606.5
43,1798,1,390.0,570.5
43,1798,1,149.6,590.5
43,1798,1,608.0,529.5
43,1798,1,625.0,548.5
43,1799,1,145.9,608.0
43,1799,1,390.2,577.0
43,1799,1,166.0,430.2
43,1800,1,391.5,579.5
43,1800,1,141.5,612.5
43,1800,1,634.5,558.5
43,1800,1,272.8,327.0
43,1800,1,148.8,158.2
43,1800,1,166.2,428.0
43,1801,1,391.8,580.5
43,1801,1,136.2,605.0
43,1801,1,162.8,425.0
43,1801,1,145.8,158.5
43,1802,1,394.8,591.5
43,1802,1,127.4,604.0
43,1802,1,144.0,152.5
43,1990,1,340.5,640.0
43,1990,1,95.6,548.5
43,1990,1,91.8,637.0
43,1990,1,497.5,502.8
43,1990,1,360.0,488.5
43,1990,1,529.0,450.8
43,1990,0,516.0,439.0
43,1990,0,497.2,502.5
43,1990,0,239.5,480.0
43,1990,1,340.5,640.0
43,1991,1,18.7,639.0
43,1991,1,613.5,526.0
43,1991,1,290.2,520.0
43,1991,1,286.0,640.0
43,1991,1,474.0,447.5
43,1991,1,612.5,525.5
43,1991,1,614.0,521.0
43,1991,0,462.0,431.5
43,1992,1,234.8,639.0
43,1992,1,400.5,493.0
43,1992,1,561.0,508.0
43,1992,0,418.0,427.8
43,1993,1,189.4,639.0
43,1993,1,520.5,496.5
43,1993,1,365.8,484.2
43,1994,1,131.5,640.0
43,1994,1,474.2,485.5
43,1994,1,324.0,479.5
43,1994,1,353.5,423.5
43,1994,1,613.5,639.0
43,1995,1,83.4,636.5
43,1995,1,445.8,476.5
43,1995,0,630.0,430.0
43,1995,1,296.0,473.5
43,1995,0,472.5,458.8
43,1996,1,74.6,636.0
43,1996,1,293.5,473.8
43,1996,0,629.5,489.5
43,1996,1,443.5,478.5
43,1996,1,325.5,417.5
43,1996,1,420.0,278.2
43,1996,0,629.0,434.0
43,1996,1,373.5,347.5
43,1997,1,64.2,639.0
43,1997,1,449.0,481.0
43,1997,1,295.5,476.8
43,1997,0,296.2,475.5
43,1997,0,636.0,421.5
43,1997,1,374.5,347.0
43,1998,1,64.4,639.0
43,1998,1,458.2,480.0
43,1998,1,302.8,481.5
43,1998,1,630.0,448.5
43,1999,1,60.7,638.0
43,1999,1,306.0,478.5
43,1999,1,461.8,485.0
43,1999,1,337.5,423.8
43,1999,0,324.5,413.5
43,2000,1,50.9,640.0
43,2000,1,310.2,486.0
43,2000,0,329.8,416.0
43,2000,1,469.8,490.0
43,2000,1,342.5,424.0
43,2001,1,50.0,640.0
43,2001,1,310.5,488.5
43,2001,1,471.0,492.5
43,2001,1,391.5,353.0
43,2002,1,39.6,639.0
43,2002,1,310.2,492.8
43,2002,1,472.0,496.0
43,2002,1,40.6,557.5
43,2002,0,330.0,416.0
43,2002,1,342.2,423.8
43,2003,1,33.8,640.0
43,2003,1,344.5,431.5
43,2003,1,311.5,496.2
43,2003,0,332.0,421.5
43,2003,1,476.5,505.5
43,2003,1,436.5,433.5
43,2004,1,18.8,593.0
43,2004,1,306.2,501.2
43,2004,1,471.0,504.0
43,2004,1,19.7,440.0
43,2004,1,389.2,360.0
43,2004,0,326.5,422.0
43,2005,1,455.5,510.0
43,2005,1,290.2,509.0
43,2005,1,324.5,437.8
43,2005,0,466.8,494.8
43,2005,1,634.5,448.0
43,2005,1,325.0,437.2
43,2006,1,285.2,508.5
43,2006,0,461.5,501.5
43,2006,1,319.0,440.0
43,2006,1,452.0,515.5
43,2006,1,451.5,516.0
43,2007,1,279.5,510.5
43,2007,0,302.5,428.0
43,2007,1,408.5,440.5
43,2007,1,315.5,438.0
43,2007,0,460.0,503.0
43,2008,1,312.8,442.5
43,2008,1,277.2,515.0
43,2008,0,300.0,433.0
43,2008,1,632.0,488.0
43,2008,1,405.5,442.5
43,2008,1,448.0,524.5
43,2008,0,459.0,504.2
43,2009,1,274.0,531.5
43,2009,1,311.5,455.5
43,2009,0,261.5,549.0
43,2009,0,298.0,445.2
43,2009,1,448.8,533.0
43,2010,1,270.2,548.0
43,2010,1,309.5,470.0
43,2010,1,359.2,391.8
43,2010,0,295.5,456.8
43,2010,0,459.5,536.5
43,2011,1,269.5,549.5
43,2011,1,357.5,395.2
43,2011,0,293.2,463.5
43,2011,1,93.2,542.5
43,2012,1,268.0,557.0
43,2012,1,358.0,397.8
43,2012,0,293.5,463.0
43,2013,1,264.0,560.5
43,2013,1,404.5,329.0
43,2013,0,413.2,460.0
43,2014,1,359.2,398.0
43,2014,1,453.5,568.5
43,2014,1,267.2,563.0
43,2014,1,405.8,476.5
43,2014,0,294.0,470.2
43,2014,0,418.5,463.5
43,2015,1,245.8,568.5
43,2015,1,389.5,482.5
43,2015,1,438.5,571.5
43,2015,1,342.5,396.0
43,2016,1,438.2,567.0
43,2016,1,285.8,469.0
43,2016,1,385.5,473.0
43,2016,0,270.2,461.2
43,2016,1,240.5,566.0
43,2017,1,437.0,566.0
43,2017,0,423.2,481.0
43,2017,1,236.5,562.0
43,2017,0,268.0,454.8
43,2018,1,274.5,467.8
43,2018,1,432.0,567.0
43,2018,1,631.0,639.5
43,2018,1,377.8,471.0
43,2019,1,218.0,577.0
43,2019,1,269.8,471.5
43,2019,1,373.5,469.0
43,2019,0,253.2,457.2
43,2019,1,324.8,380.8
43,2019,1,428.0,569.5
43,2019,0,387.0,449.0
43,2019,0,414.0,483.8
43,2020,1,426.8,578.0
43,2020,1,263.5,468.5
43,2020,1,369.0,474.5
43,2020,0,246.5,461.0
43,2020,0,382.5,458.8
43,2021,1,360.8,472.5
43,2021,1,253.5,470.0
43,2021,1,419.8,596.5
43,2021,0,373.8,461.2
43,2021,1,637.5,587.0
43,2021,0,235.2,459.0
43,2021,1,193.2,584.0
43,2021,1,311.0,382.0
43,2021,0,404.0,486.0
43,2022,1,170.5,601.5
43,2022,1,618.0,569.0
43,2022,1,293.8,377.8
43,2022,1,234.8,470.0
43,2022,0,215.2,462.0
43,2022,1,401.8,581.0
43,2022,0,387.2,478.0
43,2023,1,228.5,464.0
43,2023,1,397.0,578.0
43,2023,1,338.2,459.5
43,2023,0,381.0,465.0
43,2023,1,160.2,591.0
43,2024,1,218.5,469.5
43,2024,1,391.2,597.0
43,2024,1,146.0,613.0
43,2024,0,343.5,442.5
43,2025,1,210.5,474.8
43,2025,1,325.2,468.0
43,2025,1,88.5,478.0
43,2025,0,50.4,481.0
43,2025,1,129.8,600.0
43,2025,1,388.5,610.0
43,2026,1,211.4,478.0
43,2026,1,391.2,612.5
43,2026,1,87.1,478.5
43,2026,0,373.5,491.0
43,2026,1,326.0,469.0
43,2026,0,44.7,476.0
43,2026,0,340.2,448.0
43,2026,1,128.8,604.5
43,2027,1,218.2,477.2
43,2027,1,402.0,619.0
43,2027,0,382.5,493.5
43,2027,1,131.0,624.5
43,2027,1,91.2,471.5
43,2028,1,216.1,476.2
43,2028,1,123.6,640.0
43,2028,1,556.0,448.8
43,2028,1,404.0,619.5
43,2028,0,384.0,488.5
43,2028,0,348.8,445.0
43,2029,1,217.5,481.5
43,2029,1,405.5,626.5
43,2029,0,8.1,507.2
43,2030,1,214.5,464.0
43,2030,1,112.2,639.0
43,2030,1,533.5,640.0
43,2031,1,106.9,640.0
43,2031,1,215.9,470.2
43,2031,1,339.2,462.2
43,2032,1,213.8,475.5
43,2032,0,353.5,437.5
43,2032,1,338.5,453.5
43,2032,1,601.0,638.5
43,2032,1,97.8,624.0
43,2033,1,217.9,472.5
43,2033,1,91.4,640.0
43,2033,1,430.0,638.0
43,2033,1,344.5,448.5
43,2033,0,360.0,435.5
43,2033,0,541.0,460.5
43,2033,1,427.5,223.0
43,2033,1,594.0,640.0
43,2033,0,361.0,435.8
43,2034,1,107.9,640.0
43,2034,1,234.5,464.8
43,2034,0,578.0,463.0
43,2034,1,361.8,449.0
43,2034,1,452.5,627.0
43,2035,1,107.4,640.0
43,2035,1,238.1,466.0
43,2035,1,461.2,639.5
43,2035,1,366.5,454.2
43,2036,1,106.9,640.0
43,2036,1,465.0,635.5
43,2036,1,240.2,475.0
43,2036,1,369.0,454.0
43,2036,0,610.0,487.0
43,2036,0,385.8,431.0
43,2037,1,104.8,640.0
43,2037,1,472.5,636.0
43,2037,1,242.5,469.0
43,2037,1,372.5,453.5
43,2037,0,630.0,503.5
43,2037,0,389.5,435.0
43,2037,0,440.0,507.8
43,2037,0,233.8,441.0
43,2038,1,101.7,640.0
43,2038,1,242.8,473.0
43,2038,1,477.2,640.0
43,2038,1,374.0,457.0
43,2038,0,444.0,521.5
43,2038,0,391.0,431.5
43,2039,1,373.0,448.0
43,2039,1,478.2,640.0
43,2039,1,97.4,640.0
43,2039,1,241.6,471.0
43,2039,0,444.0,522.5
43,2039,0,235.2,469.0
43,2040,1,244.2,465.0
43,2040,1,376.5,448.5
43,2040,1,485.5,639.5
43,2040,0,395.5,429.5
43,2040,1,95.4,640.0
43,2040,1,318.0,342.5
43,2040,0,449.0,512.0
43,2040,1,483.8,576.0
43,2041,1,245.5,461.5
43,2041,1,490.8,640.0
43,2041,1,95.3,640.0
43,2041,0,397.5,434.5
43,2041,1,379.0,446.0
43,2042,1,89.1,640.0
43,2042,1,491.5,638.5
43,2042,1,243.8,468.5
43,2042,1,377.5,445.5
43,2042,0,397.0,426.5
43,2042,0,263.5,411.5
43,2043,1,80.8,640.0
43,2043,1,493.5,639.0
43,2043,1,242.0,462.5
43,2043,1,376.5,444.2
43,2043,0,396.5,419.0
43,2043,1,103.1,485.5
43,2043,0,127.4,471.0
43,2044,1,78.0,640.0
43,2044,1,505.0,640.0
43,2044,1,244.9,468.0
43,2044,1,381.5,449.0
43,2044,1,105.2,486.5
43,2044,0,401.2,433.8
43,2045,1,69.0,640.0
43,2045,1,245.2,470.5
43,2045,1,103.4,488.0
43,2045,1,383.5,451.5
43,2045,1,277.0,407.5
43,2045,1,513.0,636.5
43,2045,0,404.2,428.0
43,2046,1,62.4,640.0
43,2046,1,101.3,489.0
43,2046,1,242.6,466.5
43,2046,0,116.6,477.2
43,2046,1,382.5,449.0
43,2046,0,403.0,429.0
43,2046,0,468.2,506.2
43,2046,1,515.1,636.5
43,2046,0,234.1,446.0
43,2046,1,242.9,438.0
43,2047,1,55.3,640.0
43,2047,1,100.4,493.5
43,2047,1,519.5,640.0
43,2047,1,243.0,471.0
43,2047,1,383.5,447.2
43,2047,0,115.1,483.0
43,2047,0,404.5,423.2
43,2047,1,242.8,453.5
43,2048,1,49.6,640.0
43,2048,1,521.9,640.0
43,2048,1,383.0,452.0
43,2048,1,97.8,499.5
43,2048,1,241.5,472.5
43,2048,0,111.5,490.5
43,2048,1,242.8,452.2
43,2048,1,579.0,640.0
43,2048,0,404.0,421.8
43,2049,1,45.8,639.0
43,2049,1,529.0,640.0
43,2049,1,386.2,448.8
43,2049,1,244.0,475.2
43,2049,1,99.5,488.0
43,2049,0,407.0,423.5
43,2049,0,478.5,558.0
43,2050,1,32.9,640.0
43,2050,1,530.0,640.0
43,2050,1,239.6,473.0
43,2050,1,383.5,448.0
43,2050,0,405.0,427.5
43,2050,0,478.0,550.0
43,2050,0,230.1,445.2
43,2050,0,102.0,490.5
43,2051,1,541.0,640.0
43,2051,1,384.8,449.5
43,2051,1,239.5,474.2
43,2051,1,22.5,640.0
43,2051,1,19.0,506.5
43,2051,0,407.0,425.0
43,2052,1,386.5,452.0
43,2052,0,92.0,502.0
43,2052,1,240.5,477.5
43,2052,1,14.7,639.5
43,2052,0,264.0,411.0
43,2052,0,488.5,579.5
43,2052,1,543.0,623.5
43,2052,0,408.2,426.5
43,2052,0,12.1,507.0
43,2052,1,12.3,509.8
43,2053,1,387.0,450.0
43,2053,1,551.0,640.0
43,2053,1,239.2,476.0
43,2053,0,492.0,568.0
43,2053,0,5.1,519.5
43,2053,0,89.2,501.5
43,2053,0,62.9,463.8
43,2053,1,6.8,640.0
43,2053,1,552.5,80.9
43,2053,0,409.5,430.0
43,2053,0,51.8,481.0
43,2053,0,229.0,447.0
43,2054,1,388.2,448.2
43,2054,1,556.0,640.0
43,2054,1,239.9,477.0
43,2054,0,397.5,428.2
43,2054,1,3.3,518.5
43,2054,1,6.3,640.0
43,2054,1,5.8,640.0
43,2054,0,411.5,424.5
43,2054,0,62.8,458.5
43,2054,0,374.0,408.5
43,2054,1,634.0,613.0
43,2054,0,85.5,501.2
43,2055,1,564.0,640.0
43,2055,1,238.8,476.2
43,2055,1,388.2,449.8
43,2055,1,540.0,431.0
43,2055,1,81.1,505.5
43,2055,0,157.0,576.0
43,2055,0,372.5,401.5
43,2056,1,569.0,639.5
43,2056,1,239.1,476.0
43,2056,1,389.5,448.0
43,2056,0,372.8,393.2
43,2056,1,78.0,504.5
43,2056,0,77.4,505.0
43,2056,0,264.8,420.5
43,2056,0,502.5,572.0
43,2056,1,542.0,420.0
43,2056,0,413.2,425.8
43,2056,1,156.4,600.5
43,2057,1,580.0,640.0
43,2057,1,392.0,455.5
43,2057,1,241.2,480.5
43,2057,1,278.0,407.0
43,2057,0,75.6,509.0
43,2057,1,591.0,65.9
43,2057,0,266.0,413.0
43,2057,0,509.5,635.5
43,2058,1,588.0,640.0
43,2058,0,70.7,509.5
43,2058,1,393.0,455.5
43,2058,1,241.0,481.5
43,2058,1,85.9,472.0
43,2058,1,239.8,478.0
43,2059,1,591.5,640.0
43,2059,1,392.0,464.0
43,2059,1,237.9,472.5
43,2059,1,276.2,412.0
43,2059,1,82.8,480.8
43,2059,0,263.5,411.0
43,2059,0,151.4,591.5
43,2059,0,254.2,415.5
43,2060,1,604.5,639.0
43,2060,1,394.8,466.5
43,2060,1,240.5,486.8
43,2060,0,55.3,521.0
43,2060,1,83.6,489.5
43,2060,1,366.0,407.0
43,2060,1,239.4,479.0
43,2060,0,405.0,447.2
43,2060,0,421.2,443.0
43,2060,0,69.1,520.0
43,2061,0,57.0,523.5
43,2061,1,613.0,639.5
43,2061,1,395.5,469.0
43,2061,1,240.0,490.0
43,2061,1,83.1,495.0
43,2061,0,265.5,418.5
43,2061,0,422.0,448.0
43,2061,1,278.0,418.5
43,2061,0,150.2,598.0
43,2061,0,11.9,563.0
43,2062,1,619.5,639.0
43,2062,0,49.9,527.0
43,2062,1,394.2,474.0
43,2062,1,77.1,490.5
43,2062,0,7.2,488.0
43,2062,1,237.0,493.5
43,2062,0,253.8,420.5
43,2062,0,404.5,450.5
43,2063,1,397.0,471.0
43,2063,1,626.5,640.0
43,2063,1,238.9,492.0
43,2063,0,465.0,587.0
43,2063,0,6.3,475.5
43,2063,1,238.4,469.5
43,2063,1,278.0,415.5
43,2063,0,255.1,420.5
43,2063,0,148.2,639.0
43,2063,0,265.8,418.0
43,2063,0,49.5,533.0
43,2064,1,398.5,476.5
43,2064,1,238.5,493.0
43,2064,1,631.0,507.0
43,2064,0,266.0,427.2
43,2064,1,278.2,420.5
43,2064,0,630.0,532.0
43,2065,0,632.5,506.2
43,2065,1,398.5,479.2
43,2065,1,237.5,497.2
43,2065,0,254.9,425.0
43,2065,0,144.9,545.0
43,2065,0,36.0,537.5
43,2065,0,266.0,436.0
43,2065,1,278.0,421.5
43,2066,1,399.2,481.5
43,2066,1,236.2,500.5
43,2066,0,136.2,638.0
43,2066,0,190.6,578.0
43,2066,0,254.1,426.2
43,2066,0,497.2,434.0
43,2067,1,234.6,505.0
43,2067,1,399.0,483.5
43,2067,0,132.8,626.5
43,2067,0,253.0,430.8
43,2067,1,600.0,157.8
43,2067,1,367.5,414.8
43,2067,1,276.8,422.0
43,2067,0,497.5,426.0
43,2068,1,236.1,502.0
43,2068,1,401.8,480.2
43,2068,1,370.0,412.0
43,2068,0,125.4,623.0
43,2068,1,610.5,138.5
43,2068,1,278.5,419.5
43,2068,0,254.6,424.2
43,2069,1,234.0,503.5
43,2069,1,400.8,475.5
43,2069,1,369.5,412.2
43,2069,0,122.5,621.0
43,2069,1,2.4,515.5
43,2069,1,277.5,420.5
43,2069,0,381.0,410.5
43,2069,0,253.2,434.0
43,2069,0,504.0,420.8
43,2070,1,232.0,505.0
43,2070,1,369.5,412.0
43,2070,1,400.5,476.5
43,2070,0,264.0,443.5
43,2070,0,118.3,617.0
43,2070,1,276.5,420.5
43,2070,0,380.8,414.8
43,2070,0,252.0,433.2
43,2071,1,232.2,508.0
43,2071,1,402.0,479.5
43,2071,1,370.0,410.0
43,2071,1,277.2,420.2
43,2071,0,252.5,429.8
43,2071,0,512.0,426.2
43,2072,1,232.5,508.0
43,2072,1,403.5,476.5
43,2072,1,370.2,408.5
43,2072,0,514.0,423.2
43,2072,0,252.6,429.5
43,2072,1,278.0,421.0
43,2073,1,229.6,514.0
43,2073,1,409.5,491.2
43,2073,0,251.8,429.2
43,2073,1,373.8,417.0
43,2073,0,422.5,485.5
43,2073,1,595.0,474.5
43,2073,0,445.0,469.2
43,2073,0,548.0,453.2
43,2074,1,407.8,490.8
43,2074,1,371.5,415.2
43,2074,0,249.2,428.0
43,2074,1,228.2,512.5
43,2074,0,548.5,461.5
43,2074,1,276.0,423.0
43,2074,0,421.0,488.5
43,2074,1,593.0,476.8
43,2075,1,406.5,495.0
43,2075,1,369.0,413.0
43,2075,0,548.0,440.0
43,2075,1,592.0,477.5
43,2075,0,442.5,472.5
43,2075,0,248.5,463.2
43,2075,0,420.0,486.5
43,2075,0,383.5,418.0
43,2075,1,226.0,514.0
43,2076,1,596.5,482.2
43,2076,1,410.5,495.0
43,2076,1,228.5,517.0
43,2076,0,423.5,493.0
43,2076,1,373.2,418.0
43,2076,0,250.4,431.0
43,2077,1,411.0,494.8
43,2077,1,598.0,481.5
43,2077,1,228.4,518.5
43,2077,0,423.5,494.5
43,2077,1,373.8,420.0
43,2077,1,277.0,424.0
43,2077,0,388.0,430.2
43,2078,1,597.0,484.5
43,2078,1,409.5,495.5
43,2078,0,422.8,490.5
43,2078,0,249.1,428.0
43,2078,1,372.8,417.5
43,2078,1,43.8,508.0
43,2078,1,225.8,515.5
43,2079,1,596.0,485.8
43,2079,1,407.5,497.5
43,2079,1,223.9,517.5
43,2079,1,369.5,417.5
43,2079,0,445.0,473.0
43,2080,1,600.5,485.5
43,2080,1,411.0,496.5
43,2080,0,249.4,430.8
43,2080,0,561.0,452.5
43,2080,1,226.6,519.5
43,2080,1,324.2,343.5
43,2080,0,424.5,495.5
43,2081,1,603.0,486.0
43,2081,0,73.9,639.0
43,2081,1,412.5,499.5
43,2081,0,388.5,426.0
43,2081,0,425.5,500.5
43,2081,1,277.0,425.5
43,2081,1,226.2,519.0
43,2081,1,374.0,415.5
43,2081,1,425.8,499.5
43,2082,1,606.0,494.8
43,2082,1,412.5,503.0
43,2082,1,223.8,516.0
43,2082,0,426.5,505.0
43,2082,1,373.5,418.5
43,2082,0,248.5,468.2
43,2082,0,388.5,427.0
43,2082,0,4.8,458.2
43,2083,1,610.5,496.0
43,2083,1,277.5,420.5
43,2083,1,415.5,502.5
43,2083,0,249.5,423.8
43,2083,1,607.5,497.0
43,2083,0,232.8,443.0
43,2083,1,224.8,516.5
43,2084,1,277.2,420.5
43,2084,1,417.5,505.0
43,2084,1,225.2,517.5
43,2084,0,249.1,421.0
43,2084,1,376.0,417.5
43,2084,1,610.0,456.8
43,2084,0,610.5,458.0
43,2084,0,391.5,432.2
43,2084,1,224.4,494.5
43,2085,1,416.2,502.5
43,2085,1,222.5,520.0
43,2085,0,613.0,459.0
43,2085,0,248.4,429.0
43,2085,1,276.2,422.0
43,2086,1,418.0,508.0
43,2086,0,611.0,460.0
43,2086,1,376.0,418.5
43,2086,0,247.0,424.5
43,2086,1,276.5,422.5
43,2086,1,222.0,516.5
43,2086,0,9.5,496.5
43,2087,0,621.0,466.5
43,2087,1,420.0,507.0
43,2087,0,628.0,466.0
43,2087,0,394.0,430.5
43,2087,0,635.0,457.0
43,2087,1,377.5,417.0
43,2087,0,7.9,505.5
43,2087,1,222.2,518.0
43,2087,1,26.9,549.0
43,2087,1,277.5,419.0
43,2088,1,421.5,508.5
43,2088,0,436.5,505.8
43,2088,1,277.0,421.5
43,2088,1,220.8,523.0
43,2088,1,378.2,413.5
43,2089,1,424.0,513.0
43,2089,1,23.7,499.5
43,2089,1,633.0,492.5
43,2089,0,396.2,429.5
43,2089,1,380.5,424.0
43,2089,1,572.5,637.5
43,2089,1,221.1,532.5
43,2090,1,218.9,536.0
43,2090,1,423.5,515.0
43,2090,1,16.9,489.0
43,2090,1,633.0,496.0
43,2090,1,277.2,427.0
43,2090,1,78.6,454.5
43,2090,1,380.5,422.5
43,2090,1,577.0,640.0
43,2090,0,395.5,423.5
43,2090,0,440.0,502.8
43,2090,0,104.8,474.0
43,2090,0,247.0,432.8
43,2091,1,217.5,544.5
43,2091,1,425.8,513.5
43,2091,1,13.8,576.5
43,2091,0,99.1,483.0
43,2091,1,637.0,458.0
43,2091,1,380.8,421.8
43,2091,0,397.5,429.5
43,2091,1,277.5,429.8
43,2091,0,226.2,447.2
43,2091,0,397.0,419.0
43,2092,1,217.4,546.0
43,2092,1,427.0,510.0
43,2092,1,13.4,576.5
43,2092,1,380.5,419.0
43,2092,0,397.8,423.0
43,2092,1,278.0,430.5
43,2092,0,96.4,483.5
43,2092,0,11.8,507.5
43,2093,1,426.8,516.0
43,2093,1,214.5,542.5
43,2093,1,380.8,420.0
43,2093,0,398.5,438.5
43,2093,1,6.5,574.0
43,2093,0,224.1,433.8
43,2093,0,397.5,430.0
43,2094,1,215.5,547.5
43,2094,1,430.5,518.0
43,2094,1,4.1,531.5
43,2094,1,382.5,415.0
43,2094,1,4.4,576.0
43,2094,0,225.5,442.0
43,2094,0,399.5,411.0
43,2095,1,212.0,554.5
43,2095,1,430.5,521.5
43,2095,1,381.0,420.0
43,2095,1,276.2,429.5
43,2095,0,420.0,497.5
43,2095,0,399.5,422.5
43,2095,0,90.8,463.5
43,2095,0,243.5,438.2
43,2096,1,433.2,529.0
43,2096,0,71.2,492.8
43,2096,1,210.5,553.5
43,2096,0,451.5,527.5
43,2096,1,276.5,433.0
43,2096,1,382.0,420.5
43,2096,0,400.5,417.0
43,2096,0,85.5,461.0
43,2096,0,420.5,484.0
43,2097,1,436.2,535.0
43,2097,0,455.0,522.0
43,2097,0,69.6,494.5
43,2097,1,211.1,555.5
43,2097,0,403.0,416.5
43,2098,1,439.0,536.0
43,2098,1,209.8,552.5
43,2098,0,220.5,436.0
43,2098,0,404.8,430.5
43,2098,0,243.6,428.5
43,2099,1,439.8,529.5
43,2099,1,208.8,552.5
43,2099,0,405.0,430.8
43,2099,0,220.5,431.5
43,2099,0,459.0,524.0
43,2099,1,276.5,421.5
43,2099,0,242.5,426.5
43,2100,1,439.5,532.5
43,2100,0,216.8,431.5
43,2100,1,204.8,554.5
43,2100,0,404.2,434.5
43,2100,0,459.2,531.0
43,2100,1,275.0,422.0
43,2100,1,382.5,415.0
43,2101,1,441.8,533.5
43,2101,1,204.6,554.5
43,2101,1,276.5,422.5
43,2101,1,385.0,417.8
43,2101,0,406.0,425.2
43,2101,0,406.2,461.5
43,2101,0,217.5,434.5
43,2101,0,406.5,433.2
43,2102,1,201.2,560.5
43,2102,1,443.5,531.5
43,2102,0,213.0,434.8
43,2102,1,274.8,418.5
43,2102,0,44.9,458.0
43,2102,1,386.8,419.2
43,2102,0,406.0,424.5
43,2102,1,385.2,420.2
43,2102,1,384.0,417.5
43,2103,1,201.2,564.5
43,2103,1,446.0,536.5
43,2103,1,276.0,423.5
43,2103,0,467.5,538.0
43,2103,1,385.5,416.2
43,2103,0,213.1,438.8
43,2103,0,213.4,465.5
43,2103,0,408.0,429.5
43,2104,1,201.0,568.0
43,2104,1,276.5,421.2
43,2104,1,449.0,548.0
43,2104,0,212.5,437.5
43,2104,1,387.0,416.5
43,2104,0,34.6,469.0
43,2104,0,472.0,576.0
43,2104,0,409.5,416.5
43,2105,1,199.5,570.0
43,2105,1,276.2,424.5
43,2105,1,450.0,548.5
43,2105,0,212.1,436.5
43,2105,0,11.2,517.5
43,2105,1,386.5,419.8
43,2105,0,471.5,535.5
43,2105,0,28.1,474.2
43,2106,1,197.0,575.0
43,2106,1,450.5,554.0
43,2106,0,473.5,539.0
43,2106,0,19.2,482.0
43,2106,0,582.5,446.5
43,2106,1,275.8,429.2
43,2106,0,5.8,516.0
43,2107,1,196.5,578.5
43,2107,1,453.5,552.0
43,2107,1,388.0,420.5
43,2107,0,476.5,573.0
43,2107,0,11.4,482.0
43,2107,0,209.8,438.5
43,2107,0,411.2,419.0
43,2108,1,389.0,418.0
43,2108,1,196.0,577.0
43,2108,1,455.5,554.0
43,2108,0,209.5,439.0
43,2108,1,276.2,428.0
43,2108,0,6.6,488.0
43,2108,1,622.0,402.5
43,2109,1,458.2,556.0
43,2109,1,390.0,420.5
43,2109,1,194.9,585.5
43,2109,1,276.8,428.0
43,2109,1,194.0,546.5
43,2110,1,459.5,560.5
43,2110,1,276.5,428.5
43,2110,1,390.5,417.5
43,2110,1,192.2,554.0
43,2110,0,207.8,444.8
43,2111,1,464.0,567.0
43,2111,1,393.5,420.5
43,2111,1,193.5,536.0
43,2111,1,194.2,592.0
43,2111,0,209.0,449.0
43,2111,1,279.0,428.8
43,2112,1,462.8,570.5
43,2112,0,629.0,423.0
43,2112,1,391.5,424.5
43,2112,0,204.8,449.8
43,2112,0,401.5,434.8
43,2112,1,276.5,434.0
43,2112,1,189.8,596.0
43,2113,1,465.5,579.5
43,2113,1,392.5,427.8
43,2113,1,189.0,601.0
43,2113,0,205.0,451.2
43,2113,1,276.8,435.5
43,2113,1,337.0,344.5
43,2114,1,466.5,585.5
43,2114,1,187.5,601.0
43,2114,0,202.2,451.0
43,2114,1,391.2,427.0
43,2114,1,187.0,560.5
43,2115,1,471.2,587.5
43,2115,1,395.0,430.0
43,2115,0,205.5,450.0
43,2115,1,189.1,601.5
43,2115,0,423.0,471.0
43,2115,0,424.0,498.0
43,2115,0,422.8,442.5
43,2116,1,473.0,589.0
43,2116,1,188.5,603.0
43,2116,0,608.0,486.5
43,2116,1,395.0,428.0
43,2116,1,278.5,434.0
43,2116,0,422.5,441.0
43,2116,0,204.2,450.5
43,2116,0,423.5,453.2
43,2117,1,478.0,589.0
43,2117,1,398.5,425.0
43,2117,1,281.0,431.2
43,2117,0,4.8,640.0
43,2117,0,207.2,449.0
43,2117,1,624.0,26.7
43,2117,0,619.0,450.2
43,2117,1,189.8,597.5
43,2118,1,480.8,594.5
43,2118,1,189.1,602.5
43,2118,1,399.0,427.0
43,2118,1,281.0,430.0
43,2118,0,205.5,447.8
43,2118,0,428.2,447.0
43,2119,1,482.8,596.0
43,2119,1,188.0,609.0
43,2119,1,281.0,430.5
43,2119,1,400.0,428.5
43,2119,0,205.5,447.8
43,2120,1,486.0,597.5
43,2120,1,188.5,612.5
43,2120,1,401.5,429.2
43,2120,0,10.4,506.0
43,2120,0,205.4,449.0
43,2120,0,635.0,505.2
43,2121,1,486.5,599.0
43,2121,1,186.0,608.0
43,2121,1,401.0,428.5
43,2121,0,203.2,448.0
43,2121,1,281.5,430.0
43,2121,0,431.2,452.0
43,2121,0,7.0,480.0
43,2121,1,184.9,567.0
43,2121,1,341.0,248.0
43,2122,1,489.5,601.5
43,2122,1,186.4,617.0
43,2122,1,402.0,428.5
43,2122,0,203.4,449.0
43,2122,0,5.0,465.5
43,2122,1,402.0,426.5
43,2122,0,434.0,457.2
43,2123,1,489.5,604.0
43,2123,1,184.0,620.0
43,2123,0,202.2,451.5
43,2123,1,402.5,427.0
43,2123,0,435.8,504.5
43,2123,0,461.5,424.8
43,2124,1,488.5,604.0
43,2124,0,201.0,454.5
43,2124,1,181.1,624.5
43,2124,1,400.5,430.0
43,2124,1,401.0,432.0
43,2124,0,432.5,456.0
43,2124,1,180.8,565.0
43,2125,1,494.0,608.5
43,2125,1,182.6,626.0
43,2125,0,201.2,456.5
43,2125,1,403.5,430.5
43,2125,0,636.0,429.5
43,2126,1,491.8,607.5
43,2126,1,177.5,632.5
43,2126,1,401.5,432.5
43,2126,1,177.2,567.5
43,2127,1,492.5,612.0
43,2127,1,176.5,637.0
43,2127,1,401.0,431.5
43,2128,1,489.5,615.5
43,2128,1,170.2,640.0
43,2128,1,399.0,430.5
43,2128,1,276.5,442.0
43,2129,1,486.0,617.0
43,2129,1,392.2,433.2
43,2129,0,403.5,425.8
43,2129,1,485.0,587.5
43,2130,1,487.5,630.0
43,2130,1,145.5,639.0
43,2130,1,388.5,434.0
43,2131,1,488.5,632.5
43,2131,1,145.6,639.0
43,2131,1,390.5,434.8
43,2131,0,424.5,469.0
43,2132,1,489.2,634.0
43,2132,1,144.8,639.5
43,2132,0,424.5,468.5
43,2132,1,390.5,433.8
43,2133,1,490.0,634.5
43,2133,1,141.2,640.0
43,2133,0,423.5,466.2
43,2133,1,389.5,433.8
43,2133,1,14.1,491.5
43,2134,1,139.5,640.0
43,2134,1,488.5,637.5
43,2134,1,387.8,433.5
43,2134,0,422.0,468.5
43,2135,1,492.0,637.0
43,2135,1,139.4,640.0
43,2135,1,388.8,435.0
43,2135,0,425.0,513.5
43,2136,1,493.0,640.0
43,2136,1,138.8,640.0
43,2136,1,390.0,434.0
43,2136,1,487.8,640.0
43,2136,0,426.5,514.0
43,2136,1,492.0,639.5
43,2137,1,492.5,640.0
43,2137,1,135.5,640.0
43,2137,1,388.5,438.5
43,2137,1,260.8,451.0
43,2137,0,425.0,517.0
43,2138,1,492.5,640.0
43,2138,1,134.2,640.0
43,2138,1,388.5,440.2
43,2138,0,425.0,518.5
43,2138,1,260.0,453.5
43,2139,1,492.5,640.0
43,2139,1,132.3,640.0
43,2139,1,387.5,442.2
43,2139,0,424.5,521.0
43,2139,0,400.2,434.0
43,2140,1,494.0,639.5
43,2140,1,388.5,441.2
43,2140,1,131.5,639.5
43,2140,0,425.8,521.0
43,2140,1,567.0,41.2
43,2140,1,131.8,639.5
43,2140,1,260.0,456.5
43,2141,1,494.2,640.0
43,2141,1,388.0,442.2
43,2141,1,128.5,601.0
43,2141,1,129.5,640.0
43,2141,1,492.8,640.0
43,2141,1,259.5,455.5
43,2141,0,400.2,435.5
43,2141,0,424.5,519.5
43,2142,1,386.5,438.2
43,2142,1,494.5,640.0
43,2142,1,126.5,640.0
43,2142,0,399.0,421.0
43,2142,0,423.5,474.5
43,2143,1,387.0,441.0
43,2143,1,126.5,640.0
43,2143,1,497.5,640.0
43,2143,1,2.9,494.0
43,2143,1,494.0,640.0
43,2143,0,426.0,521.0
43,2143,1,489.0,637.0
43,2144,1,388.5,438.0
43,2144,1,124.0,640.0
43,2144,1,498.5,640.0
43,2144,1,2.4,496.5
43,2144,1,258.8,451.0
43,2144,1,499.0,640.0
43,2144,0,151.0,489.0
43,2145,1,120.0,640.0
43,2145,1,387.0,437.5
43,2145,1,489.8,640.0
43,2146,1,388.5,438.5
43,2146,1,118.7,640.0
43,2146,1,501.5,640.0
43,2146,1,497.8,639.5
43,2147,1,114.4,639.5
43,2147,1,386.0,438.5
43,2147,0,400.5,420.5
43,2147,1,254.9,452.0
43,2148,1,115.0,639.0
43,2148,1,507.0,640.0
43,2148,1,388.2,444.5
43,2148,0,467.8,603.5
43,2148,0,402.5,428.5
43,2148,0,466.5,471.5
43,2149,1,509.5,640.0
43,2149,1,112.4,639.5
43,2149,1,388.5,447.0
43,2149,0,468.2,458.0
43,2149,1,323.2,248.2
43,2150,1,111.0,640.0
43,2150,1,390.0,448.2
43,2150,1,511.0,639.0
43,2150,1,109.9,639.5
43,2150,1,389.0,447.2
43,2151,1,514.5,640.0
43,2151,1,107.3,640.0
43,2151,1,107.9,639.5
43,2151,1,390.5,451.0
43,2151,1,256.8,456.0
43,2151,1,389.5,450.5
43,2152,1,514.5,640.0
43,2152,1,103.9,640.0
43,2152,1,388.2,450.5
43,2152,1,254.8,459.0
43,2152,0,473.0,590.0
43,2152,1,323.5,245.0
43,2152,1,105.1,637.0
43,2153,1,102.2,640.0
43,2153,1,390.0,452.2
43,2153,1,255.2,459.5
43,2153,1,521.9,640.0
43,2154,1,99.9,640.0
43,2154,0,436.0,546.5
43,2154,1,521.5,640.0
43,2154,1,255.2,459.8
43,2154,1,524.5,640.0
43,2154,1,520.5,640.0
43,2154,1,390.5,453.0
43,2154,1,323.5,245.5
43,2155,1,524.5,640.0
43,2155,1,99.4,640.0
43,2155,1,391.5,452.0
43,2155,0,438.0,549.0
43,2155,0,406.5,434.0
43,2155,1,325.2,246.0
43,2155,1,523.1,639.0
43,2156,1,525.0,640.0
43,2156,1,94.0,640.0
43,2156,1,390.8,451.5
43,2156,0,406.0,439.2
43,2156,1,255.1,458.0
43,2156,1,527.0,639.5
43,2156,0,404.2,440.5
43,2156,1,119.6,475.5
43,2157,1,93.1,640.0
43,2157,1,527.0,640.0
43,2157,1,118.9,477.5
43,2157,0,438.0,540.5
43,2157,1,391.0,451.0
43,2157,1,255.0,460.2
43,2157,0,406.2,437.0
43,2157,1,530.5,639.5
43,2157,1,323.2,239.5
43,2158,1,88.7,640.0
43,2158,1,531.0,640.0
43,2158,0,439.5,546.0
43,2158,1,392.5,451.0
43,2158,0,406.8,438.5
43,2158,1,255.2,460.0
43,2158,0,408.5,441.0
43,2159,0,440.5,543.5
43,2159,1,85.2,640.0
43,2159,0,407.0,441.5
43,2159,1,255.1,461.0
43,2159,1,524.0,638.0
43,2159,0,482.8,501.0
43,2159,1,393.0,452.8
43,2159,0,408.5,441.5
43,2159,1,323.5,246.6
43,2159,1,533.0,640.0
43,2160,0,441.5,550.0
43,2160,1,81.1,640.0
43,2160,1,142.1,296.2
43,2160,1,254.9,464.5
43,2160,0,406.5,441.2
43,2160,1,393.0,454.0
43,2160,1,78.8,640.0
43,2160,1,535.0,640.0
43,2160,0,243.8,447.5
43,2160,0,408.5,440.8
43,2160,0,484.0,497.5
43,2160,1,523.9,640.0
43,2160,1,322.8,239.5
43,2160,0,221.5,464.5
43,2161,1,80.2,640.0
43,2161,0,442.8,550.0
43,2161,1,539.0,640.0
43,2161,1,142.1,299.5
43,2161,0,488.2,496.5
43,2161,0,409.0,441.5
43,2161,0,245.2,451.5
43,2161,0,222.5,466.5
43,2161,1,323.5,240.1
43,2161,1,514.5,638.0
43,2161,1,255.5,462.0
43,2161,0,410.0,435.0
43,2162,1,140.8,298.0
43,2162,0,442.2,551.0
43,2162,1,254.4,464.0
43,2162,1,74.3,639.0
43,2162,1,74.0,640.0
43,2162,0,408.5,439.0
43,2162,0,409.5,433.0
43,2162,0,243.2,445.5
43,2162,1,393.0,453.2
43,2162,1,540.0,640.0
43,2162,1,324.0,239.0
43,2163,0,444.5,551.5
43,2163,1,138.5,308.5
43,2163,1,255.5,462.5
43,2163,1,322.5,238.8
43,2163,1,395.0,454.2
43,2163,1,71.5,640.0
43,2163,0,243.9,455.2
43,2164,0,444.8,555.5
43,2164,1,138.8,309.0
43,2164,1,549.0,640.0
43,2164,1,255.0,467.0
43,2164,1,67.9,640.0
43,2164,0,243.9,452.5
43,2165,0,444.8,559.0
43,2165,1,135.5,305.2
43,2165,1,252.6,469.5
43,2165,1,61.7,640.0
43,2165,1,394.0,456.0
43,2165,1,322.2,240.2
43,2165,1,61.5,640.0
43,2165,0,242.0,452.5
43,2166,0,447.2,558.0
43,2166,1,556.5,640.0
43,2166,1,396.0,456.2
43,2166,1,254.2,468.0
43,2166,1,58.7,639.5
43,2166,1,133.5,305.8
43,2166,0,243.0,461.5
43,2166,1,324.0,244.8
43,2167,1,57.4,639.5
43,2167,1,132.7,308.0
43,2167,1,255.2,470.5
43,2167,1,398.5,458.0
43,2167,0,450.0,561.5
43,2167,0,244.2,454.5
43,2168,0,451.2,560.0
43,2168,1,255.2,468.8
43,2168,1,562.5,640.0
43,2168,1,131.6,311.0
43,2168,1,399.0,457.5
43,2169,1,47.7,639.5
43,2169,1,130.7,319.8
43,2169,0,453.8,566.0
43,2169,1,255.2,470.2
43,2169,1,399.0,458.5
43,2169,1,47.4,640.0
43,2170,0,454.0,569.5
43,2170,1,129.4,315.8
43,2170,1,571.0,640.0
43,2170,1,41.7,640.0
43,2170,1,254.8,469.0
43,2170,1,399.2,461.8
43,2170,1,41.4,640.0
43,2170,0,417.0,449.0
43,2171,1,253.9,469.5
43,2171,1,36.6,640.0
43,2171,0,455.0,571.0
43,2171,1,125.7,309.0
43,2171,1,399.5,463.0
43,2172,0,457.5,572.5
43,2172,1,254.6,469.2
43,2172,0,417.5,447.0
43,2172,1,400.0,460.2
43,2172,1,35.8,640.0
43,2172,1,125.2,309.0
43,2172,0,410.0,452.0
43,2172,0,412.2,451.5
43,2173,1,28.9,640.0
43,2173,0,458.0,576.0
43,2173,1,123.6,310.0
43,2173,1,400.0,461.5
43,2173,1,253.6,471.0
43,2173,0,418.5,443.5
43,2173,1,29.0,584.0
43,2173,1,581.5,640.0
43,2173,0,412.0,451.5
43,2174,1,27.5,640.0
43,2174,1,401.2,463.0
43,2174,0,461.0,579.5
43,2174,1,255.2,473.0
43,2174,0,422.0,445.2
43,2174,1,26.8,523.5
43,2174,1,124.6,309.5
43,2174,1,586.0,640.0
43,2174,0,243.2,463.2
43,2174,0,421.0,450.0
43,2175,1,23.1,640.0
43,2175,0,463.0,579.0
43,2175,1,587.0,640.0
43,2175,1,255.2,473.0
43,2175,1,403.5,465.0
43,2175,0,423.5,442.0
43,2175,1,600.0,640.0
43,2175,0,424.2,440.5
43,2175,0,243.4,457.8
43,2176,0,466.0,588.0
43,2176,1,16.2,640.0
43,2176,1,405.8,467.5
43,2176,0,425.5,453.5
43,2176,0,244.1,460.2
43,2176,1,255.5,473.2
43,2176,0,426.0,453.0
43,2176,1,591.0,638.5
43,2177,1,12.4,640.0
43,2177,0,463.5,593.0
43,2177,1,606.5,640.0
43,2177,1,401.5,469.5
43,2177,1,253.2,472.0
43,2177,1,597.0,640.0
43,2177,1,402.5,468.2
43,2177,0,422.5,445.5
43,2178,1,405.0,471.8
43,2178,0,469.2,595.5
43,2178,1,255.2,474.5
43,2178,0,427.0,450.0
43,2179,0,469.2,597.0
43,2179,1,253.2,479.2
43,2179,1,404.8,474.0
43,2179,1,620.0,640.0
43,2179,1,613.0,640.0
43,2179,0,241.0,462.5
43,2180,0,470.8,601.0
43,2180,1,405.0,473.8
43,2180,1,253.8,468.0
43,2180,0,241.5,461.0
43,2180,1,4.9,555.0
43,2180,0,426.5,454.5
43,2180,1,625.0,640.0
43,2180,1,615.5,640.0
43,2181,1,407.0,478.2
43,2181,0,472.5,600.5
43,2181,1,255.1,479.0
43,2181,0,214.5,485.2
43,2181,0,242.5,462.8
43,2181,0,420.8,465.5
43,2181,0,429.5,457.8
43,2181,1,2.1,492.0
43,2182,0,473.2,602.5
43,2182,1,253.9,474.0
43,2182,1,407.0,477.0
43,2182,0,429.0,466.8
43,2182,0,419.5,467.0
43,2182,0,429.5,460.8
43,2182,0,417.2,466.8
43,2182,1,407.5,477.2
43,2182,0,421.0,466.0
43,2183,1,255.0,476.0
43,2183,0,431.8,462.5
43,2183,0,476.2,599.0
43,2183,0,242.5,460.5
43,2183,1,632.0,495.5
43,2183,1,409.0,477.5
43,2183,1,597.5,43.2
43,2183,0,422.0,467.2
43,2184,1,255.0,474.0
43,2184,1,409.5,478.0
43,2184,0,479.5,615.0
43,2184,0,242.5,460.0
43,2184,0,5.7,509.2
43,2185,1,254.8,472.0
43,2185,0,241.8,462.0
43,2185,1,562.0,638.0
43,2185,1,410.2,474.0
43,2186,1,103.8,454.0
43,2186,1,413.5,475.8
43,2186,1,255.5,474.0
43,2186,0,438.0,454.5
43,2186,0,244.2,460.5
43,2187,1,254.9,475.0
43,2187,1,413.5,477.0
43,2187,0,242.5,464.5
43,2187,0,486.5,621.0
43,2187,1,412.0,479.0
43,2188,1,413.8,481.5
43,2188,1,255.0,481.0
43,2188,0,242.2,480.8
43,2188,0,438.5,461.5
43,2188,1,412.8,482.2
43,2189,1,253.8,482.5
43,2189,1,413.0,485.5
43,2189,1,97.2,283.2
43,2189,0,240.5,477.0
43,2189,0,438.0,463.5
43,2190,0,240.5,475.8
43,2190,1,253.5,479.0
43,2190,1,413.5,486.5
43,2190,1,96.2,285.8
43,2191,1,414.0,487.0
43,2191,1,253.4,481.5
43,2191,0,439.5,459.0
43,2191,0,240.4,474.0
43,2192,1,251.5,507.0
43,2192,1,413.2,488.2
43,2192,0,239.1,479.0
43,2192,0,438.8,459.2
43,2192,0,603.0,461.2
43,2193,1,416.5,482.5
43,2193,1,254.1,491.5
43,2193,0,443.0,464.5
43,2193,0,444.0,462.5
43,2194,1,415.0,485.0
43,2194,0,614.0,455.0
43,2194,0,443.2,461.5
43,2194,1,252.0,508.0
43,2194,0,442.5,464.2
43,2194,0,239.8,485.5
43,2195,1,416.0,487.0
43,2195,1,251.9,509.5
43,2195,0,443.8,465.5
43,2195,0,616.0,471.5
43,2195,0,239.5,486.0
43,2195,0,443.5,467.0
43,2196,0,501.0,602.0
43,2196,1,417.2,491.5
43,2196,1,252.2,511.5
43,2196,0,239.6,485.5
43,2196,0,446.0,467.5
43,2197,1,170.5,283.0
43,2197,1,251.5,504.5
43,2197,1,417.0,490.5
43,2197,0,446.0,468.0
43,2197,0,238.6,484.5
43,2197,0,502.8,599.0
43,2197,0,6.8,582.5
43,2197,1,172.8,280.8
43,2198,1,251.2,510.5
43,2198,1,170.8,281.0
43,2198,1,417.5,493.2
43,2198,0,238.0,480.0
43,2198,0,447.0,471.5
43,2198,0,504.2,601.0
43,2199,1,419.8,495.0
43,2199,0,450.5,469.5
43,2199,0,239.2,484.5
43,2199,1,252.0,511.5
43,2199,1,90.6,514.0
43,2200,1,420.0,496.0
43,2200,1,596.0,469.0
43,2200,0,238.5,480.5
43,2200,1,251.8,507.0
43,2200,1,88.5,519.0
43,2200,0,433.2,468.5
43,2201,1,596.5,468.5
43,2201,1,420.5,498.5
43,2201,1,169.2,276.2
43,2201,0,239.1,481.2
43,2201,1,251.9,516.0
43,2201,0,452.0,474.0
43,2201,0,435.5,478.0
43,2202,1,88.1,492.2
43,2202,1,421.5,499.5
43,2202,1,170.2,277.0
43,2202,0,238.9,483.8
43,2202,1,252.1,516.0
43,2202,1,603.0,481.2
43,2202,1,335.8,243.2
43,2203,1,251.1,514.0
43,2203,1,421.0,499.0
43,2203,1,168.0,280.8
43,2203,0,237.4,484.2
43,2203,1,601.0,481.0
43,2203,1,86.2,492.2
43,2203,0,454.0,476.5
43,2204,1,90.1,497.2
43,2204,0,240.2,490.8
43,2204,1,426.8,502.0
43,2204,0,14.9,556.5
43,2204,1,254.9,498.0
43,2204,0,439.5,479.5
43,2204,1,426.5,503.0
43,2205,1,608.5,452.2
43,2205,1,427.2,510.0
43,2205,1,85.9,522.5
43,2205,0,238.5,487.5
43,2205,1,169.0,284.0
43,2205,0,631.5,420.0
43,2206,1,251.1,512.5
43,2206,1,612.5,472.0
43,2206,1,80.2,514.0
43,2206,1,428.0,507.5
43,2206,0,236.8,486.5
43,2206,0,465.5,495.0
43,2206,0,196.9,585.0
43,2206,1,338.5,245.5
43,2207,0,467.2,501.0
43,2207,1,248.2,511.0
43,2207,1,428.2,507.5
43,2207,0,233.2,489.5
43,2207,1,76.2,514.0
43,2207,0,588.0,456.5
43,2208,1,624.0,469.8
43,2208,1,251.9,518.0
43,2208,0,474.0,501.5
43,2208,1,434.0,517.0
43,2208,0,236.8,488.5
43,2209,1,628.0,505.8
43,2209,0,477.8,502.5
43,2209,1,251.2,532.0
43,2209,0,236.4,491.5
43,2209,1,434.5,524.0
43,2209,0,450.0,489.5
43,2210,1,436.0,530.0
43,2210,0,480.0,508.0
43,2210,0,451.8,493.5
43,2210,1,249.5,523.0
43,2210,0,25.5,550.0
43,2210,0,234.0,496.2
43,2211,1,74.1,548.5
43,2211,0,458.0,493.5
43,2211,0,487.5,516.5
43,2211,1,442.2,532.5
43,2211,0,238.2,496.0
43,2211,1,252.4,527.0
43,2212,1,83.3,552.0
43,2212,1,456.0,525.5
43,2212,1,260.5,526.5
43,2212,0,246.8,498.5
43,2212,1,354.2,231.0
43,2212,1,455.5,522.0
43,2213,1,459.5,524.5
43,2213,1,83.8,553.5
43,2213,0,510.0,522.0
43,2213,0,248.0,497.2
43,2213,1,18.4,425.5
43,2214,1,464.2,532.0
43,2214,0,517.0,513.0
43,2214,0,249.2,496.8
43,2214,1,357.0,281.5
43,2215,1,461.0,537.0
43,2215,0,243.1,491.2
43,2215,1,71.2,563.0
43,2215,0,516.5,520.0
43,2216,0,226.2,495.0
43,2216,0,501.0,518.0
43,2216,0,225.2,496.0
43,2216,1,445.8,526.0
43,2217,1,441.5,541.0
43,2217,1,335.5,386.5
43,2217,1,335.2,223.9
43,2217,0,216.0,501.0
43,2218,1,437.0,541.0
43,2218,1,228.5,546.0
43,2218,0,207.2,501.0
43,2219,1,436.2,541.0
43,2220,1,437.0,544.0
43,2220,1,220.2,549.5
43,2221,1,437.2,546.0
43,2221,1,2.8,502.5
43,2221,1,217.8,522.0
43,2221,0,195.4,508.5
43,2222,1,438.2,551.0
43,2222,1,215.5,530.0
43,2222,1,413.5,205.8
43,2222,1,235.9,249.2
43,2223,1,439.0,553.5
43,2224,0,183.2,501.0
43,2224,1,439.2,553.0
43,2224,1,321.8,209.0
43,2224,1,204.6,558.0
43,2224,0,463.5,530.5
43,2225,1,436.8,555.5
43,2225,1,199.9,573.0
43,2225,1,109.2,260.0
43,2225,1,322.2,206.2
43,2225,1,436.0,556.5
43,2226,1,197.6,580.0
43,2226,1,437.5,566.5
43,2226,1,319.0,211.4
43,2226,1,197.8,541.0
43,2227,0,171.2,514.5
43,2227,1,440.5,569.5
43,2227,1,196.0,565.0
43,2228,0,164.2,519.0
43,2228,1,440.0,570.0
43,2229,1,188.0,603.0
43,2229,1,443.5,574.0
43,2230,1,186.2,603.5
43,2230,1,445.0,579.0
43,2230,0,156.4,526.5
43,2231,1,183.5,619.0
43,2231,1,317.5,198.8
43,2231,0,478.8,564.5
43,2232,1,180.0,620.0
43,2232,1,450.0,593.5
43,2232,1,318.5,197.4
43,2232,0,20.7,613.0
43,2233,1,454.0,603.0
43,2233,1,167.5,640.0
43,2233,1,453.0,579.5
43,2234,1,454.5,613.0
43,2234,1,12.8,210.5
43,2234,1,163.1,612.0
43,2234,1,312.5,261.5
43,2234,1,453.5,587.0
43,2234,1,12.6,184.0
43,2235,0,631.0,514.5
43,2235,1,462.8,622.0
43,2235,1,108.9,163.2
43,2235,1,463.5,620.0
43,2235,1,152.2,633.0
43,2236,1,472.5,640.0
43,2236,1,141.8,640.0
43,2236,1,207.5,387.2
43,2236,1,137.8,640.0
43,2237,1,484.8,640.0
43,2237,1,204.0,379.0
43,2237,1,119.9,640.0
43,2238,1,485.5,640.0
43,2238,1,115.1,640.0
43,2238,1,489.0,640.0
43,2238,1,115.8,640.0
43,2238,1,308.5,318.5
43,2238,1,114.8,640.0
43,2238,1,311.0,393.8
43,2239,1,488.5,640.0
43,2239,1,110.2,640.0
43,2239,1,309.5,389.2
43,2239,1,306.5,190.8
43,2239,1,492.5,640.0
43,2240,1,490.5,640.0
43,2240,1,304.0,385.5
43,2240,1,98.4,640.0
43,2240,1,105.9,640.0
43,2241,1,491.5,640.0
43,2241,1,91.1,640.0
43,2241,1,305.5,382.5
43,2242,1,497.2,640.0
43,2242,1,86.4,640.0
43,2242,1,303.2,396.0
43,2242,1,85.7,584.0
43,2242,1,500.5,640.0
43,2242,1,311.5,382.0
43,2243,1,504.8,640.0
43,2243,1,77.8,640.0
43,2243,1,303.5,409.8
43,2244,1,300.0,400.2
43,2245,1,519.5,640.0
43,2245,1,46.7,640.0
43,2245,1,302.8,392.8
43,2246,1,529.0,640.0
43,2246,1,43.3,640.0
43,2246,1,526.0,615.5
43,2246,1,29.1,640.0
43,2247,1,536.0,639.5
43,2247,1,536.0,640.0
43,2247,1,16.8,564.0
43,2248,1,553.0,640.0
43,2248,1,297.5,172.5
43,2249,1,563.5,640.0
43,2249,1,301.0,408.2
43,2250,1,580.0,640.0
43,2250,1,302.0,395.5
43,2251,1,594.5,639.5
43,2251,1,299.2,390.0
43,2255,1,300.5,403.8
43,2255,1,50.8,416.5
43,2256,1,301.0,393.0
43,2257,1,168.8,409.0
43,2257,1,43.9,416.5
43,2258,1,297.5,382.8
43,2258,1,300.8,383.5
43,2259,1,300.5,383.0
43,2260,1,303.5,382.8
43,2260,1,422.5,244.4
43,2261,1,303.0,382.5
43,2262,1,306.2,383.0
43,2262,1,44.0,420.0
43,2263,1,307.0,382.5
43,2264,1,315.0,379.0
43,2264,1,433.5,427.0
43,2267,1,589.0,387.5
43,2268,1,590.5,386.8
43,2268,1,330.5,379.8
43,2268,1,591.5,383.8
43,2269,1,592.0,388.5
43,2270,1,589.5,389.5
43,2270,1,459.5,374.0
43,2272,1,179.0,136.6
43,2274,1,570.5,171.6
43,2276,1,165.4,388.5
43,2280,1,585.0,390.5
43,2281,1,585.5,389.5
43,2282,1,586.0,388.5
43,2282,1,313.0,376.0
43,2283,1,585.0,387.0
43,2284,1,586.0,382.5
43,2284,1,161.0,155.2
43,2285,1,585.5,386.8
43,2285,1,306.2,385.2
43,2287,1,300.5,403.0
43,2288,1,586.0,392.0
43,2289,1,304.2,383.5
43,2290,1,587.0,376.0
43,2293,1,463.5,222.1
43,2294,1,21.8,401.5
43,2294,1,620.0,391.2
43,2295,1,625.0,365.0
43,2295,1,174.0,390.2
43,2296,1,36.2,401.0
43,2297,1,43.6,412.0
43,2297,1,623.0,380.0
43,2298,1,507.5,215.0
43,2298,1,199.8,228.4
43,2299,1,523.0,219.8
43,2299,1,366.5,382.5
43,2299,1,210.2,374.2
43,2300,1,540.0,377.0
43,2300,1,378.5,383.0
43,2301,1,398.5,388.8
43,2303,1,603.0,386.5
43,2303,1,622.0,386.5
43,2304,1,615.0,216.8
43,2304,1,619.0,405.0
43,2305,1,634.0,207.8
43,2306,1,28.8,166.6
43,2306,1,471.8,219.2
43,2306,1,301.2,383.0
43,2307,1,432.0,386.5
43,2308,1,15.9,416.0
43,2308,1,451.0,378.0
43,2309,1,33.9,413.5
43,2309,1,623.0,378.5
43,2310,1,53.6,414.5
43,2311,1,72.9,409.2
43,2311,1,560.0,384.2
43,2311,1,566.0,401.2
43,2312,1,92.9,408.5
43,2312,1,590.0,379.5
43,2313,1,110.2,406.5
43,2313,1,173.9,389.0
43,2313,1,495.5,387.0
43,2314,1,131.2,406.5
43,2314,1,422.0,381.0
43,2314,1,628.0,370.0
43,2315,1,149.5,408.5
43,2315,1,596.0,376.2
43,2315,1,592.5,379.2
43,2316,1,164.8,404.5
43,2316,1,458.0,385.0
43,2316,1,561.0,392.8
43,2316,1,619.5,379.5
43,2316,1,615.5,205.1
43,2316,1,330.5,392.5
43,2316,1,616.0,257.0
43,2414,0,127.1,640.0
43,2414,1,590.5,446.5
43,2414,1,443.0,534.0
43,2414,1,247.0,531.0
43,2414,1,389.2,442.5
43,2414,0,403.5,461.5
43,2414,1,369.5,411.0
43,2414,1,51.6,543.5
43,2414,1,388.0,443.0
43,2414,0,410.5,469.5
43,2414,0,459.5,563.0
43,2414,0,507.0,580.0
43,2414,0,203.2,590.0
43,2414,0,275.5,453.0
43,2414,0,408.5,465.5
43,2414,0,382.2,418.8
43,2414,0,275.0,478.0
43,2414,0,284.2,443.5
43,2415,0,127.1,640.0
43,2415,1,596.5,445.5
43,2415,1,249.8,531.0
43,2415,0,407.5,459.5
43,2415,1,291.5,441.2
43,2415,1,446.8,529.0
43,2415,1,392.2,438.2
43,2415,1,612.0,639.5
43,2415,1,290.5,443.8
43,2415,0,278.0,452.0
43,2415,0,278.0,465.0
43,2415,0,414.8,461.5
43,2415,1,289.5,445.2
43,2415,1,373.0,406.0
43,2415,0,386.5,425.5
43,2415,0,259.2,513.5
43,2415,0,242.0,524.0
43,2416,0,120.4,640.0
43,2416,1,245.8,528.5
43,2416,1,444.0,534.0
43,2416,1,49.3,541.0
43,2416,0,404.0,457.0
43,2416,0,411.5,466.2
43,2416,1,389.0,440.0
43,2416,0,275.0,458.8
43,2416,0,274.0,461.8
43,2416,1,573.0,433.8
43,2416,1,592.0,443.0
43,2416,1,369.0,407.5
43,2416,0,382.5,416.5
43,2416,0,256.9,468.5
43,2416,1,611.5,639.5
43,2416,0,410.0,460.5
43,2416,0,407.0,458.5
43,2416,0,237.8,515.0
43,2417,0,123.6,640.0
43,2417,0,408.5,457.8
43,2417,1,54.8,538.5
43,2417,1,372.8,405.8
43,2417,1,249.9,531.0
43,2417,1,291.5,437.5
43,2417,0,386.5,428.5
43,2417,0,276.5,485.5
43,2417,1,392.5,436.5
43,2417,0,278.0,439.0
43,2417,0,277.5,467.0
43,2417,0,469.0,558.5
43,2417,1,290.5,440.5
43,2417,1,598.0,441.5
43,2417,0,412.2,460.5
43,2418,0,112.8,640.0
43,2418,1,245.1,533.5
43,2418,0,413.0,466.5
43,2418,0,405.5,458.5
43,2418,1,46.9,532.0
43,2418,1,390.0,440.5
43,2418,1,388.5,440.0
43,2418,0,274.5,461.0
43,2418,1,445.5,533.0
43,2418,0,405.5,458.5
43,2418,0,273.5,462.0
43,2418,0,256.5,481.0
43,2418,0,237.0,505.0
43,2418,1,586.0,442.0
43,2418,0,284.0,444.2
43,2418,0,414.5,485.0
43,2418,0,198.5,626.5
43,2419,0,113.9,640.0
43,2419,1,49.2,530.0
43,2419,0,408.0,457.5
43,2419,1,247.5,535.0
43,2419,0,386.5,426.2
43,2419,1,633.0,640.0
43,2419,1,372.5,402.0
43,2419,1,597.0,440.8
43,2419,1,392.5,436.5
43,2419,1,290.2,435.2
43,2419,0,398.0,442.5
43,2419,0,468.5,560.5
43,2419,0,277.2,460.5
43,2419,1,595.0,440.5
43,2419,1,305.5,403.0
43,2419,1,592.5,440.5
43,2419,0,412.0,460.0
43,2419,1,449.0,533.5
43,2420,0,110.1,640.0
43,2420,1,247.0,528.0
43,2420,1,47.1,534.5
43,2420,0,408.8,454.5
43,2420,0,387.0,423.0
43,2420,1,373.0,401.5
43,2420,1,596.0,440.0
43,2420,0,198.5,611.5
43,2420,0,469.2,559.0
43,2420,1,290.5,432.5
43,2420,0,277.0,449.5
43,2420,0,276.5,463.0
43,2420,0,636.5,639.5
43,2420,1,450.0,533.0
43,2420,0,276.0,481.5
43,2420,0,398.0,438.0
43,2420,1,392.5,431.5
43,2420,1,306.0,400.0
43,2420,1,289.8,436.0
43,2420,0,412.5,455.0
43,2420,0,276.0,483.0
43,2421,0,107.0,639.0
43,2421,1,452.0,531.0
43,2421,1,47.3,536.0
43,2421,1,247.9,528.5
43,2421,0,410.0,451.8
43,2421,1,291.5,432.5
43,2421,1,373.2,397.5
43,2421,0,471.5,557.0
43,2421,0,632.0,509.2
43,2421,0,277.8,445.0
43,2421,0,469.2,543.5
43,2421,0,277.0,450.5
43,2421,1,373.5,398.5
43,2421,0,388.5,423.0
43,2421,1,290.5,436.5
43,2421,1,306.0,398.5
43,2421,1,199.0,637.0
43,2421,1,602.5,434.5
43,2421,0,259.2,475.5
43,2422,0,105.5,640.0
43,2422,1,48.2,537.5
43,2422,1,454.2,533.5
43,2422,0,412.0,452.5
43,2422,1,249.0,530.0
43,2422,1,608.0,427.0
43,2422,0,276.5,483.2
43,2422,1,375.0,398.0
43,2422,1,397.0,435.2
43,2422,0,472.5,551.0
43,2422,0,421.0,480.2
43,2422,1,292.2,434.5
43,2422,1,249.0,526.5
43,2422,0,633.5,509.5
43,2422,0,259.8,503.0
43,2422,0,277.5,480.5
43,2422,0,419.5,469.5
43,2422,0,278.0,437.5
43,2422,0,389.5,408.8
43,2422,1,199.9,619.0
43,2422,1,308.0,397.5
43,2423,0,98.8,639.5
43,2423,1,246.9,526.0
43,2423,1,453.0,528.5
43,2423,1,373.5,396.5
43,2423,0,410.0,451.0
43,2423,1,291.2,430.5
43,2423,0,277.0,449.0
43,2423,0,632.5,506.0
43,2423,0,195.6,629.5
43,2423,0,472.0,557.0
43,2423,1,305.8,394.5
43,2423,0,237.5,512.0
43,2423,0,419.5,476.0
43,2423,1,611.0,427.0
43,2423,0,285.0,437.0
43,2423,0,258.2,471.0
43,2423,1,289.8,436.0
43,2423,0,388.5,419.5
43,2423,0,389.2,425.0
43,2424,0,97.5,640.0
43,2424,1,454.5,532.5
43,2424,1,247.5,532.5
43,2424,1,374.0,395.8
43,2424,0,411.5,450.5
43,2424,1,291.8,432.5
43,2424,0,473.8,552.0
43,2424,0,197.0,625.0
43,2424,1,396.2,430.5
43,2424,0,388.8,409.5
43,2424,0,277.5,448.0
43,2424,1,291.0,437.0
43,2424,0,421.5,479.0
43,2424,0,420.0,472.5
43,2424,1,615.0,425.5
43,2424,0,419.0,461.2
43,2424,1,635.0,507.0
43,2424,0,531.0,602.0
43,2424,0,259.5,457.5
43,2424,0,276.5,479.2
43,2424,0,258.8,493.5
43,2425,0,93.1,638.5
43,2425,1,458.5,536.0
43,2425,1,248.5,538.0
43,2425,1,377.5,400.0
43,2425,0,414.5,454.0
43,2425,0,278.5,456.5
43,2425,0,195.8,635.5
43,2425,1,293.2,435.0
43,2425,0,277.8,482.5
43,2425,1,397.0,432.5
43,2425,1,309.8,401.5
43,2425,0,423.0,483.5
43,2425,1,399.0,433.5
43,2425,0,390.5,406.5
43,2425,0,259.6,496.0
43,2425,0,421.5,476.5
43,2425,0,393.0,421.5
43,2425,0,259.5,502.0
43,2425,0,278.8,460.8
43,2425,0,422.5,459.0
43,2426,0,88.7,640.0
43,2426,1,459.5,538.0
43,2426,1,247.8,541.5
43,2426,0,276.5,488.5
43,2426,0,414.5,456.5
43,2426,1,397.5,437.5
43,2426,0,195.0,633.0
43,2426,0,423.2,485.5
43,2426,0,258.8,497.5
43,2426,1,399.0,439.0
43,2426,1,308.5,406.0
43,2426,1,292.5,439.2
43,2426,1,377.0,401.0
43,2426,0,390.5,408.8
43,2426,0,278.5,478.0
43,2426,0,446.5,518.5
43,2427,1,460.8,544.0
43,2427,0,83.6,639.5
43,2427,1,247.8,543.5
43,2427,0,415.2,460.5
43,2427,0,392.8,422.0
43,2427,0,278.8,466.0
43,2427,0,194.0,637.0
43,2427,0,402.8,443.0
43,2427,1,377.8,404.0
43,2427,1,293.0,443.5
43,2427,1,310.0,406.0
43,2427,1,399.5,439.8
43,2427,0,260.0,498.0
43,2427,0,404.0,444.0
43,2427,0,425.0,487.5
43,2427,1,246.9,541.0
43,2428,1,463.8,550.0
43,2428,1,247.5,553.5
43,2428,1,378.0,406.0
43,2428,0,278.8,469.8
43,2428,0,190.6,632.0
43,2428,0,393.5,424.8
43,2428,1,400.0,442.0
43,2428,1,293.0,446.5
43,2428,0,404.2,445.5
43,2428,0,278.0,486.2
43,2428,0,416.5,462.5
43,2428,0,425.0,465.0
43,2428,0,403.0,444.5
43,2428,1,310.0,406.0
43,2428,0,80.6,639.5
43,2428,0,393.5,433.2
43,2428,1,36.8,564.0
43,2428,0,292.5,450.5
43,2429,1,247.8,560.5
43,2429,0,280.5,470.0
43,2429,0,189.8,637.0
43,2429,1,468.0,560.0
43,2429,0,419.8,467.5
43,2429,0,429.0,468.0
43,2429,1,295.5,448.5
43,2429,0,406.2,451.0
43,2429,1,406.0,449.0
43,2429,1,35.7,568.0
43,2429,1,404.5,448.0
43,2429,0,395.8,428.0
43,2429,0,454.8,483.0
43,2429,1,399.2,444.0
43,2429,0,291.5,452.2
43,2429,1,380.5,411.2
43,2430,1,468.5,563.5
43,2430,0,184.5,635.0
43,2430,1,244.1,567.0
43,2430,1,245.2,562.0
43,2430,0,277.2,490.8
43,2430,1,28.8,571.0
43,2430,0,394.8,428.0
43,2430,1,379.0,412.8
43,2430,0,276.8,506.5
43,2430,1,292.8,456.5
43,2430,0,418.5,474.5
43,2430,1,310.2,419.5
43,2430,0,235.0,557.0
43,2430,1,404.0,453.0
43,2430,0,278.5,467.0
43,2430,0,405.0,454.8
43,2430,0,278.5,494.5
43,2430,1,400.2,450.5
43,2430,0,428.5,482.5
43,2430,0,454.2,491.0
43,2430,1,185.0,639.0
43,2430,0,234.4,540.0
43,2430,1,401.5,452.2
43,2431,1,470.0,569.0
43,2431,1,23.2,568.5
43,2431,0,181.2,640.0
43,2431,1,292.0,454.2
43,2431,0,393.8,428.0
43,2431,0,418.8,473.5
43,2431,0,277.5,470.8
43,2431,0,231.8,511.8
43,2431,1,400.0,450.0
43,2431,1,379.0,412.5
43,2431,0,394.8,439.8
43,2431,0,286.5,458.5
43,2431,0,405.2,454.8
43,2431,1,243.5,567.0
43,2431,0,429.2,477.0
43,2431,1,402.5,452.5
43,2431,1,181.8,639.5
43,2431,1,309.2,414.0
43,2432,1,382.0,412.5
43,2432,0,423.2,474.5
43,2432,1,245.0,568.0
43,2432,1,405.5,451.5
43,2432,1,245.2,568.0
43,2432,1,295.8,446.0
43,2432,0,277.5,505.5
43,2432,0,397.5,422.0
43,2432,0,180.0,639.0
43,2432,0,290.5,452.5
43,2432,0,280.2,461.5
43,2432,1,181.0,639.0
43,2432,1,477.0,574.0
43,2432,0,233.6,550.5
43,2433,1,381.5,412.5
43,2433,0,278.0,478.5
43,2433,0,423.0,476.0
43,2433,1,243.2,569.5
43,2433,1,381.5,413.5
43,2433,1,592.0,428.0
43,2433,1,404.2,450.5
43,2433,1,583.0,640.0
43,2433,0,231.2,515.5
43,2433,0,396.0,420.5
43,2433,1,293.0,452.5
43,2433,0,502.5,599.5
43,2433,0,583.5,639.0
43,2434,1,243.5,571.5
43,2434,0,594.0,639.5
43,2434,1,405.5,450.5
43,2434,1,12.4,574.0
43,2434,0,425.0,474.0
43,2434,0,437.5,509.5
43,2434,1,383.0,411.8
43,2434,1,403.8,449.0
43,2434,1,10.6,573.0
43,2434,0,279.5,467.2
43,2434,0,231.8,570.5
43,2434,1,295.5,445.5
43,2434,0,467.0,517.5
43,2434,0,280.0,456.5
43,2434,0,290.8,449.8
43,2434,0,509.0,582.5
43,2434,1,593.5,640.0
43,2434,0,231.0,522.0
43,2435,1,485.5,580.0
43,2435,0,164.8,640.0
43,2435,1,408.5,451.0
43,2435,0,428.0,477.5
43,2435,0,469.2,499.5
43,2435,0,440.0,509.5
43,2435,1,5.3,581.5
43,2435,1,312.8,410.5
43,2435,0,279.0,481.8
43,2435,1,241.5,574.0
43,2435,1,296.0,451.0
43,2435,0,604.0,640.0
43,2435,1,385.0,412.0
43,2435,1,401.5,439.5
43,2435,0,290.5,453.0
43,2435,0,427.5,476.5
43,2435,1,5.4,580.0
43,2435,1,604.0,640.0
43,2435,1,5.6,581.0
43,2436,1,487.5,584.5
43,2436,1,408.0,449.5
43,2436,0,428.0,475.5
43,2436,1,240.8,575.0
43,2436,0,440.8,510.5
43,2436,0,277.5,479.0
43,2436,1,14.8,504.0
43,2436,0,469.8,553.0
43,2436,0,278.5,471.8
43,2436,1,401.0,432.5
43,2436,1,295.0,446.0
43,2436,0,428.0,476.5
43,2436,0,228.4,564.5
43,2436,0,469.8,499.5
43,2436,0,161.0,639.5
43,2437,1,491.8,585.5
43,2437,1,238.0,574.5
43,2437,1,409.5,447.5
43,2437,0,429.2,471.0
43,2437,0,442.5,511.5
43,2437,0,623.5,639.5
43,2437,0,223.8,518.5
43,2437,0,153.5,639.5
43,2437,0,402.0,431.5
43,2437,0,277.5,473.5
43,2438,1,495.8,586.0
43,2438,0,430.5,472.5
43,2438,0,402.5,431.5
43,2438,0,431.0,469.5
43,2438,1,409.5,442.5
43,2438,1,236.5,594.5
43,2438,0,277.2,480.0
43,2438,0,478.0,480.5
43,2438,0,445.0,503.0
43,2438,1,384.5,403.5
43,2438,1,402.5,420.0
43,2439,1,498.5,589.0
43,2439,1,385.5,403.5
43,2439,0,432.0,471.5
43,2439,0,15.0,536.5
43,2439,1,236.6,594.5
43,2439,1,412.0,444.5
43,2439,0,446.5,507.5
43,2439,1,410.0,444.0
43,2440,1,502.0,602.0
43,2440,1,232.8,614.0
43,2440,1,385.0,408.0
43,2440,1,412.0,451.0
43,2440,0,433.0,479.2
43,2440,0,447.5,511.0
43,2440,1,293.0,456.0
43,2440,1,95.9,506.5
43,2440,0,417.0,452.5
43,2441,0,436.2,482.0
43,2441,1,233.2,612.5
43,2441,1,509.0,609.5
43,2441,0,420.5,451.5
43,2441,0,451.8,521.0
43,2441,1,414.0,452.5
43,2441,1,181.8,456.0
43,2441,1,388.5,410.0
43,2441,1,4.2,552.5
43,2441,0,486.0,570.0
43,2442,0,454.0,519.5
43,2442,0,438.5,480.0
43,2442,1,389.0,406.5
43,2442,1,296.5,453.0
43,2442,1,233.1,614.0
43,2442,0,492.8,508.5
43,2442,1,550.0,605.0
43,2442,0,289.5,452.5
43,2442,1,41.6,449.5
43,2443,1,519.0,613.5
43,2443,1,391.0,403.5
43,2443,0,440.8,476.8
43,2443,1,296.8,452.5
43,2443,1,231.5,615.5
43,2443,0,424.2,455.2
43,2443,0,290.0,452.0
43,2443,1,418.8,447.8
43,2443,0,457.8,514.5
43,2443,1,316.2,403.0
43,2443,0,410.5,417.0
43,2443,1,316.5,403.5
43,2443,0,411.0,425.5
43,2444,0,443.0,481.0
43,2444,1,524.5,624.0
43,2444,1,390.5,405.5
43,2444,1,230.2,609.5
43,2444,1,418.5,452.5
43,2444,1,296.2,451.5
43,2444,0,276.5,490.0
43,2444,0,425.0,454.0
43,2444,1,566.0,631.5
43,2445,0,444.0,481.0
43,2445,1,529.0,628.5
43,2445,1,229.2,616.5
43,2445,1,296.5,450.5
43,2445,1,391.2,405.5
43,2445,1,420.0,450.5
43,2445,0,426.5,452.0
43,2445,0,276.8,489.0
43,2446,1,531.0,636.0
43,2446,1,390.0,405.5
43,2446,0,444.2,482.0
43,2446,1,419.5,451.0
43,2446,0,426.0,452.5
43,2446,0,411.2,418.5
43,2446,0,464.5,525.0
43,2446,1,294.0,454.2
43,2446,0,275.0,493.5
43,2446,0,276.0,480.5
43,2447,0,443.0,485.8
43,2447,1,389.0,402.2
43,2447,1,219.6,640.0
43,2447,0,462.5,520.0
43,2447,1,292.5,449.5
43,2447,1,533.0,640.0
43,2447,1,418.5,454.8
43,2447,0,464.0,526.5
43,2447,0,507.2,519.0
43,2447,1,532.5,639.0
43,2447,0,196.0,620.5
43,2447,0,272.5,481.5
43,2448,1,530.0,639.0
43,2448,1,382.0,402.5
43,2448,0,436.8,479.0
43,2448,1,208.4,632.0
43,2448,1,306.0,398.5
43,2448,0,456.5,526.0
43,2448,1,411.5,446.0
43,2448,0,418.5,448.0
43,2448,0,403.8,430.0
43,2449,1,380.0,396.0
43,2449,0,436.5,478.5
43,2449,1,202.8,640.0
43,2449,0,417.5,435.5
43,2449,1,532.5,639.5
43,2449,0,296.0,400.0
43,2449,1,25.2,640.0
43,2449,1,585.5,640.0
43,2449,1,410.5,444.5
43,2450,1,378.5,398.0
43,2450,0,435.5,477.5
43,2450,1,198.5,640.0
43,2450,1,302.0,396.0
43,2450,1,408.5,445.5
43,2450,0,398.5,425.0
43,2450,0,456.8,528.0
43,2450,0,417.0,444.8
43,2450,1,377.8,397.8
43,2450,1,280.0,446.5
43,2450,1,409.0,445.0
43,2450,1,70.0,475.0
43,2450,1,302.5,396.2
43,2450,0,295.0,405.0
43,2450,0,416.5,453.5
43,2450,0,386.0,404.5
43,2450,1,198.8,640.0
43,2450,1,534.5,640.0
43,2450,1,301.5,395.8
43,2451,1,377.2,400.5
43,2451,0,435.2,482.0
43,2451,0,457.0,531.5
43,2451,1,408.5,447.2
43,2451,0,398.0,426.0
43,2451,0,385.5,407.8
43,2451,0,416.8,444.0
43,2451,1,50.4,483.0
43,2452,1,147.2,639.0
43,2452,1,360.0,406.8
43,2452,1,393.0,459.0
43,2452,0,401.0,450.0
43,2452,0,421.5,498.8
43,2452,0,401.0,464.2
43,2452,0,9.6,206.8
43,2452,0,401.0,470.2
43,2453,1,361.0,404.2
43,2453,0,8.6,208.6
43,2453,1,149.2,640.0
43,2453,0,424.8,498.0
43,2453,1,394.5,457.8
43,2453,0,402.5,451.0
43,2453,1,630.0,640.0
43,2453,1,149.6,639.5
43,2453,0,369.5,414.5
43,2453,1,257.0,463.0
43,2453,0,381.5,417.8
43,2453,0,227.5,519.5
43,2453,0,382.5,421.5
43,2454,1,145.6,640.0
43,2454,1,361.5,405.5
43,2454,0,12.2,197.1
43,2454,1,394.8,460.0
43,2454,0,402.5,458.0
43,2454,0,105.5,640.0
43,2454,0,423.5,499.8
43,2454,1,281.0,402.5
43,2454,0,402.0,470.2
43,2454,1,630.0,640.0
43,2454,0,227.2,499.5
43,2454,0,369.2,415.2
43,2454,1,630.0,639.0
43,2455,1,141.0,640.0
43,2455,1,358.5,403.0
43,2455,1,391.5,457.5
43,2455,0,421.0,497.2
43,2455,0,400.5,449.5
43,2455,1,548.5,640.0
43,2455,1,278.2,403.5
43,2456,1,356.0,403.0
43,2456,1,136.5,640.0
43,2456,0,419.0,497.0
43,2456,0,397.8,446.5
43,2456,1,389.0,455.5
43,2456,1,546.5,640.0
43,2456,1,275.5,402.5
43,2456,1,631.0,640.0
43,2456,1,250.8,460.8
43,2456,1,275.8,402.5
43,2456,0,397.0,462.2
43,2456,1,356.5,403.5
43,2456,0,380.5,418.0
43,2456,0,268.0,413.5
43,2456,0,239.0,468.0
43,2457,1,133.6,640.0
43,2457,0,396.8,451.0
43,2457,1,355.0,404.0
43,2457,0,267.5,412.0
43,2457,1,547.0,640.0
43,2457,0,418.5,494.0
43,2457,1,388.5,454.5
43,2457,0,217.5,516.0
43,2457,0,379.8,424.2
43,2457,0,396.8,463.0
43,2457,1,388.5,457.0
43,2457,0,266.5,409.5
43,2457,1,630.0,640.0
43,2457,0,172.2,547.0
43,2457,1,274.0,401.5
43,2457,0,380.0,442.5
43,2457,0,265.5,409.0
43,2458,0,394.0,448.0
43,2458,1,546.0,640.0
43,2458,0,262.5,411.5
43,2458,1,352.5,403.0
43,2458,0,415.5,498.0
43,2458,0,167.5,539.0
43,2458,0,243.5,466.5
43,2458,1,632.0,640.0
43,2459,1,111.4,640.0
43,2459,1,347.0,403.2
43,2459,1,381.0,459.5
43,2459,0,390.0,446.5
43,2459,1,265.5,401.5
43,2459,0,412.0,496.2
43,2459,0,258.2,412.5
43,2459,0,226.6,473.0
43,2459,1,548.0,640.0
43,2459,1,266.0,402.5
43,2459,0,355.2,411.5
43,2459,0,154.8,552.5
43,2460,1,344.0,403.0
43,2460,1,100.7,640.0
43,2460,0,386.5,449.0
43,2460,1,262.0,401.5
43,2460,0,352.8,412.5
43,2460,0,386.5,459.8
43,2460,0,365.0,423.8
43,2460,1,234.8,463.5
43,2460,1,377.8,460.5
43,2460,0,254.0,409.5
43,2460,0,366.0,427.0
43,2460,0,253.1,405.5
43,2460,0,436.5,498.0
43,2460,0,39.8,640.0
43,2461,1,90.6,640.0
43,2461,1,340.8,402.5
43,2461,1,258.8,402.5
43,2461,0,250.2,413.5
43,2461,1,340.8,403.5
43,2461,0,139.2,589.0
43,2461,1,259.5,403.5
43,2461,0,366.0,414.8
43,2461,1,374.5,458.5
43,2461,0,365.0,416.5
43,2461,1,258.0,402.2
43,2461,1,230.5,463.5
43,2461,0,406.5,500.5
43,2461,0,384.5,449.0
43,2461,0,249.5,409.5
43,2461,0,241.8,411.5
43,2461,1,553.0,479.0
43,2462,1,556.0,640.0
43,2462,1,337.5,405.0
43,2462,1,337.5,406.0
43,2462,1,372.5,461.0
43,2462,1,72.1,640.0
43,2462,0,382.0,448.5
43,2462,0,246.5,417.0
43,2462,0,245.6,415.0
43,2462,1,185.8,535.0
43,2462,1,225.9,468.5
43,2462,1,372.5,460.0
43,2462,0,363.5,420.0
43,2462,1,254.8,404.0
43,2462,1,560.0,460.5
43,2463,1,60.8,639.5
43,2463,1,337.5,409.5
43,2463,0,381.8,458.0
43,2463,0,364.0,440.5
43,2463,0,363.5,430.5
43,2463,0,406.0,513.5
43,2463,0,245.0,421.0
43,2463,0,364.5,455.0
43,2463,1,372.5,470.8
43,2463,1,372.5,470.2
43,2463,1,566.0,639.0
43,2463,1,253.5,408.5
43,2463,0,365.0,458.2
43,2463,1,182.1,547.0
43,2463,0,437.2,515.5
43,2463,0,358.5,418.8
43,2464,1,571.0,640.0
43,2464,1,47.1,639.5
43,2464,1,47.7,494.8
43,2464,1,335.2,411.2
43,2464,0,380.8,456.5
43,2464,0,356.5,423.5
43,2464,0,361.5,439.0
43,2464,0,362.0,453.5
43,2464,0,357.5,428.2
43,2464,1,251.5,416.2
43,2464,1,220.5,478.8
43,2464,1,574.5,483.5
43,2464,0,405.0,516.5
43,2465,1,29.7,640.0
43,2465,1,28.2,509.5
43,2465,1,334.0,413.0
43,2465,1,581.0,640.0
43,2465,0,98.0,640.0
43,2465,0,380.0,459.5
43,2465,1,248.4,417.0
43,2465,0,405.5,515.0
43,2465,0,361.0,439.0
43,2465,1,506.0,605.0
43,2465,1,216.5,486.0
43,2465,0,362.0,458.0
43,2465,0,200.9,498.5
43,2466,1,9.4,640.0
43,2466,1,595.0,639.5
43,2466,0,382.0,459.0
43,2466,1,335.0,409.0
43,2466,1,595.0,640.0
43,2466,0,407.0,522.0
43,2466,0,363.5,458.0
43,2466,0,239.6,426.2
43,2466,0,363.0,453.0
43,2466,0,381.5,482.5
43,2466,1,249.1,414.0
43,2466,1,372.2,473.8
43,2467,1,605.0,640.0
43,2467,1,609.5,498.0
43,2467,0,237.2,425.5
43,2467,0,381.0,460.8
43,2467,1,333.5,410.5
43,2467,0,406.5,526.0
43,2467,0,380.8,483.0
43,2467,0,361.5,458.0
43,2467,1,371.0,474.8
43,2467,1,84.9,639.5
43,2467,0,361.5,445.5
43,2467,1,2.3,640.0
43,2467,1,333.5,410.5
43,2467,1,213.5,483.5
43,2467,1,75.4,639.0
43,2467,0,361.0,435.2
43,2467,0,362.5,461.8
43,2468,1,629.0,639.5
43,2468,1,332.5,413.0
43,2468,0,234.8,426.0
43,2468,1,244.5,415.5
43,2468,0,381.5,474.0
43,2468,1,628.0,637.0
43,2468,1,244.9,417.0
43,2468,1,629.0,640.0
43,2468,0,362.0,465.8
43,2468,0,362.0,466.5
43,2468,0,360.0,436.0
43,2468,0,361.0,444.5
43,2468,1,371.5,480.0
43,2468,0,361.5,466.0
43,2468,0,381.5,487.0
43,2468,0,360.5,460.0
43,2468,0,59.9,640.0
43,2468,1,211.0,489.0
43,2468,1,245.6,417.5
43,2469,1,332.0,417.0
43,2469,1,371.0,477.5
43,2469,0,233.8,425.8
43,2469,0,381.0,468.5
43,2469,1,243.5,416.0
43,2469,0,359.5,434.8
43,2469,1,217.4,475.0
43,2469,0,356.5,430.2
43,2469,0,354.8,429.2
43,2470,0,231.8,433.5
43,2470,0,25.5,629.0
43,2470,1,332.2,420.2
43,2470,1,40.1,639.5
43,2470,0,382.5,476.2
43,2470,0,412.5,548.0
43,2470,1,371.5,488.5
43,2470,1,242.4,420.0
43,2470,0,232.8,435.5
43,2470,0,360.8,453.5
43,2470,1,371.0,488.5
43,2470,0,227.6,433.5
43,2470,0,341.2,430.5
43,2470,0,354.0,432.5
43,2470,1,4.5,459.2
43,2470,1,148.2,418.0
43,2471,1,330.0,422.0
43,2471,0,381.5,477.0
43,2471,0,228.9,434.0
43,2471,0,212.5,435.8
43,2471,1,370.5,483.5
43,2471,0,413.0,551.0
43,2471,1,241.5,422.5
43,2471,0,230.0,436.5
43,2471,1,133.0,589.0
43,2471,0,339.5,431.0
43,2471,0,356.5,432.5
43,2471,0,354.0,432.5
43,2471,0,361.0,475.5
43,2472,1,331.0,422.5
43,2472,0,228.4,438.0
43,2472,1,372.5,495.0
43,2472,0,211.1,430.5
43,2472,1,200.6,506.0
43,2472,0,209.6,487.8
43,2472,1,43.1,437.5
43,2472,0,219.5,426.5
43,2472,0,210.8,488.0
43,2472,1,372.2,494.5
43,2472,0,363.0,480.5
43,2472,1,240.8,422.2
43,2473,0,226.8,443.0
43,2473,1,330.5,423.0
43,2473,0,383.2,485.5
43,2473,0,216.5,430.0
43,2473,0,225.5,438.5
43,2473,1,372.0,497.0
43,2473,0,361.5,480.2
43,2473,0,361.0,459.8
43,2473,1,238.8,424.5
43,2473,1,372.0,496.8
43,2473,1,198.1,510.5
43,2473,0,208.4,488.5
43,2473,0,340.5,437.0
43,2473,0,362.5,482.0
43,2473,0,340.5,436.5
43,2473,0,208.4,461.0
43,2474,1,329.5,424.0
43,2474,1,6.0,495.5
43,2474,0,224.4,441.5
43,2474,1,372.0,499.5
43,2474,0,384.5,487.0
43,2474,0,360.5,460.0
43,2474,1,235.2,424.0
43,2474,0,339.5,435.5
43,2474,1,235.5,425.5
43,2474,0,361.5,473.0
43,2474,0,104.8,632.0
43,2474,0,205.5,452.8
43,2474,0,383.5,490.5
43,2474,1,236.5,423.5
43,2474,0,28.2,482.0
43,2475,1,329.5,427.0
43,2475,0,386.2,504.0
43,2475,0,222.8,449.0
43,2475,1,373.2,508.2
43,2475,0,212.5,448.0
43,2475,0,221.8,443.0
43,2475,0,201.2,501.0
43,2475,0,201.5,465.0
43,2475,0,340.0,440.0
43,2475,1,373.0,505.8
43,2475,0,361.8,474.5
43,2475,1,190.2,521.0
43,2475,1,234.5,430.0
43,2475,1,634.0,640.0
43,2475,0,363.5,490.2
43,2475,0,362.5,487.0
43,2475,0,353.5,439.8
43,2475,1,149.5,613.5
43,2475,1,233.2,430.5
43,2476,1,329.5,424.2
43,2476,1,374.5,511.0
43,2476,0,387.5,502.0
43,2476,0,220.8,445.5
43,2476,0,210.5,451.0
43,2476,1,232.8,431.0
43,2476,1,187.5,521.5
43,2476,0,340.0,438.2
43,2476,1,233.8,427.5
43,2476,0,199.1,452.2
43,2476,0,363.5,485.2
43,2476,0,363.2,480.0
43,2476,0,364.0,488.5
43,2476,0,199.1,492.0
43,2476,1,374.0,508.0
43,2476,0,353.5,441.5
43,2476,0,340.0,426.5
43,2476,0,176.5,524.5
43,2477,1,183.2,526.5
43,2477,1,329.2,429.0
43,2477,0,219.1,452.0
43,2477,0,389.5,499.2
43,2477,1,231.8,433.0
43,2477,1,375.8,515.0
43,2477,0,196.5,476.5
43,2477,0,196.0,500.5
43,2477,1,604.0,434.8
43,2477,0,172.8,529.0
43,2477,1,375.5,515.5
43,2477,0,340.5,427.5
43,2478,1,374.0,516.0
43,2478,1,327.0,427.0
43,2478,1,227.8,428.0
43,2478,0,389.0,500.0
43,2478,0,214.0,449.5
43,2478,0,166.0,550.5
43,2478,1,227.1,428.8
43,2478,0,202.4,442.0
43,2478,1,36.2,640.0
43,2478,0,189.0,507.5
43,2478,0,337.5,440.0
43,2478,0,213.1,444.0
43,2479,1,373.2,518.0
43,2479,1,325.5,423.0
43,2479,0,19.6,639.5
43,2479,0,388.5,513.0
43,2479,0,211.2,449.8
43,2479,0,185.4,487.0
43,2479,0,158.5,535.0
43,2479,1,225.2,424.0
43,2479,1,171.2,535.0
43,2479,0,336.8,439.5
43,2479,0,185.5,507.5
43,2479,0,362.2,492.2
43,2479,0,351.0,439.0
43,2480,1,324.2,423.5
43,2480,0,181.5,515.5
43,2480,0,5.1,639.0
43,2480,0,207.9,444.5
43,2480,0,386.5,505.8
43,2480,0,154.0,546.0
43,2480,1,372.2,519.0
43,2480,0,196.2,461.2
43,2480,1,167.5,533.5
43,2480,0,359.0,464.0
43,2480,0,111.7,609.0
43,2480,0,208.8,453.0
43,2480,0,196.2,439.2
43,2480,0,181.1,487.0
43,2480,1,223.2,428.0
43,2481,1,326.0,424.0
43,2481,1,560.5,66.2
43,2481,0,181.2,514.5
43,2481,1,375.5,524.5
43,2481,0,390.0,506.0
43,2481,0,209.2,452.5
43,2481,1,375.0,523.5
43,2481,0,151.2,543.0
43,2481,1,166.5,536.0
43,2481,1,562.0,507.5
43,2481,0,337.0,443.5
43,2481,0,196.8,463.0
43,2481,0,362.2,509.5
43,2481,1,39.7,490.0
43,2481,1,164.0,540.0
43,2481,0,39.4,489.5
43,2481,1,224.8,425.5
43,2481,0,362.0,479.5
43,2482,1,325.0,423.5
43,2482,1,375.0,523.5
43,2482,0,207.1,454.5
43,2482,1,222.8,430.0
43,2482,1,563.5,511.0
43,2482,0,206.2,444.0
43,2482,1,163.5,539.0
43,2482,0,362.0,515.0
43,2482,0,193.6,458.2
43,2482,1,101.2,640.0
43,2482,0,178.2,467.5
43,2482,0,389.5,524.0
43,2483,1,374.2,524.5
43,2483,1,322.8,424.0
43,2483,1,219.1,432.8
43,2483,0,203.5,456.5
43,2483,1,567.0,504.0
43,2483,0,141.0,555.0
43,2483,1,153.0,543.5
43,2483,1,546.0,640.0
43,2483,0,389.5,525.5
43,2483,0,87.4,635.0
43,2484,1,376.0,527.5
43,2484,1,216.2,429.5
43,2484,0,199.2,452.5
43,2484,1,322.8,424.0
43,2484,1,570.0,640.0
43,2484,0,167.0,519.5
43,2484,1,148.8,546.0
43,2484,0,362.5,504.0
43,2484,1,148.6,547.5
43,2484,0,363.0,505.0
43,2484,1,438.5,608.5
43,2484,0,184.8,455.0
43,2484,0,198.2,449.2
43,2484,0,350.5,437.5
43,2484,0,131.5,554.0
43,2485,1,376.0,528.0
43,2485,1,323.0,422.0
43,2485,1,216.2,429.5
43,2485,0,199.2,454.0
43,2485,0,69.4,640.0
43,2485,0,166.4,521.5
43,2485,1,148.0,550.5
43,2485,0,362.5,504.0
43,2485,1,147.8,550.5
43,2485,0,184.8,440.5
43,2485,1,217.0,428.0
43,2485,0,198.2,448.0
43,2485,0,351.0,436.5
43,2485,0,363.0,503.5
43,2486,0,198.4,453.5
43,2486,1,321.5,422.0
43,2486,1,215.6,429.0
43,2486,1,375.8,527.5
43,2486,0,164.9,519.0
43,2486,0,197.9,450.5
43,2486,0,163.8,533.0
43,2486,0,182.8,441.2
43,2486,1,575.0,640.0
43,2486,1,439.5,610.0
43,2487,0,198.5,454.2
43,2487,1,215.8,428.2
43,2487,1,376.0,529.5
43,2487,1,322.5,422.5
43,2487,0,183.4,437.5
43,2487,0,164.2,523.0
43,2487,1,440.0,596.0
43,2487,0,127.4,558.5
43,2487,1,216.8,426.5
43,2488,1,378.8,536.5
43,2488,0,199.0,459.0
43,2488,1,216.0,431.5
43,2488,1,323.2,423.2
43,2488,0,125.5,576.0
43,2488,0,395.5,554.5
43,2488,0,182.8,438.5
43,2488,0,163.2,529.5
43,2489,1,321.5,429.2
43,2489,1,377.5,540.5
43,2489,0,196.5,461.5
43,2489,1,214.9,434.0
43,2489,0,161.0,495.8
43,2489,0,180.8,478.5
43,2490,1,322.5,428.5
43,2490,0,195.8,463.2
43,2490,0,50.0,609.0
43,2490,1,378.0,542.0
43,2490,0,180.8,481.8
43,2490,1,214.1,438.5
43,2490,1,600.0,639.5
43,2490,0,159.2,516.5
43,2490,0,119.2,590.0
43,2490,0,395.5,531.0
43,2491,1,326.5,427.0
43,2491,1,217.2,439.5
43,2491,0,199.8,463.5
43,2491,1,218.0,436.2
43,2491,1,454.0,624.0
43,2491,0,48.3,631.0
43,2491,0,338.5,448.5
43,2491,0,356.2,445.5
43,2491,1,383.5,540.5
43,2491,0,402.0,533.0
43,2492,1,335.0,425.8
43,2492,0,52.6,638.0
43,2492,1,468.8,630.0
43,2492,1,226.0,433.5
43,2492,1,150.5,570.0
43,2492,1,394.5,544.0
43,2492,0,208.0,462.0
43,2492,0,409.8,535.0
43,2492,0,191.0,454.5
43,2492,0,171.5,543.0
43,2493,1,340.0,427.5
43,2493,0,132.2,572.0
43,2493,0,212.8,463.2
43,2493,1,399.2,548.5
43,2493,1,230.8,438.0
43,2493,1,155.0,571.0
43,2493,0,55.8,640.0
43,2493,0,174.6,519.0
43,2493,0,196.9,479.5
43,2494,1,344.2,433.5
43,2494,1,235.0,434.5
43,2494,1,234.2,438.2
43,2494,1,405.0,554.5
43,2494,0,217.0,464.0
43,2494,1,483.5,640.0
43,2494,0,55.6,629.0
43,2494,0,374.8,449.2
43,2495,1,154.8,573.5
43,2495,1,232.8,439.5
43,2495,1,343.2,434.0
43,2495,0,214.6,465.5
43,2495,0,48.7,640.0
43,2495,0,130.1,609.0
43,2495,1,404.5,556.0
43,2495,0,197.2,480.8
43,2495,0,425.0,582.0
43,2495,0,374.0,451.0
43,2495,0,176.2,521.0
43,2496,1,349.2,431.0
43,2496,0,220.1,465.8
43,2496,0,181.2,527.5
43,2496,1,238.8,433.0
43,2496,1,498.0,640.0
43,2496,0,135.0,605.5
43,2497,0,46.0,639.5
43,2497,1,350.5,432.2
43,2497,0,220.4,469.5
43,2497,1,239.5,441.5
43,2497,0,180.4,550.5
43,2497,0,132.9,565.5
43,2497,1,350.8,435.2
43,2497,0,363.8,438.5
43,2497,1,414.5,562.5
43,2497,0,436.8,577.0
43,2498,0,41.3,640.0
43,2498,1,356.5,436.0
43,2498,0,224.6,472.0
43,2498,0,183.1,552.0
43,2498,1,421.8,569.5
43,2498,0,133.6,577.0
43,2498,1,244.4,443.5
43,2498,0,206.9,459.0
43,2498,0,443.5,596.5
43,2499,1,164.5,591.5
43,2499,0,229.6,473.0
43,2499,1,248.0,445.5
43,2499,0,39.0,640.0
43,2499,1,360.8,434.0
43,2499,1,429.0,570.5
43,2499,0,187.8,554.0
43,2499,1,426.5,402.5
43,2499,0,524.0,599.5
43,2500,0,29.4,640.0
43,2500,1,359.8,435.0
43,2500,0,227.2,471.2
43,2500,1,247.0,441.5
43,2500,0,184.8,521.5
43,2500,0,132.8,580.0
43,2500,0,208.9,452.5
43,2500,1,429.5,573.5
43,2501,0,228.2,472.5
43,2501,1,432.5,580.5
43,2501,1,248.0,443.0
43,2501,1,361.5,434.2
43,2501,0,184.6,548.0
43,2501,0,209.2,457.2
43,2501,0,131.0,573.5
43,2501,1,538.0,638.0
43,2501,0,458.0,606.0
43,2502,1,437.2,585.0
43,2502,0,230.1,475.5
43,2502,1,250.0,446.2
43,2502,1,365.0,436.5
43,2502,1,549.0,637.5
43,2502,0,128.1,609.0
43,2502,0,185.5,533.0
43,2503,0,228.8,477.8
43,2503,1,438.2,589.0
43,2503,0,124.4,638.0
43,2503,1,365.0,437.5
43,2503,1,248.2,448.0
43,2503,1,249.5,449.0
43,2503,1,554.0,638.5
43,2503,0,209.0,468.0
43,2504,0,231.0,479.5
43,2504,1,367.5,445.0
43,2504,1,443.0,595.0
43,2504,1,251.4,447.8
43,2504,0,124.8,618.0
43,2504,0,5.6,640.0
43,2504,0,211.6,464.0
43,2504,0,469.0,583.0
43,2504,0,185.0,535.0
43,2505,0,230.5,480.5
43,2505,1,368.0,444.0
43,2505,1,250.8,449.5
43,2505,0,122.5,591.5
43,2505,1,570.0,639.5
43,2505,1,157.1,622.0
43,2505,0,210.5,463.5
43,2506,0,231.8,481.0
43,2506,1,369.5,446.5
43,2506,1,606.0,448.5
43,2506,1,156.8,621.5
43,2506,0,121.5,595.0
43,2506,1,252.8,454.5
43,2506,1,581.0,640.0
43,2506,1,251.5,454.0
43,2506,0,592.0,481.0
43,2506,0,211.5,464.0
43,2507,1,458.8,610.0
43,2507,1,258.8,447.5
43,2507,1,377.0,446.0
43,2507,1,596.0,640.0
43,2507,0,238.0,481.0
43,2507,1,456.5,417.0
43,2508,1,463.0,612.0
43,2508,1,260.5,452.0
43,2508,1,379.0,447.5
43,2508,0,238.9,480.8
43,2508,1,609.0,640.0
43,2508,0,612.5,509.8
43,2509,1,465.0,614.0
43,2509,1,260.5,448.0
43,2509,1,379.8,446.5
43,2509,0,238.2,480.0
43,2509,1,619.0,639.0
43,2510,1,383.5,445.0
43,2510,1,472.5,620.5
43,2510,1,262.5,449.0
43,2511,1,384.0,442.5
43,2511,1,475.5,623.0
43,2511,1,262.2,450.0
43,2511,1,157.6,640.0
43,2511,0,240.5,483.5
43,2512,1,385.0,441.5
43,2512,1,153.2,640.0
43,2512,1,476.5,624.0
43,2512,0,184.2,535.0
43,2512,1,262.0,447.0
43,2512,0,239.6,479.5
43,2512,0,104.7,633.0
43,2512,0,509.0,613.0
43,2512,1,262.5,445.8
43,2512,0,217.8,463.5
43,2512,1,510.0,453.0
43,2513,1,148.0,639.5
43,2513,1,384.0,441.0
43,2513,1,260.5,441.5
43,2513,1,480.5,410.5
43,2513,0,237.8,478.5
43,2513,0,96.1,632.0
43,2513,0,182.5,545.5
43,2513,1,515.9,598.0
43,2514,1,487.5,632.0
43,2514,1,389.0,442.5
43,2514,1,264.5,443.2
43,2514,1,150.5,640.0
43,2514,0,183.9,528.5
43,2514,0,99.1,619.0
43,2514,1,486.5,412.5
43,2514,1,19.6,473.0
43,2515,1,146.2,640.0
43,2515,1,490.0,639.5
43,2515,1,261.8,447.0
43,2515,1,387.5,442.2
43,2515,1,487.0,412.8
43,2515,0,238.8,481.0
43,2516,1,490.0,640.0
43,2516,1,386.8,444.0
43,2516,0,236.8,482.0
43,2516,1,261.0,445.0
43,2516,0,83.9,604.5
43,2516,1,141.8,640.0
43,2516,1,488.2,413.0
43,2517,1,494.2,639.0
43,2517,1,139.8,640.0
43,2517,1,389.0,440.0
43,2517,0,237.5,480.0
43,2517,0,82.5,629.5
43,2517,1,261.5,444.5
43,2517,1,493.8,409.0
43,2517,1,262.8,440.0
43,2518,1,496.5,640.0
43,2518,1,136.8,640.0
43,2518,1,261.0,443.5
43,2518,0,236.4,482.0
43,2518,1,388.0,440.5
43,2518,0,75.9,627.0
43,2518,0,175.2,547.5
43,2518,0,458.5,479.0
43,2518,1,259.9,446.8
43,2519,1,499.5,640.0
43,2519,1,133.0,640.0
43,2519,1,261.0,444.0
43,2519,1,388.8,441.0
43,2519,0,235.8,482.5
43,2519,0,461.5,475.5
43,2519,1,498.0,411.5
43,2519,0,69.1,640.0
43,2519,1,4.6,449.0
43,2519,0,172.0,545.0
43,2520,1,502.0,640.0
43,2520,1,259.8,444.8
43,2520,0,233.8,484.0
43,2520,1,388.8,441.8
43,2520,0,168.8,552.5
43,2520,1,2.6,449.5
43,2521,0,232.2,488.5
43,2521,1,123.4,640.0
43,2521,0,51.0,639.5
43,2521,1,389.0,445.0
43,2521,1,258.4,447.0
43,2521,0,165.8,554.0
43,2521,0,206.5,479.8
43,2521,1,509.8,640.0
43,2522,0,232.5,487.5
43,2522,1,390.5,449.0
43,2522,1,259.2,448.5
43,2522,1,120.9,640.0
43,2522,0,206.2,491.0
43,2522,1,514.5,425.5
43,2522,0,165.4,563.0
43,2523,1,518.0,639.5
43,2523,0,233.1,491.0
43,2523,1,391.5,448.5
43,2523,0,36.9,640.0
43,2523,1,260.5,449.0
43,2523,1,118.4,639.5
43,2523,0,163.5,590.0
43,2523,1,521.0,433.0
43,2523,0,206.0,508.0
43,2524,1,515.0,640.0
43,2524,0,228.5,493.8
43,2524,1,110.2,640.0
43,2524,0,155.8,563.0
43,2524,1,388.0,448.5
43,2524,0,20.2,639.5
43,2524,1,255.8,449.8
43,2524,0,200.8,483.5
43,2524,1,515.9,429.5
43,2525,1,108.3,640.0
43,2525,1,522.0,640.0
43,2525,1,391.5,447.0
43,2525,0,15.0,640.0
43,2525,1,258.8,445.0
43,2525,0,230.5,490.0
43,2525,0,477.5,493.5
43,2525,1,525.0,428.0
43,2525,0,155.6,585.0
43,2526,1,108.1,640.0
43,2526,0,232.5,490.5
43,2526,1,395.5,446.5
43,2526,1,260.5,449.0
43,2526,1,531.0,639.5
43,2526,1,587.5,624.0
43,2526,0,12.5,640.0
43,2527,1,100.4,639.5
43,2527,1,530.5,639.0
43,2527,1,390.8,449.0
43,2527,1,588.0,639.0
43,2527,0,228.0,492.2
43,2527,1,530.0,438.0
43,2527,1,33.9,608.5
43,2527,0,629.0,639.5
43,2527,1,256.5,447.5
43,2527,0,198.6,503.0
43,2528,1,391.0,451.0
43,2528,1,595.0,639.5
43,2528,1,93.7,640.0
43,2528,0,146.4,570.5
43,2528,0,225.9,495.5
43,2528,1,23.4,619.0
43,2528,1,255.8,450.0
43,2529,1,395.5,455.0
43,2529,1,258.4,453.0
43,2529,0,229.5,498.0
43,2529,0,148.5,582.0
43,2529,1,605.0,630.5
43,2530,1,391.2,456.0
43,2530,1,85.4,639.5
43,2530,0,140.2,594.0
43,2530,0,7.4,640.0
43,2530,1,255.0,450.5
43,2530,0,225.0,506.0
43,2530,1,541.0,439.5
43,2530,1,8.4,640.0
43,2531,1,80.6,639.5
43,2531,1,393.2,458.0
43,2531,1,255.4,456.5
43,2531,1,394.5,453.0
43,2531,0,224.1,508.0
43,2532,1,76.5,639.5
43,2532,1,395.8,462.5
43,2532,1,554.0,452.0
43,2532,1,550.0,212.5
43,2532,1,553.0,640.0
43,2532,1,256.0,459.5
43,2532,0,225.4,511.5
43,2532,1,76.1,474.8
43,2532,0,625.5,639.0
43,2532,0,407.0,448.5
43,2532,0,137.5,613.0
43,2533,1,70.5,640.0
43,2533,1,557.5,458.5
43,2533,1,395.0,464.5
43,2533,1,560.0,639.0
43,2533,1,553.5,216.9
43,2533,1,254.8,461.5
43,2533,0,190.6,532.5
43,2533,0,222.9,515.5
43,2534,1,60.9,640.0
43,2534,1,562.0,467.0
43,2534,1,393.0,472.8
43,2534,1,251.0,475.2
43,2534,0,219.8,521.0
43,2534,0,186.6,541.0
43,2534,1,60.2,492.5
43,2534,1,563.0,465.5
43,2534,0,405.5,456.8
43,2535,1,60.2,640.0
43,2535,1,397.5,474.0
43,2535,1,569.0,221.9
43,2535,1,571.0,472.2
43,2535,1,542.0,423.0
43,2535,1,60.4,494.8
43,2535,1,571.0,640.0
43,2535,1,255.5,463.5
43,2535,0,188.5,537.5
43,2536,1,570.0,223.5
43,2536,1,55.4,640.0
43,2536,0,220.2,527.0
43,2536,1,573.0,473.0
43,2536,1,396.5,476.2
43,2536,1,542.0,431.5
43,2536,1,253.0,478.0
43,2536,0,186.8,545.5
43,2536,0,461.5,528.5
43,2536,0,186.2,522.0
43,2536,1,252.0,481.0
43,2537,1,45.2,640.0
43,2537,1,579.0,476.8
43,2537,1,44.5,508.0
43,2537,1,251.0,482.0
43,2537,1,395.5,480.0
43,2537,0,218.1,532.5
43,2537,1,543.0,434.2
43,2538,1,42.8,640.0
43,2538,1,399.0,477.5
43,2538,0,219.2,532.0
43,2538,1,253.2,479.0
43,2538,1,587.0,486.0
43,2538,1,545.0,435.5
43,2538,1,41.5,508.8
43,2538,0,184.0,541.0
43,2538,0,411.0,468.0
43,2539,1,36.2,639.0
43,2539,1,590.0,222.6
43,2539,1,400.0,480.0
43,2539,0,219.1,534.0
43,2539,1,254.0,481.0
43,2539,1,549.0,440.5
43,2539,0,183.5,521.5
43,2539,0,412.5,470.0
43,2539,1,596.0,481.0
43,2539,1,35.8,511.5
43,2540,1,26.8,639.0
43,2540,1,399.8,479.0
43,2540,0,216.6,536.0
43,2540,1,251.1,483.2
43,2540,0,410.8,472.5
43,2540,0,179.5,540.0
43,2540,1,26.5,518.5
43,2540,1,596.0,216.9
43,2540,0,425.0,470.8
43,2541,1,18.5,639.5
43,2541,1,400.0,479.0
43,2541,1,251.2,483.5
43,2541,0,216.2,537.0
43,2541,0,412.2,469.5
43,2541,1,604.0,211.4
43,2541,0,634.0,460.8
43,2542,1,249.5,488.0
43,2542,1,400.0,479.0
43,2542,1,609.0,207.1
43,2542,1,10.2,639.0
43,2542,1,614.0,491.5
43,2543,1,398.5,480.5
43,2543,1,247.1,490.0
43,2543,1,613.0,208.0
43,2543,0,170.8,570.0
43,2543,1,3.4,639.0
43,2543,0,209.8,541.5
43,2543,1,615.5,540.0
43,2544,1,247.9,487.0
43,2544,1,400.0,480.0
43,2544,1,630.0,554.0
43,2544,1,629.0,204.0
43,2544,0,210.0,541.5
43,2544,0,412.5,468.5
43,2544,0,170.4,546.5
43,2545,1,249.1,489.2
43,2545,1,401.5,485.5
43,2545,1,635.0,400.5
43,2545,0,170.0,570.5
43,2545,0,210.5,545.0
43,2546,1,246.0,491.2
43,2546,1,400.2,484.5
43,2546,0,165.8,573.0
43,2546,1,555.0,429.0
43,2547,0,165.0,566.5
43,2547,1,246.5,490.0
43,2547,1,401.5,484.5
43,2548,1,248.4,492.5
43,2548,0,166.0,546.5
43,2548,0,74.0,640.0
43,2548,1,404.5,489.5
43,2548,0,208.5,552.0
43,2549,1,401.0,487.0
43,2549,1,242.5,495.5
43,2549,0,203.5,555.5
43,2549,0,61.9,640.0
43,2549,0,158.8,556.0
43,2549,1,57.2,535.5
43,2550,1,245.2,494.5
43,2550,0,158.2,553.5
43,2550,1,404.5,491.5
43,2550,0,204.6,555.5
43,2550,1,57.7,546.5
43,2551,1,81.5,482.5
43,2551,1,243.0,493.5
43,2551,0,202.6,555.5
43,2551,1,403.0,489.0
43,2551,0,154.2,562.5
43,2552,1,241.5,495.0
43,2552,1,80.1,496.5
43,2552,1,402.5,489.0
43,2552,0,152.2,570.0
43,2552,0,150.2,573.5
43,2552,0,43.4,640.0
43,2552,0,575.0,606.0
43,2553,1,240.8,492.8
43,2553,0,145.8,600.0
43,2553,1,403.0,488.5
43,2553,1,77.8,504.0
43,2553,1,403.5,490.0
43,2553,0,195.5,561.0
43,2554,1,406.8,489.8
43,2554,1,243.0,496.8
43,2554,1,80.3,507.0
43,2554,0,149.0,591.5
43,2554,1,243.4,496.0
43,2555,0,142.0,588.0
43,2555,1,240.1,498.5
43,2555,1,404.0,492.5
43,2555,0,194.5,565.5
43,2555,0,420.5,475.8
43,2555,1,17.3,640.0
43,2556,1,240.2,498.5
43,2556,0,193.8,566.0
43,2556,1,406.8,493.0
43,2556,0,140.0,590.5
43,2556,0,12.6,640.0
43,2557,1,240.2,498.5
43,2557,0,137.6,595.0
43,2557,1,407.0,495.0
43,2557,0,193.4,568.0
43,2557,1,6.0,599.0
43,2558,1,240.2,501.0
43,2558,1,408.0,496.8
43,2558,0,192.8,569.5
43,2558,0,136.5,594.0
43,2559,1,236.5,505.0
43,2559,1,407.0,500.8
43,2560,1,239.5,504.2
43,2560,1,410.5,504.8
43,2560,1,637.0,578.5
43,2561,1,238.8,505.8
43,2561,1,410.5,505.5
43,2561,1,585.0,465.2
43,2562,1,236.8,517.5
43,2562,1,412.0,512.5
43,2563,1,410.8,514.0
43,2563,1,234.4,521.5
43,2564,1,234.5,524.0
43,2564,1,412.2,515.5
43,2564,0,112.1,632.0
43,2565,0,110.9,638.0
43,2565,1,235.2,521.5
43,2565,0,108.4,638.0
43,2566,1,231.8,524.0
43,2566,0,103.9,603.0
43,2566,1,413.5,511.8
43,2567,1,230.2,522.5
43,2567,1,412.0,513.5
43,2567,0,97.3,622.0
43,2567,0,171.5,612.0
43,2568,1,232.5,524.0
43,2568,1,418.2,516.0
43,2569,1,229.2,526.5
43,2569,1,413.8,520.0
43,2570,1,228.5,532.0
43,2570,1,414.8,498.5
43,2571,1,228.9,536.0
43,2571,1,418.5,531.0
43,2572,1,611.0,516.0
43,2572,1,418.2,539.0
43,2572,1,612.0,518.5
43,2573,1,419.5,542.0
43,2573,1,614.5,513.0
43,2574,1,421.5,544.0
43,2574,1,618.5,506.8
43,2575,1,617.0,504.5
43,2575,1,418.5,545.0
43,2575,1,221.0,552.0
43,2576,1,420.8,546.5
43,2576,0,45.0,639.5
43,2577,1,422.0,552.0
43,2577,0,37.6,639.5
43,2577,1,18.8,573.0
43,2577,0,142.6,639.0
43,2578,1,216.0,562.5
43,2578,1,420.0,556.5
43,2578,0,135.5,637.0
43,2578,1,11.1,576.0
43,2578,0,27.7,639.0
43,2579,1,216.1,563.5
43,2579,1,422.0,557.5
43,2579,1,19.4,639.0
43,2579,1,10.4,575.5
43,2579,1,426.5,547.5
43,2580,1,422.2,555.5
43,2580,1,216.0,562.5
43,2580,1,630.5,537.0
43,2580,1,8.1,571.0
43,2581,1,425.5,557.0
43,2581,1,216.0,561.5
43,2581,1,9.3,639.0
43,2581,0,9.2,640.0
43,2582,1,425.0,559.5
43,2582,1,214.2,559.5
43,2583,1,427.5,555.5
43,2583,1,214.0,562.5
43,2584,1,426.8,560.0
43,2584,1,211.1,572.0
43,2585,1,426.2,559.5
43,2585,1,208.5,569.5
43,2585,0,106.4,637.0
43,2586,1,210.8,573.0
43,2586,1,432.5,564.5
43,2586,0,102.9,640.0
43,2587,0,99.7,640.0
43,2587,1,429.8,565.0
43,2587,1,207.8,572.0
43,2587,1,118.0,177.9
43,2588,1,432.2,572.0
43,2588,0,95.9,639.0
43,2588,1,207.4,573.0
43,2589,0,96.5,639.0
43,2589,1,434.8,573.5
43,2589,1,207.2,575.0
43,2590,1,433.5,571.5
43,2590,1,203.6,582.0
43,2590,0,87.8,640.0
43,2591,1,198.5,583.0
43,2591,1,433.0,574.0
43,2591,1,102.0,633.0
43,2591,0,78.6,635.0
43,2592,1,200.5,582.0
43,2592,1,437.0,575.5
43,2593,1,437.0,576.0
43,2593,1,197.8,583.5
43,2593,0,68.4,640.0
43,2593,1,199.0,580.0
43,2594,1,437.0,576.0
43,2594,0,61.4,639.0
43,2594,1,195.1,587.0
43,2595,0,55.5,639.5
43,2595,1,439.5,580.5
43,2595,1,195.8,591.0
43,2596,1,444.5,579.0
43,2596,0,552.0,640.0
43,2596,0,32.5,639.5
43,2596,1,304.5,357.5
43,3193,1,52.8,511.5
43,3193,1,388.0,482.5
43,3193,0,245.5,453.0
43,3193,1,354.0,425.0
43,3193,0,253.5,441.0
43,3193,0,230.2,485.0
43,3193,0,426.0,560.0
43,3193,0,262.0,428.2
43,3194,1,388.0,486.0
43,3194,1,48.8,512.5
43,3194,0,229.2,486.2
43,3194,1,219.1,496.5
43,3194,1,260.8,428.0
43,3194,1,353.5,426.0
43,3194,1,388.0,485.2
43,3194,0,244.2,448.0
43,3194,0,243.2,457.5
43,3194,0,426.8,564.0
43,3194,1,588.0,640.0
43,3194,0,252.0,441.5
43,3195,1,389.5,482.0
43,3195,1,49.2,508.2
43,3195,0,245.1,455.5
43,3195,0,229.9,484.5
43,3195,0,253.6,440.0
43,3195,0,429.5,567.0
43,3195,1,355.0,425.5
43,3195,0,381.8,473.0
43,3195,1,220.0,496.2
43,3195,1,48.2,510.0
43,3196,1,46.3,512.0
43,3196,1,389.5,487.5
43,3196,0,229.5,488.5
43,3196,1,219.5,495.0
43,3196,1,262.0,429.5
43,3196,0,244.8,450.5
43,3196,0,252.5,441.8
43,3196,0,598.0,639.0
43,3196,0,381.8,478.5
43,3196,1,354.8,427.5
43,3196,0,180.5,571.0
43,3196,0,123.2,588.0
43,3197,1,219.2,500.0
43,3197,1,390.5,489.5
43,3197,0,229.5,489.2
43,3197,1,609.0,640.0
43,3197,0,252.8,442.5
43,3197,0,245.2,451.5
43,3197,1,45.8,514.0
43,3197,1,262.0,429.5
43,3197,1,355.5,426.5
43,3197,0,244.5,458.8
43,3197,0,228.0,484.0
43,3198,1,574.0,468.5
43,3198,1,397.2,493.5
43,3198,1,42.1,474.5
43,3198,0,388.8,481.5
43,3198,0,230.6,489.0
43,3198,0,247.2,463.0
43,3198,0,229.9,490.5
43,3198,0,255.5,447.5
43,3198,0,7.5,531.0
43,3199,1,43.8,474.2
43,3199,1,576.5,473.5
43,3199,0,389.5,479.0
43,3199,0,247.8,466.0
43,3199,1,267.0,431.0
43,3199,0,232.2,488.0
43,3199,0,390.8,479.2
43,3199,1,361.5,427.0
43,3199,1,399.8,493.0
43,3199,0,443.0,580.0
43,3200,1,578.5,479.8
43,3200,0,390.0,479.5
43,3200,0,248.0,466.0
43,3200,1,267.0,430.0
43,3200,1,221.2,502.5
43,3200,0,232.0,489.0
43,3200,1,362.2,426.5
43,3200,1,43.4,474.5
43,3201,1,107.6,639.0
43,3201,1,398.5,495.0
43,3201,0,230.5,493.0
43,3201,0,6.8,537.0
43,3201,0,389.5,482.2
43,3201,1,219.4,506.5
43,3201,1,40.6,479.2
43,3201,0,255.5,447.5
43,3201,0,229.5,487.8
43,3201,0,247.0,460.5
43,3202,0,390.0,483.5
43,3202,1,107.4,639.0
43,3202,0,230.5,486.5
43,3202,0,6.1,539.0
43,3202,1,578.5,494.5
43,3202,1,41.5,488.5
43,3202,0,230.5,490.0
43,3202,0,247.6,464.5
43,3202,0,255.8,452.0
43,3203,1,106.8,639.0
43,3203,1,40.6,520.5
43,3203,0,106.0,637.0
43,3203,1,580.0,498.5
43,3203,0,230.2,491.5
43,3203,0,230.4,492.0
43,3203,0,255.8,450.5
43,3203,0,248.5,460.5
43,3203,0,390.5,484.0
43,3203,0,253.1,449.0
43,3204,1,38.7,520.0
43,3204,0,390.0,485.0
43,3204,0,230.5,493.8
43,3204,1,219.2,507.0
43,3204,0,247.8,465.5
43,3204,1,361.5,429.2
43,3204,0,229.5,490.2
43,3204,1,103.8,639.0
43,3204,0,255.8,450.5
43,3204,1,266.0,433.0
43,3205,1,37.3,524.0
43,3205,1,218.8,509.2
43,3205,0,390.2,488.0
43,3205,0,229.8,495.5
43,3205,1,361.0,431.5
43,3205,0,246.9,465.0
43,3205,1,265.5,435.0
43,3205,0,228.8,491.5
43,3205,0,255.2,452.5
43,3205,1,400.5,498.0
43,3206,1,218.0,513.0
43,3206,1,36.1,528.0
43,3206,0,392.5,492.5
43,3206,0,229.2,500.0
43,3206,1,401.5,506.5
43,3206,1,362.5,435.0
43,3206,0,228.6,495.5
43,3206,0,246.9,471.2
43,3206,1,266.0,439.2
43,3207,1,404.5,506.0
43,3207,0,395.0,492.2
43,3207,1,37.1,529.5
43,3207,1,267.5,434.0
43,3207,1,364.5,434.0
43,3207,0,230.9,499.5
43,3207,0,452.8,600.0
43,3208,1,36.7,532.0
43,3208,1,407.0,505.0
43,3208,1,173.1,445.5
43,3208,1,171.9,449.5
43,3208,1,220.4,513.0
43,3208,1,367.8,431.0
43,3208,1,269.5,434.5
43,3208,0,260.0,453.0
43,3209,1,407.0,506.0
43,3209,1,217.0,518.5
43,3209,1,268.0,438.5
43,3209,1,366.8,433.0
43,3209,1,170.6,447.0
43,3209,0,397.0,491.2
43,3209,0,83.7,640.0
43,3209,0,382.0,427.0
43,3209,1,167.5,614.5
43,3209,0,248.2,476.5
43,3210,1,216.5,523.5
43,3210,1,408.0,506.5
43,3210,0,228.9,500.5
43,3210,1,268.0,436.0
43,3210,1,165.1,618.0
43,3210,0,398.0,491.0
43,3210,1,367.5,431.5
43,3210,0,247.5,478.0
43,3210,1,170.8,445.8
43,3211,1,215.0,525.0
43,3211,1,407.8,506.5
43,3211,0,227.5,500.5
43,3211,1,267.0,438.0
43,3211,1,366.8,431.8
43,3211,1,23.8,469.5
43,3211,0,247.6,472.5
43,3212,1,209.2,528.0
43,3212,1,406.5,509.0
43,3212,0,396.0,492.5
43,3212,1,16.0,481.5
43,3212,0,397.0,492.5
43,3212,1,264.0,438.8
43,3212,1,364.0,432.0
43,3212,0,459.5,616.5
43,3212,0,253.2,451.0
43,3212,0,155.8,624.0
43,3213,1,213.9,522.0
43,3213,1,18.6,474.5
43,3213,1,267.5,434.5
43,3213,1,411.2,511.0
43,3213,0,59.4,640.0
43,3213,0,247.8,472.5
43,3213,0,256.6,451.5
43,3214,1,211.5,528.0
43,3214,1,412.5,511.5
43,3214,0,426.0,542.0
43,3214,0,48.5,639.0
43,3214,1,165.5,440.5
43,3214,1,267.2,434.8
43,3214,0,255.8,456.5
43,3214,0,401.8,494.5
43,3214,1,154.0,639.5
43,3215,0,38.1,639.0
43,3215,1,206.5,529.5
43,3215,1,411.0,511.5
43,3215,0,424.5,545.0
43,3215,0,222.1,509.8
43,3215,1,163.5,445.5
43,3215,0,39.0,503.0
43,3215,0,197.8,532.0
43,3215,1,149.5,638.0
43,3215,0,399.5,497.0
43,3216,0,30.2,639.0
43,3216,1,411.0,514.0
43,3216,1,203.0,535.0
43,3216,1,162.8,446.5
43,3216,1,5.9,545.0
43,3216,1,263.8,439.5
43,3217,0,21.4,640.0
43,3217,1,411.5,518.0
43,3217,1,202.8,532.5
43,3217,1,615.0,458.8
43,3217,0,426.0,551.0
43,3217,1,161.0,447.0
43,3217,0,25.9,640.0
43,3217,1,263.2,440.0
43,3217,1,614.0,508.0
43,3218,0,18.4,639.0
43,3218,1,412.0,519.5
43,3218,1,201.8,533.0
43,3218,1,616.5,507.5
43,3219,0,11.9,640.0
43,3219,1,413.5,520.5
43,3219,1,263.2,439.5
43,3219,0,427.0,555.0
43,3220,0,11.0,640.0
43,3220,1,201.8,534.0
43,3220,1,416.0,523.0
43,3221,1,415.0,522.5
43,3221,1,203.2,540.0
43,3221,1,264.0,441.0
43,3221,0,4.5,640.0
43,3221,1,202.2,540.5
43,3222,1,201.5,542.0
43,3222,1,417.2,526.5
43,3222,1,630.5,483.5
43,3222,0,251.4,457.0
43,3222,0,188.8,545.0
43,3222,0,405.5,508.0
43,3223,1,199.0,549.5
43,3223,0,248.5,462.0
43,3223,1,630.0,500.0
43,3223,1,261.0,442.5
43,3223,1,416.0,529.0
43,3223,0,185.8,554.5
43,3223,1,366.5,435.5
43,3224,1,199.0,551.0
43,3224,1,418.0,532.0
43,3224,1,634.5,522.5
43,3224,0,249.5,461.0
43,3224,1,262.2,443.5
43,3224,1,367.5,438.5
43,3225,1,195.8,553.0
43,3225,1,418.0,536.0
43,3225,1,195.5,554.5
43,3225,0,248.2,464.8
43,3225,1,260.5,445.5
43,3225,0,433.5,571.0
43,3225,1,366.5,441.2
43,3226,0,247.0,467.2
43,3226,1,417.5,538.0
43,3226,0,8.5,515.5
43,3226,1,259.2,446.5
43,3227,1,419.8,538.5
43,3227,0,630.5,639.5
43,3227,0,247.8,467.0
43,3227,1,260.2,448.5
43,3227,0,633.0,640.0
43,3227,0,387.5,441.5
43,3227,1,194.5,564.0
43,3228,1,419.5,540.5
43,3228,0,386.5,441.5
43,3228,1,258.8,446.5
43,3228,0,246.5,468.0
43,3229,1,419.0,542.0
43,3229,0,244.8,472.0
43,3229,0,435.5,584.0
43,3229,1,257.2,449.2
43,3229,1,188.5,566.5
43,3229,0,207.2,534.0
43,3230,1,422.2,545.0
43,3230,0,246.0,467.0
43,3230,1,258.5,444.5
43,3230,0,388.2,442.5
43,3231,1,423.0,546.5
43,3231,1,188.2,567.5
43,3231,1,150.5,455.0
43,3231,0,139.9,458.2
43,3231,1,258.6,446.0
43,3231,0,245.2,471.0
43,3232,1,422.5,553.0
43,3232,1,185.2,575.5
43,3232,0,137.6,463.0
43,3232,1,600.5,442.5
43,3232,1,148.2,458.0
43,3232,1,366.8,448.0
43,3232,0,388.0,447.5
43,3233,1,182.8,583.0
43,3233,1,424.0,561.0
43,3233,1,147.8,463.2
43,3233,0,137.0,470.0
43,3233,0,166.5,582.0
43,3233,0,389.0,450.0
43,3233,1,610.5,434.2
43,3233,1,257.0,454.0
43,3233,0,243.5,481.0
43,3234,1,180.8,588.5
43,3234,1,426.5,566.0
43,3234,0,389.5,452.2
43,3234,0,242.0,483.0
43,3234,1,147.2,468.0
43,3234,1,257.1,458.0
43,3235,1,180.5,588.0
43,3235,1,428.0,568.0
43,3235,0,390.2,453.5
43,3235,1,369.5,456.2
43,3235,1,257.0,458.8
43,3235,1,146.8,467.0
43,3235,0,242.4,483.5
43,3235,0,72.0,524.0
43,3235,0,134.8,472.5
43,3236,1,180.8,591.5
43,3236,1,431.5,572.5
43,3236,1,371.0,456.2
43,3236,1,258.9,457.5
43,3236,0,634.5,524.0
43,3236,0,103.3,491.0
43,3236,1,147.5,467.5
43,3236,0,394.5,456.5
43,3236,0,136.2,473.0
43,3236,0,244.0,483.0
43,3237,1,434.5,579.0
43,3237,1,373.0,462.0
43,3237,1,180.2,602.0
43,3237,1,259.1,464.0
43,3237,0,244.5,490.2
43,3237,0,396.0,462.5
43,3238,1,176.2,602.5
43,3238,1,433.0,583.0
43,3238,1,371.0,460.5
43,3238,0,393.8,460.0
43,3238,0,157.0,525.0
43,3238,0,242.2,486.0
43,3238,0,382.2,450.0
43,3239,1,437.0,582.0
43,3239,1,177.8,605.0
43,3239,1,373.5,461.5
43,3239,0,157.8,530.5
43,3239,1,259.1,463.5
43,3239,0,243.8,487.0
43,3239,0,397.0,463.0
43,3239,0,101.6,498.5
43,3239,0,384.5,455.0
43,3240,1,438.5,581.0
43,3240,1,177.0,603.5
43,3240,0,398.2,462.5
43,3240,1,260.5,461.8
43,3240,0,245.0,485.0
43,3240,1,374.8,460.5
43,3240,1,259.5,462.5
43,3240,0,386.5,457.0
43,3241,1,436.0,585.0
43,3241,1,173.5,604.0
43,3241,1,372.5,461.0
43,3241,1,257.1,461.8
43,3241,0,395.8,458.5
43,3242,1,175.0,606.0
43,3242,1,440.0,588.0
43,3242,0,398.5,460.5
43,3242,0,100.0,497.5
43,3242,1,260.0,461.0
43,3242,1,374.5,461.5
43,3242,0,386.5,456.8
43,3242,0,243.4,486.5
43,3243,1,438.0,591.0
43,3243,1,170.5,614.5
43,3243,0,148.6,533.0
43,3243,0,95.2,498.5
43,3243,1,372.5,461.0
43,3244,1,171.1,613.5
43,3244,1,441.0,595.0
43,3244,0,148.8,536.0
43,3244,0,398.0,468.0
43,3244,1,257.1,467.0
43,3244,0,241.8,494.0
43,3245,1,442.5,598.0
43,3245,1,168.8,622.0
43,3245,1,257.0,466.8
43,3245,0,94.8,500.5
43,3245,0,397.5,463.0
43,3245,1,169.0,608.0
43,3245,1,374.2,465.5
43,3246,1,168.4,624.0
43,3246,1,444.8,599.5
43,3246,0,43.3,511.5
43,3246,0,94.9,501.5
43,3246,1,257.5,466.5
43,3246,0,557.0,601.0
43,3247,1,168.2,622.0
43,3247,1,446.0,601.5
43,3247,0,19.5,555.5
43,3247,0,95.1,502.5
43,3247,1,376.5,464.5
43,3247,1,259.0,465.2
43,3247,0,44.4,508.0
43,3248,1,449.8,598.0
43,3248,1,169.5,624.0
43,3248,1,260.5,464.0
43,3248,0,244.0,493.8
43,3248,0,96.3,503.0
43,3248,1,378.0,461.5
43,3249,1,452.2,600.0
43,3249,1,171.1,623.5
43,3249,1,262.2,464.0
43,3249,1,261.5,464.5
43,3249,0,246.0,491.0
43,3250,1,451.2,601.0
43,3250,1,166.6,624.0
43,3250,1,259.4,462.2
43,3250,0,242.5,491.0
43,3250,0,579.0,625.5
43,3250,0,94.4,499.5
43,3250,1,378.2,460.0
43,3251,1,454.0,604.0
43,3251,1,167.1,622.0
43,3251,1,260.8,462.5
43,3251,0,405.8,471.0
43,3251,0,585.5,625.0
43,3251,1,380.2,461.0
43,3251,0,244.2,487.2
43,3251,0,144.8,628.5
43,3252,0,595.0,639.0
43,3252,1,455.5,606.0
43,3252,1,167.0,625.0
43,3252,0,244.5,488.8
43,3252,1,261.5,462.5
43,3252,0,98.5,498.5
43,3252,1,261.2,461.8
43,3253,1,459.0,608.0
43,3253,1,166.2,624.5
43,3253,0,244.8,488.5
43,3253,1,262.0,461.2
43,3253,1,381.5,459.0
43,3253,0,40.2,524.0
43,3253,0,396.0,458.5
43,3253,0,98.4,495.0
43,3253,1,396.0,459.8
43,3253,1,261.2,461.0
43,3254,1,460.0,608.0
43,3254,1,164.5,629.0
43,3254,0,37.2,503.0
43,3254,1,381.5,460.0
43,3254,1,261.0,462.5
43,3254,0,244.0,485.5
43,3254,1,396.5,466.0
43,3255,1,462.5,611.5
43,3255,0,36.6,498.0
43,3255,1,163.9,628.0
43,3255,0,245.0,486.8
43,3255,1,262.0,460.2
43,3255,0,94.0,494.2
43,3256,1,463.2,615.0
43,3256,0,244.2,488.5
43,3256,1,262.0,462.0
43,3256,0,35.4,501.0
43,3257,1,465.8,613.5
43,3257,0,35.4,503.0
43,3257,1,162.8,634.5
43,3257,1,263.0,462.5
43,3257,0,245.0,488.0
43,3258,1,467.0,618.0
43,3258,1,262.2,462.5
43,3258,0,244.0,491.5
43,3258,0,33.6,508.0
43,3258,0,497.0,638.5
43,3258,0,445.8,579.0
43,3259,1,466.0,618.0
43,3259,1,157.0,639.0
43,3259,1,261.2,466.0
43,3259,0,496.0,640.0
43,3259,0,243.5,496.0
43,3259,0,29.4,505.0
43,3260,1,155.5,640.0
43,3260,1,467.8,626.0
43,3260,0,27.3,504.5
43,3260,1,260.2,461.0
43,3260,0,243.0,499.0
43,3260,0,498.2,640.0
43,3260,1,261.0,460.5
43,3261,1,154.0,640.0
43,3261,1,260.2,465.0
43,3261,1,469.5,627.0
43,3261,0,25.9,503.0
43,3261,1,259.2,466.0
43,3261,0,122.2,640.0
43,3261,0,86.0,506.0
43,3261,1,123.2,639.5
43,3262,1,151.8,640.0
43,3262,1,470.5,627.0
43,3262,0,24.1,536.5
43,3262,1,259.8,461.0
43,3262,0,84.6,502.0
43,3262,1,385.0,462.0
43,3262,0,184.2,598.5
43,3262,0,412.5,450.0
43,3263,1,150.5,640.0
43,3263,1,473.5,630.0
43,3263,1,259.2,461.0
43,3263,0,20.4,513.5
43,3263,0,116.6,640.0
43,3263,1,385.0,460.5
43,3263,0,412.0,447.5
43,3263,0,219.5,527.0
43,3263,0,240.5,491.5
43,3264,1,151.0,640.0
43,3264,1,476.0,630.0
43,3264,0,23.5,534.0
43,3264,1,388.0,460.0
43,3264,1,261.0,462.2
43,3264,0,243.2,493.5
43,3264,0,184.2,597.0
43,3265,1,147.1,639.5
43,3265,1,260.1,463.0
43,3265,1,478.5,640.0
43,3265,1,386.8,460.2
43,3265,0,17.9,542.5
43,3265,0,17.4,512.0
43,3265,1,357.0,347.0
43,3265,1,260.1,465.2
43,3265,0,241.5,501.0
43,3266,1,147.1,639.5
43,3266,1,479.0,635.5
43,3266,1,388.5,458.8
43,3266,0,17.5,505.5
43,3266,1,261.5,461.5
43,3266,0,17.9,538.0
43,3266,0,403.8,452.0
43,3266,1,262.0,461.0
43,3267,1,143.8,639.5
43,3267,1,260.2,460.5
43,3267,1,478.5,640.0
43,3267,0,15.2,509.0
43,3267,1,387.8,458.5
43,3267,0,107.5,640.0
43,3267,1,259.8,462.0
43,3267,0,415.8,445.0
43,3267,0,402.8,452.8
43,3268,1,142.8,639.5
43,3268,1,481.0,638.0
43,3268,1,259.6,458.0
43,3268,1,387.0,458.2
43,3269,1,141.5,639.5
43,3269,1,484.0,640.0
43,3269,1,260.0,456.0
43,3269,1,388.0,457.5
43,3269,0,11.4,512.5
43,3269,0,419.0,446.2
43,3269,1,259.2,460.0
43,3270,1,139.5,640.0
43,3270,1,484.0,639.0
43,3270,1,259.0,455.5
43,3270,1,387.5,459.0
43,3270,1,357.2,342.0
43,3270,0,239.2,490.8
43,3271,1,136.5,640.0
43,3271,1,486.5,639.0
43,3271,1,258.8,454.5
43,3271,1,387.0,457.5
43,3271,0,6.7,493.0
43,3271,0,632.0,598.0
43,3271,0,238.4,491.0
43,3271,1,356.8,341.0
43,3272,1,134.5,640.0
43,3272,1,489.0,640.0
43,3272,1,258.8,455.8
43,3272,1,387.5,453.5
43,3272,1,357.2,340.0
43,3272,0,405.0,455.5
43,3272,0,460.0,595.5
43,3272,0,238.8,490.5
43,3273,1,132.3,640.0
43,3273,1,491.0,640.0
43,3273,1,258.5,456.5
43,3274,1,130.2,640.0
43,3274,1,389.0,456.5
43,3274,1,258.8,459.5
43,3274,1,494.0,640.0
43,3274,1,358.0,340.0
43,3275,1,125.5,640.0
43,3275,1,388.5,458.0
43,3275,1,257.8,458.5
43,3275,1,494.0,640.0
43,3275,1,358.0,340.5
43,3275,0,406.0,458.5
43,3276,1,124.6,640.0
43,3276,1,496.5,639.5
43,3276,1,258.2,459.0
43,3276,1,389.8,458.8
43,3276,1,497.2,640.0
43,3276,0,408.0,463.0
43,3276,1,358.0,339.2
43,3277,1,122.9,640.0
43,3277,1,497.0,639.5
43,3277,1,389.0,458.5
43,3277,1,257.8,461.0
43,3277,1,358.5,338.8
43,3277,0,236.0,493.5
43,3277,1,498.0,640.0
43,3277,0,210.8,533.5
43,3278,1,118.9,640.0
43,3278,1,389.0,458.2
43,3278,0,208.8,537.5
43,3278,1,498.8,640.0
43,3278,0,234.2,496.2
43,3278,0,406.5,460.5
43,3278,1,499.0,640.0
43,3278,1,387.5,457.5
43,3278,1,356.5,341.0
43,3278,1,256.2,458.5
43,3279,1,116.6,639.0
43,3279,1,390.2,458.0
43,3279,0,470.0,609.0
43,3279,0,234.8,495.0
43,3279,0,539.0,552.5
43,3279,1,257.2,459.0
43,3279,1,358.0,338.5
43,3279,0,208.2,538.0
43,3279,1,502.5,639.5
43,3280,1,112.8,639.5
43,3280,0,233.0,498.5
43,3280,1,389.5,458.8
43,3280,1,358.0,338.8
43,3280,0,408.8,465.8
43,3280,1,254.5,462.0
43,3280,1,256.2,460.5
43,3280,1,505.0,639.5
43,3281,1,112.5,640.0
43,3281,1,506.5,640.0
43,3281,0,409.0,462.0
43,3281,1,257.0,460.8
43,3281,0,426.0,463.0
43,3281,0,233.9,500.5
43,3282,1,108.1,639.5
43,3282,0,231.8,503.5
43,3282,1,508.0,640.0
43,3282,1,389.5,464.5
43,3282,0,408.5,466.8
43,3282,1,256.2,466.5
43,3282,0,474.5,615.0
43,3282,1,390.2,465.5
43,3282,0,426.2,466.8
43,3282,1,254.1,468.0
43,3283,1,108.1,639.5
43,3283,0,476.8,622.5
43,3283,1,256.6,464.0
43,3283,0,232.9,505.2
43,3283,0,409.5,470.2
43,3283,1,390.0,466.0
43,3284,1,104.0,640.0
43,3284,0,231.0,504.5
43,3284,0,408.8,470.8
43,3284,1,357.5,345.5
43,3284,1,253.4,467.5
43,3284,0,153.1,585.5
43,3284,1,389.2,466.5
43,3285,0,231.2,505.0
43,3285,0,410.8,475.5
43,3285,1,515.5,640.0
43,3285,1,102.4,639.0
43,3285,0,45.5,639.0
43,3285,1,253.6,468.0
43,3285,1,391.2,471.8
43,3286,1,251.9,470.0
43,3286,0,228.5,508.0
43,3286,1,388.5,472.5
43,3286,1,250.2,472.0
43,3286,1,516.0,640.0
43,3286,0,200.1,551.5
43,3286,0,409.5,474.5
43,3287,1,520.0,639.0
43,3287,0,230.0,506.5
43,3287,0,410.5,478.5
43,3287,1,252.5,472.5
43,3287,1,389.5,472.5
43,3287,1,356.5,348.5
43,3287,0,201.0,552.5
43,3288,1,526.5,639.5
43,3288,0,232.4,509.5
43,3288,0,414.5,477.5
43,3288,1,393.8,470.5
43,3288,1,397.0,473.0
43,3288,1,256.5,471.2
43,3288,1,395.5,472.0
43,3289,1,89.8,640.0
43,3289,0,145.5,608.0
43,3289,1,523.5,640.0
43,3289,0,229.0,512.5
43,3289,0,200.2,554.5
43,3289,1,251.5,476.0
43,3289,0,411.5,476.0
43,3289,1,252.2,474.8
43,3289,1,389.8,472.2
43,3289,0,436.0,545.0
43,3290,1,89.1,640.0
43,3290,1,530.0,639.5
43,3290,0,146.5,614.0
43,3290,1,392.5,472.5
43,3290,0,230.4,515.0
43,3290,0,414.5,478.0
43,3290,1,254.0,473.5
43,3290,1,252.5,475.0
43,3290,1,397.2,474.0
43,3291,1,528.0,639.0
43,3291,1,81.0,639.5
43,3291,1,250.8,481.0
43,3291,0,139.5,629.0
43,3291,1,391.5,476.5
43,3291,0,227.2,521.0
43,3291,0,412.5,478.5
43,3291,1,252.2,477.5
43,3291,0,196.9,566.5
43,3292,1,74.5,640.0
43,3292,1,536.0,640.0
43,3292,1,250.2,487.0
43,3292,0,494.8,639.5
43,3292,1,251.8,484.0
43,3292,1,391.8,482.0
43,3292,0,227.0,528.5
43,3292,1,441.5,560.5
43,3292,0,136.8,632.0
43,3292,0,414.2,488.5
43,3293,1,66.7,640.0
43,3293,1,249.5,488.8
43,3293,1,392.0,482.8
43,3293,0,442.8,564.5
43,3293,0,225.1,526.0
43,3294,1,58.9,639.0
43,3294,1,250.0,491.0
43,3294,0,445.8,569.0
43,3294,1,393.8,488.0
43,3294,1,57.4,472.5
43,3294,1,396.5,491.0
43,3294,1,553.0,639.5
43,3295,1,44.4,640.0
43,3295,1,248.8,494.8
43,3295,1,42.8,481.8
43,3295,0,222.5,537.0
43,3295,0,222.5,536.0
43,3295,1,394.8,486.8
43,3296,1,34.3,640.0
43,3296,1,247.6,494.8
43,3296,1,395.0,488.2
43,3296,1,396.5,490.8
43,3296,0,219.2,534.0
43,3297,1,25.0,640.0
43,3297,1,245.5,496.0
43,3297,1,394.0,494.5
43,3297,0,216.8,538.5
43,3297,1,396.0,496.2
43,3297,0,449.8,576.0
43,3298,1,245.4,496.5
43,3298,1,396.0,495.5
43,3298,0,215.2,544.5
43,3298,1,9.6,639.5
43,3298,1,397.0,497.0
43,3298,0,454.0,574.0
43,3298,1,357.2,357.5
43,3299,1,242.2,500.5
43,3299,0,211.4,545.5
43,3299,1,395.0,492.5
43,3299,0,424.0,538.5
43,3300,1,241.8,503.8
43,3300,1,396.5,496.0
43,3300,1,619.0,509.8
43,3301,1,240.5,506.0
43,3301,1,396.5,497.0
43,3301,1,632.0,526.0
43,3301,0,207.9,554.5
43,3302,1,238.5,500.0
43,3302,1,395.8,497.2
43,3302,0,204.8,554.0
43,3302,1,81.4,485.5
43,3302,1,397.5,500.5
43,3303,1,239.8,499.0
43,3303,1,399.2,499.0
43,3304,0,200.0,559.5
43,3304,1,237.1,503.0
43,3304,1,399.5,496.0
43,3304,0,201.5,559.0
43,3305,1,234.6,503.5
43,3305,0,197.4,561.5
43,3305,1,398.8,495.0
43,3305,0,198.1,561.0
43,3306,1,233.0,500.0
43,3306,0,194.8,559.5
43,3306,0,196.1,560.0
43,3306,1,399.5,495.0
43,3306,1,569.0,497.8
43,3307,1,232.5,505.5
43,3307,0,193.5,564.5
43,3308,1,231.8,506.0
43,3308,1,401.5,501.0
43,3308,0,192.0,572.0
43,3308,1,573.5,502.5
43,3309,1,582.0,500.5
43,3309,1,234.0,508.5
43,3309,1,406.0,506.0
43,3309,0,192.1,577.0
43,3310,1,232.4,513.0
43,3310,1,583.0,502.0
43,3310,1,406.5,510.5
43,3310,0,416.8,522.5
43,3310,0,190.4,580.5
43,3311,1,231.8,509.5
43,3311,1,409.0,507.8
43,3311,0,188.2,578.5
43,3311,0,419.2,519.5
43,3311,1,59.8,457.5
43,3312,1,228.2,524.5
43,3312,1,409.0,516.0
43,3312,1,309.0,287.5
43,3312,0,181.4,600.5
43,3312,1,50.2,527.5
43,3312,1,357.0,348.0
43,3313,0,105.1,639.5
43,3313,1,229.1,527.5
43,3313,1,411.0,519.5
43,3313,0,181.8,604.0
43,3313,0,421.2,531.5
43,3313,1,228.1,320.2
43,3314,1,598.0,459.0
43,3314,1,410.5,526.0
43,3314,0,421.8,540.0
43,3314,0,175.0,614.5
43,3314,0,90.0,639.0
43,3314,1,37.5,470.5
43,3315,1,415.0,535.0
43,3315,1,15.0,523.0
43,3315,1,227.0,537.5
43,3315,1,225.2,324.8
43,3316,1,224.9,324.8
43,3316,1,414.8,539.0
43,3316,1,7.8,530.0
43,3316,1,40.4,510.8
43,3317,1,616.0,502.5
43,3317,1,416.5,536.5
43,3317,0,161.8,631.0
43,3317,1,219.9,320.5
43,3318,1,420.2,542.0
43,3318,1,619.5,489.5
43,3318,1,219.2,323.0
43,3318,1,221.8,553.0
43,3318,1,28.3,531.5
43,3319,1,14.0,550.0
43,3319,1,423.5,545.0
43,3319,1,215.0,546.5
43,3319,1,213.2,316.5
43,3319,0,150.8,639.0
43,3319,0,438.5,569.0
43,3319,0,150.2,640.0
43,3320,1,9.0,556.0
43,3320,1,425.8,546.0
43,3320,1,214.2,547.0
43,3320,0,441.0,570.0
43,3320,0,144.8,640.0
43,3321,0,133.4,640.0
43,3321,1,426.0,554.0
43,3321,0,441.0,577.0
43,3321,1,208.8,320.2
43,3321,1,4.2,570.5
43,3321,1,211.2,558.5
43,3322,1,428.8,566.0
43,3322,1,309.0,301.5
43,3322,0,71.9,522.5
43,3322,1,207.0,569.0
43,3322,1,358.2,361.5
43,3322,1,203.8,320.0
43,3323,0,110.1,640.0
43,3323,1,433.0,567.0
43,3323,1,432.5,566.0
43,3324,1,432.5,572.0
43,3324,0,106.4,640.0
43,3324,1,200.0,579.0
43,3324,0,93.4,596.0
43,3325,1,434.0,580.5
43,3325,1,195.5,583.0
43,3325,1,192.9,317.5
43,3325,1,195.5,591.5
43,3326,1,438.5,583.0
43,3326,0,86.2,637.0
43,3326,1,194.0,590.0
43,3327,1,186.5,604.0
43,3327,1,181.2,352.2
43,3328,1,179.2,613.5
43,3328,1,41.5,640.0
43,3328,1,462.0,443.0
43,3328,1,181.8,613.0
43,3329,1,178.1,613.0
43,3329,1,173.8,346.5
43,3329,1,452.0,608.0
43,3329,1,449.5,378.5
43,3330,1,166.5,634.0
43,3330,1,162.5,358.2
43,3330,1,456.5,620.5
43,3330,1,596.0,584.5
43,3331,1,460.5,624.0
43,3331,1,163.5,640.0
43,3331,1,613.5,603.0
43,3331,1,458.0,373.0
43,3332,1,147.5,359.0
43,3332,1,464.5,637.0
43,3332,1,154.0,640.0
43,3332,1,459.0,376.5
43,3332,1,152.2,638.5
43,3332,1,304.5,292.5
43,3333,1,464.8,640.0
43,3333,1,144.5,640.0
43,3333,1,145.0,639.5
43,3333,1,141.0,352.0
43,3334,1,142.0,639.0
43,3334,0,106.6,640.0
43,3334,1,229.2,407.0
43,3334,1,137.1,353.5
43,3334,1,472.5,640.0
43,3334,1,304.5,294.8
43,3334,1,143.2,640.0
43,3335,1,135.6,640.0
43,3335,1,476.0,640.0
43,3335,1,131.2,395.0
43,3335,1,228.5,410.0
43,3335,1,138.2,640.0
43,3336,1,120.0,637.0
43,3336,1,482.0,640.0
43,3336,1,300.8,286.2
43,3337,1,111.8,638.0
43,3337,0,67.2,640.0
43,3337,1,486.5,640.0
43,3337,0,540.0,630.0
43,3338,1,98.4,640.0
43,3338,1,634.5,640.0
43,3338,1,488.5,640.0
43,3339,1,494.5,640.0
43,3339,1,98.1,640.0
43,3339,1,97.9,575.5
43,3340,1,84.2,638.0
43,3340,1,499.8,640.0
43,3340,1,220.8,412.0
43,3341,1,82.2,638.0
43,3341,1,501.2,640.0
43,3341,1,220.5,413.0
43,3341,1,503.0,640.0
43,3342,1,78.5,640.0
43,3342,1,507.0,638.0
43,3342,1,509.0,640.0
43,3343,1,81.6,640.0
43,3343,1,522.0,640.0
43,3343,1,524.0,640.0
43,3344,1,528.5,640.0
43,3344,1,77.5,639.0
43,3344,1,230.2,419.0
43,3344,1,228.5,367.2
43,3345,1,72.2,639.5
43,3345,1,533.0,639.0
43,3345,1,230.1,416.0
43,3345,1,536.5,640.0
43,3346,1,71.9,640.0
43,3346,1,542.0,640.0
43,3346,1,232.5,415.2
43,3347,1,67.0,640.0
43,3347,1,550.0,640.0
43,3348,1,554.0,640.0
43,3348,1,61.1,640.0
43,3348,1,232.8,411.0
43,3349,1,58.1,640.0
43,3349,1,557.5,639.5
43,3349,1,557.0,631.0
43,3350,1,53.3,640.0
43,3350,1,565.0,640.0
43,3351,1,45.1,640.0
43,3351,1,568.0,640.0
43,3351,1,231.8,413.8
43,3351,1,42.5,541.5
43,3352,1,43.8,640.0
43,3352,1,41.2,550.0
43,3352,1,233.4,412.5
43,3353,1,40.8,640.0
43,3353,1,577.5,640.0
43,3353,1,38.1,546.0
43,3353,1,235.4,414.0
43,3354,1,31.8,639.0
43,3354,1,586.0,640.0
43,3354,1,234.2,415.5
43,3355,1,19.0,640.0
43,3355,1,598.0,639.0
43,3355,1,233.8,416.5
43,3355,1,21.7,640.0
43,3356,1,14.0,639.5
43,3356,1,10.5,640.0
43,3356,1,601.0,563.5
43,3357,1,6.9,640.0
43,3357,1,613.0,640.0
43,3357,1,615.0,640.0
43,3358,1,618.5,640.0
43,3359,1,626.0,640.0
43,3359,1,233.8,415.0
43,3360,1,629.0,640.0
43,3360,1,165.4,325.0
43,3362,1,230.0,413.5
43,3364,1,372.0,343.5
43,3365,1,164.8,313.0
43,3367,1,164.4,309.0
43,3370,1,164.0,307.0
43,3371,1,317.2,279.5
43,3372,1,317.8,283.2
43,3373,1,165.1,311.0
43,3373,0,185.5,320.5
43,3376,1,166.5,316.0
43,3376,1,373.0,346.0
43,3380,1,164.0,310.5
43,3381,1,163.6,309.5
43,3382,1,161.8,312.2
43,3383,1,163.1,314.5
43,3384,1,163.2,317.5
43,3385,1,373.0,350.0
43,3386,1,161.5,316.5
43,3387,1,372.5,347.5
43,3388,1,373.5,353.0
43,3388,1,161.8,322.0
43,3390,1,373.2,354.5
43,3391,1,161.2,326.8
43,3394,0,152.5,178.2
43,3396,1,229.2,364.5
43,3396,0,150.0,178.5
43,3398,0,149.5,177.8
43,3398,1,229.6,365.0
43,3399,1,373.5,354.0
43,3399,1,229.0,364.5
43,3400,1,375.0,355.5
43,3400,1,229.8,365.5
43,3400,0,149.0,178.8
43,3401,1,228.2,363.0
43,3402,0,149.4,177.9
43,3403,1,374.5,347.8
43,3405,1,156.8,314.5
43,3405,1,228.5,361.5
43,3406,1,225.5,364.5
43,3407,1,147.8,311.2
43,3409,1,131.2,307.0
43,3410,1,194.1,346.5
43,3410,1,210.9,325.8
43,3411,1,102.5,295.0
43,3411,1,180.5,344.0
43,3412,1,178.0,314.0
43,3416,1,7.5,274.2
43,3416,0,35.1,294.5
43,3416,1,262.5,316.0
43,3417,0,11.5,284.0
43,3418,1,232.5,306.5
43,3419,1,211.8,309.0
43,3419,1,51.5,296.0
43,3420,1,169.0,312.0
43,3421,1,146.0,320.5
43,3801,1,200.5,605.5
43,3801,1,274.0,446.5
43,3801,0,189.0,597.0
43,3801,1,61.3,640.0
43,3802,1,270.2,447.5
43,3803,1,180.8,633.5
43,3803,1,265.0,450.5
43,3803,0,275.5,436.0
43,3803,0,276.0,435.5
43,3804,1,177.4,635.5
43,3804,1,262.5,454.2
43,3805,1,177.8,637.0
43,3805,1,264.0,447.5
43,3806,1,174.5,638.5
43,3806,1,264.0,448.5
43,3806,0,156.8,640.0
43,3807,1,164.0,640.0
43,3807,1,260.5,450.8
43,3807,1,260.8,450.0
43,3808,1,258.6,457.5
43,3809,1,151.8,640.0
43,3809,1,255.0,455.2
43,3810,1,142.1,640.0
43,3810,1,252.4,459.2
43,3810,0,114.5,639.0
43,3811,1,136.5,640.0
43,3811,0,106.7,639.0
43,3811,1,251.2,461.8
43,3812,0,93.9,640.0
43,3812,1,249.2,465.0
43,3812,1,68.1,639.0
43,3812,1,65.9,356.0
43,3813,1,118.2,638.5
43,3813,1,246.0,469.5
43,3814,1,101.9,639.5
43,3814,1,240.8,468.0
43,3814,0,54.8,639.0
43,3815,1,242.1,478.0
43,3815,1,94.2,639.0
43,3816,1,84.8,640.0
43,3816,1,241.2,472.0
43,3817,1,76.9,639.5
43,3817,1,240.6,470.0
43,3818,1,79.9,640.0
43,3818,1,250.8,475.8
43,3819,1,249.5,480.0
43,3819,1,64.6,640.0
43,3820,1,247.5,478.5
43,3820,1,51.5,639.5
43,3821,1,42.2,640.0
43,3821,1,249.1,473.0
43,3821,1,4.6,498.0
43,3821,1,3.9,501.8
43,3822,1,250.6,471.5
43,3822,1,305.0,329.5
43,3822,1,26.5,639.5
43,3823,1,252.0,473.5
43,3824,1,6.1,461.5
43,3824,1,251.5,472.0
43,3825,1,252.2,471.5
43,3826,1,249.6,476.0
43,3826,1,94.2,640.0
43,3827,1,250.6,479.0
43,3827,1,86.5,467.0
43,3827,1,89.9,640.0
43,3828,1,248.1,478.0
43,3828,1,79.9,640.0
43,3829,1,247.5,479.0
43,3830,1,245.2,482.5
43,3831,1,245.2,486.5
43,3832,1,244.9,489.5
43,3833,1,241.9,495.5
43,3834,1,242.0,497.0
43,3835,1,243.8,497.0
43,3836,1,240.2,501.0
43,3837,1,240.9,502.5
43,3837,1,203.0,599.5
43,3838,1,237.5,502.0
43,3838,1,276.8,432.0
43,3838,1,199.5,601.0
43,3839,1,238.0,504.5
43,3839,1,199.0,607.5
43,3840,1,238.2,505.0
43,3840,1,198.5,610.0
43,3840,1,57.5,504.8
43,3841,1,197.0,611.0
43,3841,1,237.2,505.5
43,3841,0,267.5,437.0
43,3842,1,237.0,505.2
43,3842,0,268.0,432.0
43,3843,1,239.0,507.5
43,3843,1,197.2,613.0
43,3844,1,235.6,510.0
43,3845,1,235.2,511.2
43,3845,1,44.9,509.5
43,3845,0,266.5,439.8
43,3846,1,233.2,515.0
43,3846,1,188.4,623.5
43,3846,0,265.5,427.5
43,3847,1,232.5,514.5
43,3847,1,40.7,502.5
43,3847,1,276.5,434.2
43,3847,1,187.2,624.5
43,3847,0,265.2,432.5
43,3848,1,231.5,514.5
43,3848,1,276.5,434.0
43,3848,1,38.4,506.0
43,3848,0,265.0,430.0
43,3848,1,185.8,632.0
43,3849,1,232.0,517.0
43,3849,1,185.2,632.5
43,3849,0,265.0,433.0
43,3849,1,276.8,434.5
43,3850,1,229.5,519.0
43,3850,1,181.5,639.0
43,3850,1,275.2,434.5
43,3850,0,262.5,434.2
43,3851,1,231.8,519.5
43,3851,1,183.5,639.0
43,3851,0,265.5,429.5
43,3851,1,276.5,434.0
43,3852,1,230.0,523.0
43,3852,1,179.2,639.5
43,3853,1,228.2,526.5
43,3853,1,176.2,640.0
43,3853,1,276.5,437.2
43,3854,1,231.0,527.0
43,3854,1,178.6,639.5
43,3855,1,229.0,528.0
43,3855,1,175.2,640.0
43,3855,1,276.5,438.0
43,3856,1,231.0,527.5
43,3856,1,279.0,436.8
43,3856,1,176.5,640.0
43,3857,1,229.8,529.5
43,3857,1,174.6,639.5
43,3858,1,229.2,528.5
43,3858,1,171.8,639.0
43,3858,1,279.0,434.0
43,3859,1,229.2,529.5
43,3859,1,171.5,640.0
43,3859,1,279.5,434.5
43,3860,1,228.6,530.5
43,3860,1,279.5,434.5
43,3860,1,169.2,640.0
43,3861,1,167.0,640.0
43,3861,1,279.5,435.0
43,3861,1,227.1,528.0
43,3862,1,279.0,432.0
43,3862,1,164.8,640.0
43,3862,1,225.9,532.0
43,3863,1,280.2,436.0
43,3863,1,12.8,538.0
43,3863,1,227.6,538.0
43,3864,1,4.2,640.0
43,3865,1,279.5,435.2
43,3866,1,222.8,536.0
43,3866,1,155.5,639.5
43,3867,1,155.2,640.0
43,3867,1,279.5,436.0
43,3867,1,5.5,640.0
43,3868,1,152.5,639.0
43,3869,1,149.2,639.5
43,3870,1,146.0,639.0
43,3870,1,280.0,440.0
43,3871,1,144.2,639.5
43,3871,1,279.0,440.0
43,3872,1,141.5,640.0
43,3872,1,280.5,443.0
43,3873,1,218.5,559.0
43,3873,1,278.8,441.5
43,3873,1,137.8,640.0
43,3874,1,218.5,560.5
43,3874,1,279.5,442.0
43,3874,1,133.6,640.0
43,3875,1,281.2,444.0
43,3875,1,219.5,559.0
43,3875,1,133.0,640.0
43,3876,1,126.1,640.0
43,3876,1,214.2,561.5
43,3876,1,278.5,442.5
43,3877,1,214.2,568.5
43,3877,1,121.4,639.5
43,3878,1,213.5,569.5
43,3878,1,213.9,571.0
43,3878,1,279.5,442.0
43,3879,1,210.0,568.5
43,3879,1,277.0,441.8
43,3880,1,208.8,567.0
43,3880,1,276.5,439.5
43,3880,1,107.1,640.0
43,3881,1,206.4,569.5
43,3881,1,275.0,439.0
43,3882,1,205.6,573.0
43,3882,1,308.5,334.0
43,3882,1,275.2,440.5
43,3883,1,276.5,443.0
43,3883,1,205.8,576.0
43,3884,1,90.8,640.0
43,3884,1,276.5,443.5
43,3884,1,204.5,580.0
43,3885,1,202.1,588.5
43,3885,1,276.0,443.8
43,3886,1,202.2,591.5
43,3886,1,277.0,447.0
43,3887,1,199.0,594.5
43,3888,1,197.8,602.5
43,3888,1,276.0,450.5
43,3889,1,195.8,606.5
43,3891,0,220.5,479.2
43,3892,1,186.8,625.0
43,3892,1,186.6,628.5
43,3892,0,219.9,475.5
43,3893,0,219.2,468.5
43,3893,1,310.2,341.5
43,3893,1,184.5,624.0
43,3893,1,272.5,458.0
43,3893,0,31.0,459.0
43,3894,1,180.8,635.0
43,3895,1,181.1,639.0
43,3896,1,174.5,639.5
43,3896,1,269.0,466.0
43,3897,1,172.8,640.0
43,3897,1,269.0,464.2
43,3898,1,170.2,640.0
43,3898,1,269.0,465.0
43,3898,1,170.5,411.5
43,3898,1,170.2,360.2
43,3899,1,170.2,640.0
43,3899,1,169.2,407.5
43,3900,1,164.8,640.0
43,3901,1,164.5,640.0
43,3902,1,205.0,161.8
43,3902,1,268.0,461.8
43,3903,1,154.5,640.0
43,3903,1,152.8,416.5
43,3903,1,265.5,466.0
43,3903,0,235.5,511.5
43,3903,1,305.5,340.5
43,3904,1,155.8,640.0
43,3904,1,268.5,466.5
43,3904,1,152.9,420.0
43,3905,1,149.8,637.5
43,3905,1,267.0,472.5
43,3906,1,145.0,640.0
43,3906,1,265.5,475.0
43,3906,1,142.5,432.5
43,3907,1,143.0,640.0
43,3907,1,265.0,477.0
43,3907,1,140.0,442.0
43,3908,1,138.0,639.5
43,3908,1,265.0,479.0
43,3909,1,134.9,639.5
43,3909,1,132.2,441.5
43,3909,1,265.2,479.5
43,3910,1,131.3,639.5
43,3910,1,264.0,481.0
43,3910,1,128.5,441.5
43,3911,1,264.5,480.0
43,3911,1,305.8,349.2
43,3911,1,130.2,639.0
43,3911,1,125.8,444.5
43,3912,1,125.5,640.0
43,3912,1,264.2,477.5
43,3912,0,182.6,585.5
43,3912,1,123.0,443.5
43,3913,1,122.6,640.0
43,3913,0,32.9,640.0
43,3913,1,262.5,477.5
43,3914,0,30.3,639.5
43,3914,1,122.4,639.5
43,3914,1,265.5,477.0
43,3914,1,308.0,345.5
43,3915,1,115.8,640.0
43,3915,1,262.0,478.0
43,3915,0,19.3,640.0
43,3915,1,305.2,346.8
43,3915,1,114.4,639.0
43,3916,0,14.2,640.0
43,3916,0,177.1,602.0
43,3916,1,114.2,639.5
43,3916,1,263.0,479.5
43,3917,0,174.5,591.0
43,3917,1,110.1,639.0
43,3917,1,261.2,479.0
43,3918,0,172.8,591.0
43,3918,1,107.9,639.5
43,3918,1,305.5,346.2
43,3918,1,261.5,477.0
43,3919,0,171.8,590.0
43,3919,1,105.4,640.0
43,3919,1,261.8,476.5
43,3919,1,307.5,343.0
43,3919,1,262.5,475.5
43,3920,1,99.6,454.0
43,3920,1,101.6,639.0
43,3920,1,99.6,444.0
43,3920,1,260.5,473.5
43,3920,1,305.2,345.0
43,3921,1,99.1,640.0
43,3921,1,97.4,447.5
43,3921,0,169.0,594.5
43,3921,1,261.0,474.0
43,3922,1,261.5,473.5
43,3922,0,167.2,594.0
43,3923,1,218.2,534.5
43,3923,0,163.4,596.0
43,3923,1,89.8,640.0
43,3923,1,259.5,473.2
43,3923,0,245.2,464.8
43,3924,0,157.9,606.0
43,3924,1,82.0,640.0
43,3924,1,82.4,639.5
43,3925,0,157.2,607.0
43,3925,1,79.0,640.0
43,3926,0,156.4,606.0
43,3926,1,77.2,640.0
43,3927,0,152.4,610.5
43,3927,1,72.8,640.0
43,3928,0,152.0,611.0
43,3928,1,68.4,640.0
43,3929,1,61.4,552.0
43,3930,0,145.1,610.0
43,3930,1,56.4,640.0
43,3930,1,56.1,639.5
43,3931,1,52.4,640.0
43,3931,0,144.8,638.0
43,3931,1,52.8,639.5
43,3932,0,142.2,622.0
43,3932,1,50.7,640.0
43,3932,1,50.6,555.0
43,3932,1,254.0,479.0
43,3932,0,205.5,587.0
43,3933,1,252.0,478.0
43,3933,1,42.3,639.5
43,3933,0,136.1,630.0
43,3934,1,42.8,640.0
43,3934,1,43.1,639.0
43,3934,0,141.5,639.5
43,3935,1,38.0,639.5
43,3935,0,137.8,637.5
43,3936,1,32.3,569.0
43,3936,1,306.0,334.0
43,3936,0,134.6,637.5
43,3937,0,131.7,638.0
43,3937,1,23.9,639.5
43,3938,1,20.2,639.0
43,3938,1,19.4,543.5
43,3938,1,20.3,639.0
43,3938,1,305.0,335.0
43,3938,0,130.8,639.0
43,3939,1,11.5,640.0
43,3939,0,125.1,640.0
43,3940,1,7.6,640.0
43,3940,1,253.0,477.0
43,3940,0,122.1,640.0
43,3941,1,253.1,475.0
43,3941,1,6.4,640.0
43,3941,0,121.2,639.5
43,3942,1,253.5,474.5
43,3942,0,119.9,639.0
43,3942,1,304.5,330.0
43,3942,1,120.2,639.5
43,3942,1,2.4,486.0
43,3942,1,197.8,148.2
43,3943,1,197.6,150.0
43,3943,0,112.9,640.0
43,3944,0,107.0,639.5
43,3944,1,196.5,145.8
43,3945,0,102.6,640.0
43,3946,0,94.8,639.5
43,3946,1,299.5,338.5
43,3947,0,89.9,609.0
43,3948,0,81.0,610.5
43,3949,0,77.9,621.0
43,3949,1,188.0,148.1
43,3950,0,75.2,639.0
43,3950,1,297.0,343.2
43,3951,0,70.5,639.0
43,3951,1,239.8,500.5
43,3953,1,186.5,147.5
43,3954,0,51.7,639.0
43,3955,0,42.1,640.0
43,3956,0,18.1,639.5
43,3956,1,231.5,511.0
43,3956,1,184.5,153.6
43,3957,0,5.6,638.0
43,3957,1,48.6,466.5
43,3958,1,38.3,477.8
43,3958,1,36.7,476.8
43,3960,1,290.0,356.2
43,3961,1,216.8,535.5
43,3962,1,284.5,364.5
43,3962,1,214.2,546.5
43,3962,1,201.6,558.0
43,3963,1,11.9,546.0
43,3963,1,211.6,553.0
43,3963,1,284.0,363.5
43,3964,1,6.5,560.0
43,3964,0,87.2,639.5
43,3964,1,208.6,549.0
43,3964,1,284.5,358.0
43,3964,1,6.0,560.0
43,3965,1,3.5,571.0
43,3965,1,204.2,551.0
43,3965,1,281.8,356.5
43,3966,1,201.0,557.5
43,3966,1,67.2,640.0
43,3966,1,280.8,358.0
43,3967,1,196.8,554.5
43,3967,1,195.6,560.5
43,3968,0,128.5,640.0
43,3969,0,126.0,640.0
43,3969,1,277.2,349.5
43,3969,1,187.5,563.0
43,3970,0,123.8,640.0
43,3970,1,279.0,347.0
43,3970,1,187.2,564.0
43,3971,0,120.1,639.0
43,3971,1,275.5,349.5
43,3971,1,183.2,562.0
43,3972,0,121.2,640.0
43,3972,1,184.8,564.5
43,3973,0,120.9,638.0
43,3973,1,184.4,563.0
43,3973,1,277.5,347.0
43,3975,0,115.8,639.5
43,3975,1,183.2,567.0
43,3975,1,279.0,346.0
43,3976,1,175.0,567.5
43,3977,1,172.8,576.0
43,3977,0,94.6,639.0
43,3977,1,275.5,347.5
43,3978,1,170.6,576.5
43,3978,0,89.8,638.5
43,3979,1,279.0,344.5
43,3979,1,169.0,584.5
43,3980,1,282.5,343.5
43,3980,1,170.2,584.0
43,3981,1,173.5,588.0
43,3982,1,168.9,606.0
43,3983,1,163.0,624.5
43,3984,1,154.8,640.0
43,3985,1,151.0,640.0
43,3986,1,141.9,640.0
43,3987,1,135.8,640.0
43,3988,1,150.5,374.5
43,3988,1,123.9,640.0
43,3988,1,122.0,613.0
43,3989,1,111.0,640.0
43,3989,1,149.5,368.0
43,3990,1,95.8,623.0
43,3991,1,72.0,640.0
43,3992,1,66.9,640.0
43,3993,1,44.2,640.0
43,3993,1,43.7,640.0
43,3993,1,46.2,640.0
43,3996,1,285.2,357.0
44,334,1,51.9,549.0
44,334,1,156.4,623.5
44,334,1,157.9,539.0
44,334,0,571.0,513.0
44,334,0,503.5,594.5
44,334,1,580.5,506.8
44,334,0,610.5,460.0
44,334,0,597.0,474.5
44,334,0,597.0,474.0
44,334,0,598.0,474.0
44,334,0,611.0,459.0
44,334,0,619.5,446.5
44,334,1,387.0,551.5
44,334,1,385.0,640.0
44,334,1,625.0,444.0
44,335,1,119.3,637.5
44,335,1,12.4,560.0
44,335,0,472.5,591.5
44,335,0,538.5,513.5
44,335,1,590.0,442.2
44,335,0,598.0,430.5
44,335,1,122.7,523.5
44,335,1,13.0,499.5
44,335,1,547.5,506.8
44,335,1,354.0,640.0
44,335,0,540.0,516.5
44,335,1,590.0,441.5
44,335,1,589.0,443.0
44,335,0,563.0,473.2
44,336,1,91.9,639.0
44,336,1,335.8,640.0
44,336,0,452.0,591.5
44,336,1,94.0,560.0
44,336,1,565.5,439.0
44,336,1,525.5,500.5
44,336,1,333.5,640.0
44,336,1,619.5,367.8
44,336,0,542.0,471.0
44,336,0,541.0,471.0
44,336,0,553.5,458.5
44,337,1,45.2,640.0
44,337,1,301.5,640.0
44,337,1,490.5,503.5
44,337,1,579.5,371.8
44,337,0,482.0,505.5
44,337,0,420.0,592.0
44,337,0,455.2,540.5
44,337,1,613.0,32.6
44,337,0,637.0,451.2
44,337,0,221.8,477.5
44,337,1,299.5,640.0
44,337,0,518.0,457.5
44,338,1,265.0,640.0
44,338,1,7.9,419.8
44,338,1,456.2,503.2
44,338,1,635.5,525.0
44,338,0,215.2,471.2
44,338,0,385.0,594.0
44,338,0,616.0,486.0
44,338,1,598.0,446.0
44,339,1,223.5,640.0
44,339,1,591.0,529.5
44,339,0,350.0,599.0
44,339,1,591.0,527.0
44,339,0,572.5,483.5
44,339,1,420.0,506.8
44,339,1,504.5,379.0
44,339,0,177.0,484.5
44,339,1,456.5,442.8
44,339,0,412.0,509.5
44,340,1,163.2,639.5
44,340,1,538.0,521.5
44,340,1,374.2,507.5
44,340,0,566.0,557.5
44,340,1,454.5,380.5
44,340,0,637.0,543.0
44,340,0,521.0,480.5
44,340,0,605.0,534.0
44,340,1,123.5,491.0
44,341,1,124.9,640.0
44,341,1,507.0,522.5
44,341,1,425.2,382.0
44,341,0,534.5,556.5
44,341,1,347.0,511.5
44,341,0,605.5,564.0
44,341,0,200.9,619.0
44,341,0,340.0,514.0
44,342,1,104.3,639.0
44,342,0,521.0,565.0
44,342,1,334.5,516.0
44,342,1,494.0,523.0
44,342,0,631.0,527.0
44,342,0,559.5,586.5
44,342,0,594.5,563.0
44,342,0,591.5,567.5
44,343,1,83.9,640.0
44,343,1,402.2,389.2
44,343,1,482.2,525.0
44,343,1,324.5,518.0
44,343,0,317.0,520.0
44,343,0,626.0,640.0
44,343,0,511.8,561.0
44,344,1,67.1,640.0
44,344,1,318.5,518.0
44,344,1,477.8,525.5
44,344,0,506.8,566.5
44,344,1,396.5,389.2
44,345,1,60.6,640.0
44,345,1,317.0,521.0
44,345,1,395.5,386.0
44,345,0,506.2,569.5
44,345,1,476.8,524.0
44,345,1,477.2,529.0
44,345,0,626.5,605.0
44,345,1,354.0,450.5
44,346,1,46.2,640.0
44,346,1,475.8,528.0
44,346,0,278.5,579.0
44,346,0,583.0,566.5
44,346,0,307.5,524.0
44,346,1,393.0,388.5
44,346,1,315.0,523.0
44,346,0,341.8,472.5
44,346,1,50.4,567.5
44,347,1,38.3,640.0
44,347,1,475.5,531.5
44,347,1,313.5,527.0
44,347,1,391.5,386.0
44,347,0,505.8,570.5
44,347,0,341.0,476.0
44,348,1,25.7,640.0
44,348,1,310.5,530.0
44,348,1,474.0,536.5
44,348,0,505.5,580.5
44,348,0,456.0,493.0
44,348,0,73.9,536.0
44,348,1,389.0,392.2
44,349,1,23.3,639.0
44,349,1,312.0,531.0
44,349,1,476.0,538.0
44,349,1,390.2,390.5
44,349,1,25.8,539.0
44,349,0,457.5,496.8
44,349,0,43.4,484.5
44,349,0,508.2,578.5
44,350,1,12.3,537.0
44,350,1,471.5,540.0
44,350,1,22.5,530.0
44,350,0,505.0,586.5
44,350,1,306.5,533.0
44,350,0,63.1,556.0
44,350,0,298.5,545.0
44,351,1,379.5,392.5
44,351,1,465.5,544.0
44,351,0,6.9,533.0
44,351,1,300.5,535.0
44,351,0,499.5,586.0
44,352,1,296.0,538.5
44,352,1,461.0,544.5
44,352,1,462.0,544.5
44,352,1,375.0,393.0
44,352,0,631.0,548.0
44,353,1,457.5,546.0
44,353,1,371.8,393.0
44,353,1,289.8,541.5
44,353,0,632.5,555.0
44,353,1,329.5,464.8
44,354,1,459.0,547.5
44,354,0,248.0,604.0
44,354,1,372.0,395.2
44,354,1,289.5,544.5
44,355,1,370.8,394.0
44,355,1,459.5,550.0
44,355,1,18.4,554.5
44,356,1,456.0,551.5
44,356,1,286.0,545.0
44,356,0,243.0,606.0
44,356,1,325.8,456.5
44,356,1,369.0,393.0
44,357,1,280.0,539.0
44,357,1,364.5,394.0
44,357,1,452.2,552.0
44,357,1,117.6,525.0
44,358,1,277.0,538.0
44,358,0,232.0,609.5
44,358,1,450.0,547.0
44,358,1,359.2,385.8
44,358,0,325.0,445.2
44,358,0,441.8,532.0
44,359,1,276.5,536.0
44,359,1,360.0,384.5
44,359,1,450.0,547.0
44,359,0,230.8,606.0
44,360,1,357.5,381.5
44,360,1,450.0,544.0
44,360,1,274.0,539.0
44,361,1,356.5,381.0
44,361,1,447.0,541.5
44,361,1,270.0,536.0
44,361,0,424.8,492.0
44,362,0,211.4,610.5
44,362,1,439.0,542.0
44,362,1,261.5,535.5
44,362,1,348.5,379.0
44,363,1,250.0,535.5
44,363,1,429.5,542.0
44,363,1,340.0,378.5
44,363,1,296.0,448.5
44,363,0,408.0,489.2
44,364,1,424.0,541.0
44,364,1,245.0,540.0
44,364,1,335.2,377.0
44,365,1,421.5,536.5
44,365,0,108.4,639.0
44,365,1,332.0,379.2
44,365,1,240.2,539.0
44,366,1,420.5,536.0
44,366,1,238.2,538.0
44,366,1,328.8,371.5
44,367,1,420.2,534.5
44,367,1,237.2,532.0
44,367,1,327.2,367.5
44,367,1,236.2,534.5
44,368,1,420.2,529.5
44,368,1,326.5,367.2
44,369,1,230.2,535.5
44,369,0,83.6,639.0
44,369,1,416.5,528.0
44,369,1,323.0,364.0
44,370,1,229.4,534.0
44,370,1,277.5,437.5
44,370,1,415.5,525.5
44,370,0,79.3,640.0
44,370,0,250.0,479.0
44,371,1,229.4,536.0
44,371,1,278.0,431.2
44,371,1,416.5,525.0
44,371,1,323.0,362.5
44,371,0,250.0,477.5
44,371,0,76.8,640.0
44,372,1,414.8,523.0
44,372,0,263.0,460.5
44,373,1,415.2,523.0
44,373,0,263.0,460.0
44,374,1,414.5,525.0
44,374,1,223.0,535.0
44,375,1,413.5,522.5
44,375,1,221.5,533.0
44,376,1,414.0,525.0
44,376,1,221.0,533.5
44,376,1,271.8,430.0
44,377,1,415.0,527.0
44,377,1,220.8,528.5
44,377,0,244.0,477.5
44,377,1,273.8,438.2
44,377,1,271.2,435.5
44,378,1,218.8,536.5
44,378,1,414.5,526.0
44,378,0,153.0,563.0
44,378,1,271.0,433.0
44,379,1,217.8,539.0
44,379,1,414.5,526.5
44,379,1,270.5,426.2
44,380,1,215.0,538.0
44,380,1,315.0,357.5
44,380,1,270.5,431.5
44,380,1,269.8,432.5
44,380,1,413.5,526.0
44,381,1,412.0,533.0
44,381,1,314.5,358.5
44,381,1,212.9,540.5
44,381,0,142.2,639.0
44,382,1,212.8,542.0
44,382,1,314.5,358.2
44,382,1,412.0,531.0
44,382,0,15.3,639.0
44,382,1,5.0,532.0
44,382,0,276.0,417.8
44,382,0,235.2,460.2
44,383,1,5.0,526.5
44,383,1,315.5,357.5
44,383,1,212.2,541.0
44,383,1,414.0,532.5
44,383,0,387.5,450.5
44,384,1,208.2,540.0
44,384,1,412.0,534.5
44,384,0,233.4,480.0
44,385,1,207.8,543.0
44,385,1,315.5,352.8
44,386,1,205.2,544.0
44,386,1,412.0,538.0
44,386,1,264.0,429.0
44,386,0,248.8,457.5
44,387,1,205.5,545.5
44,387,0,232.2,478.5
44,387,1,265.2,435.5
44,387,1,414.0,551.5
44,388,1,262.0,434.5
44,388,1,203.1,549.0
44,388,0,231.4,482.5
44,388,0,246.6,457.0
44,388,0,231.0,482.5
44,388,1,412.5,540.5
44,388,1,312.0,354.0
44,389,1,261.2,438.0
44,389,1,201.0,551.0
44,389,0,228.8,481.5
44,389,1,310.0,357.0
44,389,1,412.5,546.0
44,390,1,199.1,552.5
44,390,1,411.8,544.0
44,390,1,308.2,358.8
44,390,1,362.0,435.5
44,391,1,199.0,554.0
44,391,0,635.0,604.5
44,391,1,412.0,547.0
44,391,1,309.2,361.2
44,392,1,307.0,362.5
44,392,1,411.8,548.0
44,392,1,196.5,553.5
44,392,1,361.5,436.5
44,393,1,307.0,359.5
44,393,1,411.5,543.5
44,393,1,361.5,435.5
44,393,1,195.8,552.5
44,394,1,408.0,545.0
44,394,1,305.0,358.5
44,394,1,189.8,553.5
44,394,1,407.5,547.5
44,394,0,219.5,483.5
44,395,1,409.2,545.5
44,395,1,305.2,358.0
44,395,1,189.5,544.0
44,396,1,407.5,541.0
44,396,1,302.5,359.5
44,396,1,357.5,431.5
44,396,1,186.0,561.0
44,396,1,252.8,435.0
44,396,0,217.8,489.0
44,397,1,411.2,542.5
44,397,1,305.2,358.0
44,397,1,187.0,560.0
44,397,1,361.0,431.0
44,397,0,381.0,449.5
44,397,1,254.6,434.0
44,398,1,408.5,541.0
44,398,1,184.0,565.0
44,398,1,300.8,360.5
44,398,1,357.5,432.5
44,398,0,261.0,421.0
44,399,1,412.0,549.5
44,399,1,304.2,356.0
44,399,1,185.0,566.0
44,399,0,217.6,493.0
44,399,1,360.0,432.5
44,399,1,253.8,433.5
44,400,1,181.8,568.0
44,400,1,409.5,548.0
44,400,1,301.2,359.5
44,400,1,357.5,431.5
44,400,0,260.5,422.0
44,401,1,304.2,364.5
44,401,1,182.2,568.0
44,401,1,412.0,550.5
44,401,1,253.0,437.5
44,401,0,215.5,491.0
44,402,1,177.0,572.0
44,402,1,409.5,547.5
44,402,1,299.5,356.5
44,402,1,249.2,437.5
44,402,1,357.0,432.8
44,402,1,249.8,435.5
44,403,1,412.2,551.0
44,403,1,301.0,360.0
44,403,1,179.2,572.5
44,403,1,357.8,426.0
44,404,1,412.5,551.5
44,404,1,176.8,572.0
44,404,1,358.0,426.5
44,404,1,301.0,357.0
44,404,0,211.4,488.5
44,405,1,176.5,576.5
44,405,1,301.0,358.0
44,405,1,413.2,549.5
44,405,1,359.0,428.5
44,405,0,381.0,454.5
44,406,1,173.5,578.5
44,406,1,359.0,433.0
44,406,1,301.2,356.8
44,406,0,381.0,453.8
44,406,1,413.5,553.0
44,406,0,260.5,420.8
44,407,1,412.5,553.0
44,407,1,171.0,580.5
44,407,1,248.1,440.5
44,407,1,357.5,429.5
44,407,1,298.8,352.8
44,408,1,413.0,553.0
44,408,1,169.2,582.5
44,408,1,357.5,429.0
44,408,1,248.0,436.8
44,408,1,298.5,350.0
44,409,1,412.2,556.0
44,409,1,297.2,348.5
44,409,1,165.5,581.0
44,409,1,245.0,440.0
44,409,0,379.0,476.8
44,409,1,354.5,422.2
44,410,1,412.0,553.0
44,410,1,164.2,578.0
44,410,1,297.5,347.5
44,410,0,378.5,477.0
44,410,1,244.6,433.5
44,410,0,204.0,495.5
44,411,1,413.5,554.5
44,411,1,163.9,578.0
44,411,1,297.8,343.5
44,411,1,245.2,436.5
44,412,1,245.2,432.8
44,412,1,164.2,580.0
44,412,1,298.0,343.0
44,413,1,169.0,581.0
44,413,1,422.0,555.0
44,413,1,302.8,340.0
44,413,1,251.4,430.8
44,414,1,305.5,337.8
44,414,1,424.5,551.5
44,414,1,169.0,579.0
44,414,0,376.5,450.0
44,414,1,253.2,432.5
44,414,0,389.0,471.2
44,414,1,423.0,540.0
44,414,0,388.5,443.8
44,415,1,304.0,337.5
44,415,1,167.9,581.0
44,415,1,424.8,556.0
44,415,0,389.0,471.0
44,415,0,209.8,488.0
44,415,0,375.8,449.5
44,415,1,423.0,542.5
44,415,1,252.0,429.5
44,416,1,428.5,554.0
44,416,1,307.0,339.0
44,416,1,169.8,581.5
44,416,0,391.0,474.0
44,416,1,254.4,428.0
44,417,1,428.0,554.0
44,417,1,306.0,334.5
44,417,1,167.0,583.5
44,417,1,253.1,427.0
44,417,0,390.0,441.2
44,417,0,389.8,462.0
44,417,1,366.0,410.8
44,417,0,209.8,485.5
44,417,0,391.0,469.5
44,418,1,428.5,552.0
44,418,1,305.0,335.0
44,418,1,166.8,583.5
44,418,0,390.0,433.5
44,418,0,209.8,487.5
44,418,1,252.8,428.0
44,418,0,391.8,469.5
44,418,0,390.2,469.0
44,419,1,436.5,548.5
44,419,1,171.2,578.0
44,419,0,215.9,482.0
44,419,1,258.2,421.8
44,419,1,251.2,430.0
44,419,0,397.8,459.8
44,419,1,312.5,329.8
44,420,1,440.2,551.0
44,420,1,173.8,582.5
44,420,0,218.8,483.5
44,420,1,373.8,401.8
44,420,0,401.5,463.0
44,420,1,261.0,424.5
44,420,1,314.0,329.0
44,421,1,178.8,583.5
44,421,1,448.8,554.0
44,421,0,407.8,466.0
44,421,1,267.5,425.5
44,421,0,631.5,352.0
44,421,1,381.5,405.0
44,422,1,176.5,588.5
44,422,1,447.5,557.0
44,422,0,277.0,403.5
44,422,1,265.8,426.0
44,422,0,406.0,465.5
44,422,0,407.8,466.5
44,422,0,631.0,349.5
44,423,1,182.5,588.0
44,423,1,455.5,555.0
44,423,1,324.5,330.5
44,423,0,227.8,485.5
44,423,1,269.5,426.2
44,423,1,385.5,404.0
44,423,1,386.2,410.0
44,423,0,440.8,526.0
44,423,1,270.5,426.5
44,424,1,181.8,590.0
44,424,1,270.8,425.5
44,424,1,456.0,558.0
44,424,1,326.0,329.8
44,424,0,227.8,484.5
44,424,0,265.5,430.0
44,424,1,386.2,408.0
44,425,1,179.5,593.0
44,425,1,456.5,563.5
44,425,1,270.0,423.5
44,425,1,324.5,333.5
44,425,1,385.5,410.5
44,425,1,269.0,426.5
44,425,0,226.5,488.2
44,426,1,180.8,596.5
44,426,1,462.0,571.0
44,426,1,328.5,333.5
44,426,1,271.8,430.5
44,426,1,389.5,417.5
44,426,1,273.0,427.5
44,426,0,227.8,489.0
44,426,0,417.5,480.5
44,426,0,17.9,638.0
44,426,0,284.8,406.8
44,427,1,181.5,600.0
44,427,1,464.8,576.5
44,427,1,329.0,335.2
44,427,0,229.0,489.2
44,427,1,272.0,432.0
44,427,1,273.5,427.0
44,427,1,391.5,420.5
44,427,0,420.2,478.0
44,428,1,465.5,580.0
44,428,1,179.5,607.0
44,428,1,329.5,338.5
44,428,1,273.5,430.2
44,428,1,272.5,433.0
44,428,1,391.5,418.5
44,428,0,420.5,480.0
44,428,0,228.6,494.5
44,428,0,253.2,467.0
44,428,1,462.2,450.0
44,429,1,467.0,586.5
44,429,1,179.2,609.5
44,429,1,328.0,335.0
44,429,1,273.2,430.0
44,429,0,285.0,411.5
44,429,1,391.0,420.0
44,429,1,584.5,636.5
44,429,1,272.0,434.5
44,429,0,228.2,495.2
44,429,0,420.0,482.0
44,429,1,390.0,417.8
44,430,1,179.2,611.0
44,430,1,470.5,588.0
44,430,1,330.2,339.0
44,430,0,422.2,486.0
44,430,1,393.5,416.0
44,430,1,275.5,432.0
44,430,1,274.0,435.5
44,430,1,590.0,632.0
44,430,0,229.0,494.0
44,431,1,177.9,615.5
44,431,0,422.5,487.5
44,431,1,329.0,340.8
44,431,1,470.2,590.5
44,431,1,392.5,417.5
44,431,1,274.0,431.0
44,431,1,272.5,435.5
44,431,0,228.0,498.0
44,432,1,176.0,621.0
44,432,0,422.8,490.5
44,432,0,226.6,499.0
44,432,1,329.5,342.8
44,432,1,273.5,435.0
44,432,1,393.0,421.8
44,432,1,272.5,440.0
44,432,1,472.5,595.0
44,432,0,453.0,549.0
44,432,0,286.0,415.5
44,433,1,175.8,626.0
44,433,0,425.5,493.5
44,433,1,329.8,343.5
44,433,1,475.0,589.5
44,433,0,227.5,505.5
44,433,1,394.0,422.5
44,433,1,273.5,440.8
44,433,1,275.0,437.5
44,433,0,409.2,463.2
44,433,0,634.0,373.0
44,434,0,425.0,492.5
44,434,1,393.5,425.5
44,434,1,172.2,631.0
44,434,1,329.5,343.0
44,434,0,17.3,576.0
44,434,1,273.2,439.2
44,434,1,475.2,591.0
44,434,0,285.8,419.5
44,434,0,225.8,507.0
44,435,0,426.8,495.5
44,435,1,329.5,344.0
44,435,1,171.0,636.0
44,435,1,477.8,598.5
44,435,1,395.0,429.0
44,435,1,273.5,439.0
44,435,1,478.5,634.0
44,436,1,482.8,616.0
44,436,1,168.4,640.0
44,436,1,273.8,442.5
44,436,1,330.0,344.5
44,436,0,6.6,596.0
44,436,1,395.5,424.0
44,436,1,272.5,445.8
44,437,1,164.2,640.0
44,437,1,488.0,625.5
44,437,1,396.8,427.5
44,437,0,430.5,503.0
44,437,1,273.5,447.5
44,437,1,330.0,348.0
44,437,0,378.5,398.5
44,438,1,491.0,627.0
44,438,1,161.9,639.0
44,438,1,274.0,449.0
44,438,1,398.0,427.0
44,438,0,432.8,502.5
44,438,1,266.2,454.0
44,439,1,494.2,639.0
44,439,1,155.2,640.0
44,439,0,221.2,534.5
44,439,1,329.5,356.0
44,439,0,434.0,516.0
44,439,1,398.2,434.5
44,439,1,273.5,461.0
44,439,0,265.5,465.5
44,439,0,5.1,613.0
44,439,1,265.5,466.5
44,440,1,501.0,639.0
44,440,0,220.8,545.0
44,440,1,152.8,639.5
44,440,1,400.5,443.0
44,440,0,438.0,524.0
44,440,1,274.5,464.0
44,440,1,331.0,363.0
44,441,1,504.0,637.5
44,441,0,220.2,542.5
44,441,1,150.8,639.0
44,441,1,275.0,463.5
44,441,1,401.5,445.0
44,441,0,439.5,526.5
44,441,1,149.1,639.5
44,442,1,507.5,640.0
44,442,1,401.8,449.0
44,442,1,273.5,477.2
44,442,0,440.5,529.5
44,442,1,142.8,639.5
44,442,1,141.5,640.0
44,442,1,330.5,362.0
44,442,0,297.5,427.5
44,443,1,516.0,639.5
44,443,1,277.2,477.0
44,443,1,141.0,639.0
44,443,0,219.2,561.0
44,443,1,407.0,459.0
44,443,1,333.5,368.5
44,443,0,290.8,449.8
44,443,0,385.5,418.5
44,444,1,516.9,640.0
44,444,1,135.2,640.0
44,444,1,404.5,462.2
44,444,0,635.0,565.0
44,444,1,273.0,484.5
44,444,1,330.5,369.5
44,444,0,386.5,422.0
44,445,1,528.5,639.0
44,445,1,409.0,466.5
44,445,1,131.0,639.0
44,445,1,336.5,373.5
44,445,1,276.5,487.0
44,445,0,387.0,426.5
44,446,1,533.0,638.5
44,446,1,408.8,468.0
44,446,1,335.0,374.8
44,446,1,124.6,639.0
44,446,1,275.0,484.2
44,446,0,14.2,639.5
44,446,0,518.0,500.0
44,446,1,124.1,640.0
44,446,0,386.0,427.5
44,446,1,452.5,557.5
44,447,1,119.9,639.0
44,447,1,337.0,375.5
44,447,1,410.0,474.0
44,447,1,542.0,638.0
44,447,1,274.5,485.0
44,447,0,455.2,564.5
44,447,0,211.1,582.0
44,448,1,114.2,639.5
44,448,1,549.5,640.0
44,448,1,410.8,475.5
44,448,0,529.0,509.5
44,448,1,336.2,376.0
44,448,0,209.2,586.0
44,448,1,274.2,485.5
44,448,1,6.0,516.0
44,449,1,555.0,639.5
44,449,0,535.5,513.5
44,449,1,111.4,639.0
44,449,1,338.5,376.0
44,449,0,210.1,590.0
44,449,1,413.5,474.0
44,449,1,276.2,490.5
44,449,0,291.0,460.0
44,449,0,266.5,495.0
44,450,1,562.5,640.0
44,450,1,99.9,640.0
44,450,0,206.2,594.5
44,450,1,337.0,374.5
44,450,1,413.5,475.5
44,450,0,541.0,515.5
44,450,1,274.5,486.8
44,450,0,462.8,565.5
44,450,0,289.2,460.0
44,450,0,299.5,446.8
44,451,0,551.0,529.5
44,451,1,337.5,374.0
44,451,0,204.0,599.0
44,451,1,415.5,483.5
44,451,1,274.0,497.2
44,451,1,91.8,639.0
44,451,0,465.5,579.5
44,451,1,574.0,640.0
44,451,0,299.5,448.5
44,452,1,86.0,640.0
44,452,1,272.5,496.0
44,452,1,414.5,481.5
44,452,1,336.0,373.0
44,452,0,203.8,602.0
44,453,1,70.9,639.5
44,453,1,580.0,640.0
44,453,1,412.5,475.5
44,453,0,9.3,639.5
44,453,1,268.8,494.0
44,453,0,466.0,579.5
44,453,1,332.0,373.8
44,454,1,581.0,640.0
44,454,1,267.0,493.5
44,454,1,412.0,471.5
44,454,1,52.4,640.0
44,454,0,391.0,425.0
44,454,1,50.0,640.0
44,454,1,587.0,639.0
44,454,0,386.5,425.0
44,455,1,579.5,640.0
44,455,1,403.5,478.0
44,455,1,257.6,498.5
44,455,1,325.5,370.8
44,455,1,31.9,640.0
44,455,0,274.0,459.5
44,455,0,273.5,458.0
44,456,1,582.5,639.5
44,456,1,391.5,479.0
44,456,1,243.0,493.0
44,456,1,580.0,639.0
44,456,0,260.5,463.0
44,456,0,449.8,589.0
44,456,0,161.4,624.5
44,456,0,260.5,462.0
44,457,1,590.0,639.0
44,457,1,388.5,482.0
44,457,1,237.1,501.5
44,457,1,307.8,375.0
44,458,1,592.5,639.5
44,458,1,234.4,503.5
44,458,1,305.5,373.0
44,458,1,386.2,484.5
44,458,0,148.0,639.5
44,459,1,598.5,636.5
44,459,1,229.8,510.5
44,459,1,301.5,371.8
44,459,0,409.0,468.0
44,459,1,383.2,485.0
44,460,1,613.0,639.0
44,460,1,225.5,506.5
44,460,1,381.0,467.5
44,460,1,381.5,487.5
44,460,0,130.2,640.0
44,460,1,298.0,366.8
44,460,0,358.5,430.5
44,460,1,61.3,508.5
44,461,1,231.9,501.0
44,461,1,395.0,484.0
44,461,0,371.5,425.2
44,461,0,427.0,466.0
44,462,1,232.8,502.5
44,462,1,397.0,486.2
44,462,1,312.5,360.0
44,462,0,429.0,466.0
44,462,0,373.0,425.5
44,463,1,233.0,501.5
44,463,1,397.2,487.0
44,463,0,429.5,470.0
44,463,1,312.5,359.8
44,463,0,372.5,425.0
44,463,1,396.5,468.0
44,464,1,232.8,501.5
44,464,1,398.5,485.5
44,464,1,314.0,361.2
44,464,0,373.5,425.0
44,464,0,373.5,424.5
44,464,0,430.8,470.5
44,464,0,186.2,482.0
44,465,1,233.0,501.0
44,465,1,399.0,485.0
44,465,0,373.8,424.5
44,465,1,314.0,359.8
44,465,1,57.6,291.5
44,465,1,607.0,637.0
44,466,1,232.2,501.5
44,466,1,399.0,486.5
44,466,1,314.0,362.0
44,466,0,373.2,426.5
44,467,1,233.5,503.5
44,467,1,400.2,488.0
44,467,0,375.0,426.0
44,467,1,314.2,364.0
44,467,1,617.0,638.5
44,468,1,231.9,516.5
44,468,1,403.0,494.5
44,468,1,314.8,368.2
44,468,1,635.0,638.5
44,469,1,408.8,499.5
44,469,1,232.0,516.5
44,469,0,380.5,429.5
44,469,1,278.0,435.5
44,469,0,6.4,631.0
44,469,0,446.0,486.0
44,470,0,381.0,432.5
44,470,1,410.5,502.8
44,470,1,230.8,520.5
44,470,1,278.0,439.0
44,470,0,174.8,507.2
44,471,1,411.0,502.0
44,471,0,381.0,430.5
44,471,1,229.2,526.0
44,471,1,277.5,436.0
44,471,0,614.0,578.0
44,472,1,278.5,436.0
44,472,1,229.9,524.0
44,472,1,412.0,502.5
44,472,0,9.9,640.0
44,472,0,454.5,489.8
44,472,0,384.0,432.8
44,472,0,477.2,491.0
44,472,0,170.0,522.5
44,472,0,383.0,429.5
44,472,1,412.5,488.5
44,473,0,5.3,639.5
44,473,1,228.8,525.0
44,473,1,278.0,437.0
44,473,1,413.2,501.2
44,473,0,384.5,431.5
44,473,0,483.5,496.0
44,473,0,377.2,429.0
44,474,1,278.0,436.5
44,474,0,384.8,433.5
44,474,1,413.2,503.0
44,474,1,227.5,532.0
44,475,1,420.0,514.0
44,475,1,280.0,436.5
44,475,1,227.6,532.5
44,475,0,387.5,435.5
44,475,0,468.8,507.5
44,475,1,322.0,356.5
44,475,0,413.0,452.0
44,476,1,420.8,524.5
44,476,1,278.0,446.8
44,476,0,387.0,442.2
44,476,0,252.1,485.5
44,476,1,224.5,536.5
44,476,0,412.5,454.0
44,477,1,422.5,523.0
44,477,0,388.5,441.5
44,477,1,224.4,536.5
44,477,0,413.5,452.2
44,478,1,422.5,528.5
44,478,1,219.9,545.5
44,478,0,399.0,440.0
44,478,0,399.0,448.2
44,478,0,386.5,444.0
44,478,1,276.5,448.8
44,479,1,428.0,536.0
44,479,0,391.2,448.5
44,479,1,279.8,450.0
44,479,1,322.0,373.0
44,479,1,222.6,543.5
44,479,0,404.2,456.0
44,479,0,390.8,445.5
44,480,0,389.5,439.8
44,480,1,427.5,528.0
44,480,1,213.5,564.0
44,480,0,135.0,584.0
44,480,1,316.5,369.5
44,480,1,275.2,449.0
44,481,1,429.0,538.5
44,481,0,389.5,445.5
44,481,0,128.6,592.0
44,481,1,211.0,568.0
44,481,1,316.5,369.0
44,481,1,274.5,451.8
44,481,0,402.5,421.2
44,482,1,207.9,571.0
44,482,0,392.0,446.8
44,482,0,120.2,627.0
44,482,1,434.0,546.0
44,482,0,405.2,447.0
44,482,0,391.0,443.0
44,482,1,316.5,364.2
44,483,1,442.5,560.0
44,483,1,323.0,368.0
44,483,1,208.2,576.5
44,483,1,386.0,447.0
44,483,0,411.5,456.0
44,483,0,396.8,450.0
44,483,0,412.0,456.5
44,483,1,277.0,452.2
44,484,1,444.5,558.0
44,484,1,322.5,364.0
44,484,1,386.0,444.0
44,484,0,397.2,449.0
44,484,1,437.5,379.2
44,484,1,203.8,577.0
44,484,0,412.5,455.0
44,484,1,276.5,449.0
44,484,0,431.0,468.0
44,485,0,398.0,448.5
44,485,1,199.0,580.5
44,485,1,448.8,564.5
44,485,1,386.2,440.5
44,485,0,414.5,454.5
44,485,0,548.5,635.5
44,485,1,441.5,381.5
44,485,0,434.5,467.5
44,485,1,321.0,357.8
44,485,0,634.5,438.2
44,485,0,262.2,466.5
44,485,1,274.5,447.8
44,486,0,396.5,446.0
44,486,0,434.0,464.8
44,486,0,413.5,458.5
44,486,0,555.5,639.0
44,486,1,449.5,569.0
44,486,1,385.0,440.5
44,486,1,271.5,449.5
44,486,1,191.2,568.5
44,486,1,442.5,384.2
44,487,0,439.0,466.5
44,487,1,456.0,581.5
44,487,1,389.5,447.2
44,487,0,399.5,449.0
44,487,0,417.5,458.5
44,487,1,387.5,445.2
44,488,1,462.0,585.5
44,488,0,420.2,457.0
44,488,1,322.0,362.2
44,488,1,186.0,612.5
44,488,0,442.5,458.0
44,488,1,391.0,445.0
44,488,0,525.5,505.0
44,488,0,401.2,445.5
44,488,0,259.0,465.5
44,488,1,389.0,442.0
44,489,1,468.5,603.0
44,489,1,392.5,451.0
44,489,1,323.5,369.5
44,489,0,406.0,459.0
44,489,0,424.5,474.5
44,489,0,449.0,478.5
44,489,1,184.1,628.0
44,489,1,468.0,603.0
44,489,0,235.2,525.0
44,490,0,406.5,458.2
44,490,1,470.0,607.5
44,490,1,468.8,607.0
44,490,1,393.2,452.5
44,490,1,184.0,628.0
44,490,0,425.5,470.0
44,490,1,323.5,368.2
44,490,0,450.5,478.0
44,490,1,274.5,464.2
44,491,1,393.0,453.0
44,491,1,323.5,370.0
44,491,1,469.8,611.0
44,491,0,406.0,459.5
44,491,1,470.8,611.5
44,491,1,181.0,632.0
44,491,0,407.0,463.0
44,491,0,425.5,473.5
44,491,0,451.0,482.2
44,491,1,273.2,466.5
44,491,1,395.0,455.2
44,491,0,139.2,636.5
44,491,1,462.8,439.5
44,491,0,139.0,592.5
44,492,1,478.5,623.0
44,492,0,455.0,486.8
44,492,1,176.4,639.0
44,492,0,408.2,465.0
44,492,1,272.0,464.0
44,492,1,473.0,507.0
44,492,1,394.5,455.0
44,492,1,476.5,598.0
44,492,1,323.5,369.0
44,492,0,130.6,611.5
44,493,0,461.0,486.5
44,493,1,483.5,626.5
44,493,1,175.0,639.5
44,493,1,325.2,366.8
44,493,0,411.0,464.0
44,493,1,273.8,461.0
44,494,1,487.8,640.0
44,494,1,168.2,640.0
44,494,0,119.1,627.0
44,494,0,410.2,469.2
44,494,0,462.2,497.5
44,494,1,271.5,467.0
44,494,1,324.2,371.2
44,494,0,401.0,463.0
44,495,1,490.5,639.0
44,495,0,112.9,638.5
44,495,1,493.0,639.0
44,495,0,607.0,592.0
44,495,1,164.8,638.5
44,495,1,272.2,473.2
44,495,0,466.5,505.8
44,495,1,397.0,467.5
44,495,0,412.5,476.5
44,495,1,324.2,371.2
44,496,1,494.0,639.5
44,496,1,495.5,640.0
44,496,0,108.1,637.0
44,496,0,467.5,501.5
44,496,0,413.5,480.5
44,496,1,162.5,639.0
44,496,0,436.5,496.0
44,496,1,324.0,373.0
44,496,1,397.5,466.0
44,497,0,467.5,503.5
44,497,1,494.0,640.0
44,497,1,323.0,379.0
44,497,1,155.6,639.5
44,497,0,99.6,639.0
44,497,0,411.0,477.0
44,497,1,268.8,481.0
44,497,1,488.0,549.0
44,498,1,498.8,638.5
44,498,0,100.3,640.0
44,498,0,472.0,506.0
44,498,1,501.5,640.0
44,498,0,404.8,471.5
44,498,0,415.5,483.5
44,498,1,325.8,383.5
44,498,0,439.0,471.5
44,498,1,156.8,640.0
44,499,1,499.5,638.0
44,499,0,471.8,510.0
44,499,0,404.5,473.0
44,499,0,414.5,484.5
44,499,1,323.0,383.8
44,499,1,152.5,640.0
44,499,1,502.5,638.5
44,499,0,438.5,475.5
44,499,1,269.8,482.0
44,499,1,397.5,469.8
44,499,0,93.5,639.0
44,500,0,82.6,640.0
44,500,1,499.8,637.0
44,500,0,470.8,515.0
44,500,1,145.2,640.0
44,500,1,502.0,640.0
44,500,0,412.0,483.0
44,500,0,437.2,505.5
44,500,1,437.0,505.0
44,500,1,266.5,482.0
44,500,1,321.8,377.2
44,500,1,395.0,471.5
44,501,1,505.5,640.0
44,501,1,142.0,639.5
44,501,0,414.5,483.8
44,501,0,475.0,515.5
44,501,0,75.2,640.0
44,501,1,322.8,379.2
44,501,1,397.2,472.8
44,501,0,404.0,473.5
44,501,1,267.0,482.5
44,501,0,249.1,508.0
44,502,0,69.4,639.5
44,502,0,404.5,473.0
44,502,0,415.5,486.5
44,502,1,322.8,375.0
44,502,1,266.5,482.5
44,502,1,137.5,640.0
44,502,1,397.8,472.0
44,502,0,441.5,507.0
44,502,0,477.5,518.0
44,502,1,508.5,635.0
44,503,0,57.1,639.0
44,503,0,415.0,482.5
44,503,1,264.5,478.0
44,503,1,131.5,640.0
44,503,1,321.5,369.5
44,503,1,397.0,468.0
44,503,0,403.8,471.5
44,503,0,481.0,538.5
44,503,1,3.3,505.0
44,503,0,442.0,514.5
44,504,0,46.6,640.0
44,504,1,518.5,639.5
44,504,0,416.8,485.5
44,504,1,125.8,636.0
44,504,1,398.0,468.5
44,504,1,322.8,373.8
44,504,1,263.8,477.5
44,504,0,443.0,465.2
44,504,1,399.8,470.0
44,504,1,404.0,472.0
44,504,0,415.5,476.5
44,505,1,525.0,639.5
44,505,0,417.5,487.0
44,505,0,489.8,524.0
44,505,1,262.2,477.5
44,505,1,119.1,640.0
44,505,1,117.7,639.5
44,505,1,397.5,470.0
44,505,0,32.4,640.0
44,505,0,445.0,502.0
44,506,1,527.0,639.5
44,506,1,114.4,640.0
44,506,1,262.0,479.5
44,506,0,491.0,540.5
44,506,0,418.0,488.0
44,506,0,26.3,640.0
44,506,0,446.5,504.5
44,506,1,317.0,372.8
44,506,0,405.0,473.0
44,507,1,531.5,636.5
44,507,1,110.1,640.0
44,507,0,494.5,614.0
44,507,0,419.5,489.0
44,507,0,17.3,639.5
44,507,0,405.0,474.0
44,507,1,262.5,480.5
44,507,0,495.0,555.5
44,507,1,400.0,471.5
44,507,1,321.5,367.2
44,508,1,536.5,635.5
44,508,0,418.5,492.5
44,508,1,99.1,640.0
44,508,0,497.0,629.0
44,508,0,405.2,475.5
44,508,1,398.0,472.5
44,509,0,422.0,495.8
44,509,1,98.9,640.0
44,509,1,400.5,476.0
44,509,0,501.0,625.5
44,509,1,542.0,626.0
44,509,0,406.8,480.0
44,509,0,420.5,491.2
44,509,1,317.0,374.2
44,509,1,261.0,484.0
44,509,0,240.0,515.0
44,510,0,405.5,479.2
44,510,0,421.0,502.2
44,510,0,419.5,498.0
44,510,1,90.1,640.0
44,510,1,543.5,621.0
44,510,0,501.5,626.5
44,510,1,117.4,480.5
44,510,0,404.5,486.0
44,510,1,89.6,614.5
44,510,0,247.4,494.5
44,510,1,397.5,477.5
44,511,1,550.0,639.0
44,511,1,84.2,637.5
44,511,0,506.0,581.0
44,511,0,420.2,502.5
44,511,0,405.0,486.0
44,511,1,397.5,478.5
44,511,1,316.5,372.8
44,512,1,562.0,640.0
44,512,1,75.3,640.0
44,512,0,424.2,504.5
44,512,1,400.5,479.2
44,512,0,514.9,619.0
44,512,1,401.0,480.5
44,513,1,565.0,640.0
44,513,0,424.8,506.5
44,513,0,516.5,628.0
44,513,1,70.8,640.0
44,513,1,400.5,481.0
44,513,0,409.8,470.0
44,513,0,246.8,496.5
44,513,1,317.0,367.8
44,513,1,401.0,482.2
44,514,0,427.5,510.5
44,514,1,67.2,640.0
44,514,1,573.0,626.0
44,514,0,521.9,627.5
44,514,1,403.0,487.5
44,514,1,570.5,640.0
44,514,0,412.0,484.5
44,515,0,428.5,516.0
44,515,0,525.5,632.0
44,515,1,573.0,639.0
44,515,0,246.8,503.2
44,515,1,404.0,492.0
44,515,1,63.2,640.0
44,515,1,577.5,640.0
44,515,1,317.2,375.8
44,515,0,234.1,529.0
44,516,0,426.0,513.0
44,516,1,574.0,639.0
44,516,0,524.5,633.0
44,516,1,254.6,498.5
44,516,0,80.0,475.0
44,516,1,37.9,639.5
44,516,1,401.0,486.8
44,516,1,48.2,640.0
44,516,1,50.9,640.0
44,516,0,410.0,484.5
44,516,0,230.5,536.0
44,516,1,579.0,639.5
44,516,1,578.5,624.0
44,516,1,400.5,487.0
44,517,1,576.5,639.5
44,517,1,581.0,639.5
44,517,0,428.0,514.5
44,517,1,402.2,487.5
44,517,1,43.7,640.0
44,517,0,529.0,632.0
44,517,1,37.0,638.0
44,517,0,230.2,538.0
44,517,1,255.1,498.5
44,517,1,31.0,640.0
44,518,1,583.0,639.0
44,518,1,590.0,640.0
44,518,1,404.5,494.0
44,518,0,429.5,516.0
44,518,0,532.5,636.5
44,518,1,36.7,640.0
44,518,0,229.5,542.0
44,518,0,428.8,507.0
44,518,0,228.6,520.0
44,519,1,589.0,637.5
44,519,0,537.0,634.5
44,519,0,429.5,519.0
44,519,1,404.2,495.0
44,519,1,254.5,503.5
44,519,0,412.5,502.2
44,519,1,28.2,640.0
44,519,1,24.2,640.0
44,519,1,468.8,600.5
44,520,1,601.5,640.0
44,520,1,15.5,639.5
44,520,1,14.4,640.0
44,520,0,431.0,523.5
44,520,1,404.5,495.0
44,520,0,545.0,638.0
44,520,1,471.5,595.0
44,520,1,253.5,507.0
44,520,1,609.0,640.0
44,520,1,607.0,640.0
44,520,0,414.0,505.0
44,521,1,611.0,639.5
44,521,0,551.0,639.0
44,521,1,406.2,500.0
44,521,0,433.5,526.0
44,521,1,6.3,591.0
44,521,1,253.2,512.0
44,521,0,435.5,529.5
44,521,0,475.0,603.0
44,521,1,408.0,500.0
44,521,1,6.5,640.0
44,522,1,616.0,640.0
44,522,0,557.0,639.0
44,522,1,408.0,501.0
44,522,1,4.1,571.5
44,522,1,253.9,513.5
44,522,0,435.2,530.5
44,522,0,416.5,509.5
44,522,1,3.3,519.5
44,523,0,558.0,639.5
44,523,1,616.2,640.0
44,523,0,433.5,535.0
44,523,1,405.0,508.0
44,523,0,436.0,537.5
44,524,0,561.0,640.0
44,524,1,249.5,525.0
44,524,1,405.0,511.0
44,524,0,434.0,543.5
44,524,0,436.0,546.5
44,525,0,570.0,640.0
44,525,1,408.0,513.0
44,525,0,438.0,548.0
44,525,0,417.5,521.0
44,525,0,61.2,497.5
44,525,0,16.2,483.5
44,526,0,581.0,640.0
44,526,0,441.8,548.5
44,526,1,411.5,514.5
44,526,0,421.0,525.5
44,526,1,5.9,601.5
44,526,0,60.4,520.0
44,526,1,320.0,391.8
44,527,0,587.5,640.0
44,527,1,409.0,515.0
44,527,0,441.2,553.0
44,527,0,419.5,523.5
44,527,0,420.5,515.0
44,528,0,597.0,640.0
44,528,1,410.0,521.0
44,528,0,442.2,556.5
44,528,0,420.5,528.5
44,528,0,214.0,584.0
44,528,1,247.5,536.0
44,529,0,606.0,640.0
44,529,0,445.0,555.5
44,529,0,214.1,585.5
44,529,0,492.5,639.0
44,529,1,412.2,519.5
44,529,0,422.0,530.0
44,529,1,422.0,524.0
44,530,0,617.0,640.0
44,530,0,425.0,529.5
44,530,0,214.9,584.5
44,530,0,446.0,551.5
44,530,0,497.5,638.0
44,530,1,413.5,520.5
44,530,0,611.5,640.0
44,531,0,213.0,596.0
44,531,1,416.0,531.5
44,531,0,632.0,476.2
44,531,0,427.8,530.5
44,531,1,317.5,393.2
44,531,0,450.5,564.5
44,532,0,455.5,568.5
44,532,1,416.8,529.5
44,532,0,429.0,531.5
44,532,0,131.2,622.5
44,532,0,39.2,640.0
44,533,1,417.0,528.5
44,533,0,456.5,570.0
44,533,0,429.0,530.0
44,534,0,459.8,577.5
44,534,1,460.5,578.0
44,534,0,519.0,638.0
44,534,0,429.2,537.0
44,535,0,521.5,639.0
44,535,0,461.0,575.0
44,535,1,238.8,547.0
44,535,0,458.5,573.0
44,535,1,461.8,576.0
44,535,1,417.0,530.5
44,536,0,462.5,575.5
44,536,0,522.5,639.0
44,536,0,459.8,571.5
44,536,1,419.0,532.0
44,536,1,238.9,548.0
44,537,0,462.0,574.0
44,537,0,522.1,639.0
44,537,0,431.0,533.5
44,537,1,417.5,531.0
44,537,0,459.5,573.0
44,538,0,462.0,576.5
44,538,0,30.8,640.0
44,538,0,11.8,517.0
44,538,0,459.2,575.0
44,538,1,416.5,531.0
44,538,0,429.8,538.0
44,538,0,523.1,639.0
44,539,0,463.2,582.0
44,539,1,419.0,532.5
44,539,0,526.0,640.0
44,539,0,460.0,576.0
44,539,0,431.5,534.0
44,540,0,463.8,585.0
44,540,0,460.8,582.0
44,540,0,432.0,541.0
44,541,0,465.8,588.5
44,541,1,419.2,537.0
44,541,0,187.5,630.0
44,541,0,432.0,546.0
44,542,1,420.0,537.5
44,542,0,467.2,589.5
44,542,0,610.0,496.0
44,542,0,634.0,460.8
44,542,0,435.0,543.0
44,543,0,470.8,598.0
44,543,0,438.5,554.5
44,543,1,422.2,540.5
44,543,1,146.0,270.2
44,543,0,621.5,500.0
44,544,1,422.0,542.5
44,544,1,74.1,413.5
44,544,0,471.0,599.0
44,544,0,438.5,553.5
44,544,0,439.0,523.5
44,544,0,5.0,639.0
44,544,1,144.0,276.2
44,545,1,66.0,416.5
44,545,0,438.5,555.0
44,545,0,471.5,601.0
44,545,1,140.4,267.8
44,545,1,421.2,548.0
44,545,1,315.2,396.8
44,545,0,75.2,640.0
44,545,1,72.4,416.8
44,545,0,548.5,638.5
44,545,1,422.0,549.0
44,546,0,440.0,554.0
44,546,0,474.5,606.0
44,546,1,30.5,532.0
44,546,1,60.2,413.5
44,546,1,70.6,414.5
44,546,1,316.0,395.5
44,546,1,422.0,549.0
44,547,1,58.2,413.0
44,547,1,55.4,413.2
44,547,0,478.8,614.0
44,547,1,32.0,520.5
44,547,0,443.0,561.0
44,547,0,174.5,636.5
44,547,1,424.5,551.0
44,548,1,50.1,412.5
44,548,1,53.5,410.8
44,548,1,48.5,413.0
44,548,0,173.0,639.0
44,548,1,28.1,555.5
44,548,1,426.5,554.5
44,548,0,481.2,616.0
44,549,1,427.5,554.0
44,549,0,481.5,622.0
44,549,1,51.7,413.0
44,549,1,315.5,397.5
44,549,1,44.8,411.5
44,549,0,169.2,639.0
44,550,1,40.0,410.0
44,550,0,483.5,620.0
44,550,1,425.2,553.0
44,550,0,162.0,639.0
44,550,1,314.0,389.0
44,550,1,34.0,412.0
44,550,0,444.5,559.0
44,551,1,38.0,412.5
44,551,0,487.0,621.5
44,551,1,427.0,553.5
44,551,1,315.2,386.2
44,552,1,308.0,385.5
44,552,1,425.5,554.0
44,552,0,488.5,627.0
44,552,0,154.6,639.0
44,552,1,25.3,474.8
44,552,1,218.0,574.5
44,552,1,16.4,640.0
44,553,0,489.0,631.5
44,553,1,309.5,385.0
44,553,0,33.5,640.0
44,553,1,426.0,556.0
44,553,0,148.9,638.5
44,554,1,431.2,560.5
44,554,0,451.5,581.5
44,554,0,495.0,634.5
44,554,1,313.0,388.5
44,554,0,148.8,639.5
44,554,0,28.2,640.0
44,554,0,165.8,532.0
44,555,1,311.5,386.5
44,555,0,498.5,639.0
44,555,0,452.5,586.0
44,555,1,431.5,560.5
44,555,0,141.8,639.0
44,556,0,500.0,639.5
44,556,1,308.0,385.0
44,556,0,452.5,595.0
44,556,1,429.5,564.0
44,556,0,25.1,639.5
44,556,1,213.8,593.0
44,557,0,499.0,639.0
44,557,1,304.8,386.5
44,557,1,213.0,597.5
44,557,0,452.0,600.0
44,557,0,152.5,543.5
44,558,1,304.8,386.5
44,558,0,21.0,640.0
44,558,0,452.5,604.0
44,558,0,127.4,639.0
44,558,0,500.0,639.5
44,558,0,148.0,552.0
44,559,1,432.5,572.5
44,559,0,124.2,638.0
44,559,0,456.0,601.5
44,559,1,306.5,388.5
44,559,0,16.9,639.5
44,560,1,305.0,391.0
44,560,0,453.0,604.5
44,560,1,211.8,401.5
44,560,1,428.2,576.0
44,560,0,504.0,639.5
44,561,1,306.0,386.5
44,561,1,433.0,577.0
44,561,0,457.5,605.5
44,561,1,433.5,576.0
44,562,1,305.0,385.0
44,562,0,459.0,603.0
44,562,1,434.2,576.0
44,562,1,435.0,580.0
44,563,1,305.0,381.5
44,563,0,460.0,613.0
44,563,1,435.5,579.5
44,563,0,105.0,640.0
44,564,1,438.0,583.5
44,564,1,306.2,382.0
44,565,1,309.0,385.8
44,565,1,440.8,587.0
44,565,0,467.0,623.5
44,565,0,102.4,640.0
44,566,1,307.8,386.5
44,566,0,467.0,626.0
44,566,1,440.5,589.5
44,566,0,14.4,640.0
44,566,0,95.7,640.0
44,567,1,305.5,380.2
44,567,0,467.8,630.0
44,567,0,88.1,639.0
44,567,1,439.8,591.0
44,568,0,84.0,640.0
44,568,1,304.5,380.5
44,568,1,442.0,592.5
44,568,0,470.0,606.0
44,568,0,5.2,639.0
44,569,1,306.8,384.0
44,569,0,84.1,640.0
44,569,0,3.7,639.0
44,569,1,444.5,597.0
44,569,0,473.8,614.0
44,570,1,305.0,381.5
44,570,0,71.8,640.0
44,570,1,115.2,254.4
44,570,0,3.8,634.0
44,570,1,442.0,597.5
44,570,0,473.0,617.0
44,571,1,305.0,381.2
44,571,0,632.5,483.5
44,571,0,67.1,640.0
44,571,1,444.5,597.5
44,572,1,305.5,385.0
44,572,0,479.0,635.0
44,572,1,115.4,248.6
44,572,1,448.8,611.0
44,573,1,305.5,386.5
44,573,1,115.2,248.4
44,573,0,56.6,640.0
44,573,0,479.0,634.0
44,573,1,448.5,613.0
44,574,0,45.1,640.0
44,574,1,304.8,382.2
44,574,0,479.0,633.0
44,575,0,38.3,637.0
44,575,1,452.2,612.5
44,575,0,485.0,630.5
44,575,1,305.0,382.5
44,575,1,183.4,640.0
44,576,0,37.8,639.5
44,576,1,307.0,381.0
44,576,1,114.2,250.6
44,576,0,489.5,628.0
44,576,1,455.0,614.5
44,577,1,307.5,382.0
44,577,1,114.7,254.5
44,577,1,455.5,615.5
44,578,1,305.5,383.8
44,578,1,454.5,617.0
44,578,0,23.3,640.0
44,578,0,490.5,628.0
44,579,1,306.5,382.2
44,579,0,493.0,635.0
44,579,1,457.0,621.0
44,580,1,305.0,380.0
44,580,0,493.5,634.0
44,580,1,457.0,623.0
44,580,0,11.2,640.0
44,581,1,306.0,384.0
44,581,0,497.0,638.0
44,581,1,594.0,640.0
44,581,0,53.3,633.0
44,581,1,459.8,622.5
44,582,1,306.5,382.2
44,582,0,499.2,638.0
44,582,1,600.0,640.0
44,582,1,462.5,622.5
44,583,1,306.5,381.2
44,583,0,499.0,635.0
44,583,1,601.0,640.0
44,583,1,461.5,622.0
44,583,1,109.8,231.0
44,583,0,600.0,640.0
44,584,1,305.5,379.8
44,584,0,499.5,638.0
44,584,1,461.5,622.5
44,585,1,307.0,380.5
44,585,1,466.2,624.0
44,585,1,462.5,625.0
44,585,1,460.5,627.0
44,585,0,506.0,635.0
44,586,1,304.8,379.5
44,586,1,459.5,627.0
44,586,0,504.0,635.0
44,586,1,460.8,625.5
44,586,1,617.0,640.0
44,587,1,303.8,377.5
44,587,0,626.0,639.0
44,587,1,464.5,627.5
44,587,1,462.5,627.0
44,587,0,509.0,634.5
44,588,1,305.5,379.2
44,588,0,630.0,639.5
44,588,1,466.2,631.0
44,588,1,469.0,631.0
44,588,0,510.5,634.5
44,588,1,463.8,629.0
44,588,1,630.0,639.5
44,589,1,304.5,379.0
44,589,0,627.5,640.0
44,589,1,461.0,631.5
44,589,1,463.2,632.0
44,590,1,305.0,380.5
44,590,0,513.9,636.0
44,590,1,468.5,637.5
44,590,1,470.0,637.0
44,591,1,305.5,379.2
44,591,0,514.5,635.0
44,591,1,468.5,638.5
44,591,1,470.5,640.0
44,592,1,303.2,372.0
44,592,0,516.9,638.0
44,592,1,470.2,640.0
44,592,1,469.0,639.0
44,593,1,304.8,373.2
44,593,0,522.0,637.0
44,593,1,471.5,640.0
44,593,1,472.8,640.0
44,594,0,523.0,639.0
44,594,1,305.5,374.0
44,594,1,304.5,372.5
44,594,1,155.4,638.0
44,594,1,474.8,640.0
44,595,0,526.0,639.5
44,595,1,305.2,372.0
44,595,1,155.2,637.5
44,595,1,151.2,640.0
44,595,1,148.8,640.0
44,596,1,305.5,368.8
44,596,1,154.4,638.0
44,596,1,149.9,640.0
44,596,1,147.8,640.0
44,596,0,528.5,640.0
44,597,1,305.0,371.0
44,597,1,155.6,638.0
44,597,1,150.9,640.0
44,597,1,147.6,640.0
44,597,0,529.0,639.5
44,598,1,305.2,372.8
44,598,1,151.4,638.0
44,598,1,146.2,637.5
44,598,0,531.0,639.5
44,599,1,305.0,372.5
44,599,1,147.4,640.0
44,599,0,534.0,639.5
44,599,0,22.6,638.0
44,599,1,476.5,639.0
44,600,1,304.0,364.8
44,600,0,537.0,639.0
44,600,1,134.4,632.5
44,601,1,303.0,362.8
44,601,1,133.5,627.5
44,601,0,14.8,638.0
44,602,1,303.5,362.2
44,602,0,12.0,640.0
44,602,1,131.9,640.0
44,602,0,14.2,640.0
44,603,1,304.0,363.5
44,603,0,10.3,639.0
44,604,1,304.0,363.5
44,604,0,7.4,640.0
44,604,1,485.5,639.5
44,605,1,304.2,364.2
44,605,1,487.5,640.0
44,605,0,5.5,640.0
44,605,1,127.1,625.0
44,605,1,486.0,640.0
44,605,0,552.0,639.0
44,606,1,301.0,366.8
44,606,0,552.0,639.5
44,606,0,52.2,640.0
44,606,1,119.5,640.0
44,607,1,304.0,363.2
44,607,1,488.2,640.0
44,607,0,558.0,640.0
44,607,1,119.0,640.0
44,607,1,487.0,640.0
44,607,1,118.2,470.0
44,608,1,302.0,365.0
44,608,1,115.2,639.0
44,608,0,559.0,640.0
44,608,1,488.2,640.0
44,608,1,487.5,640.0
44,609,1,302.8,362.0
44,609,1,113.1,639.5
44,609,1,493.5,639.5
44,609,0,567.0,639.0
44,609,0,43.8,640.0
44,609,1,117.0,640.0
44,609,1,115.5,639.5
44,609,1,491.0,638.5
44,610,1,489.8,639.0
44,610,1,106.8,639.5
44,610,1,299.5,361.2
44,610,1,491.8,639.5
44,610,1,108.2,640.0
44,610,0,568.0,640.0
44,611,1,300.8,361.0
44,611,1,492.0,639.0
44,611,1,106.5,640.0
44,611,1,495.0,639.5
44,611,1,110.1,639.5
44,611,1,495.5,640.0
44,612,1,299.8,360.5
44,612,1,493.5,638.0
44,612,1,104.4,640.0
44,612,1,495.5,639.5
44,612,1,497.0,639.5
44,613,1,299.2,360.2
44,613,1,495.0,639.5
44,613,1,99.9,639.0
44,613,1,495.0,639.5
44,614,1,299.0,362.0
44,614,1,501.5,639.5
44,614,1,97.4,640.0
44,615,1,299.0,362.5
44,615,0,589.0,640.0
44,615,1,503.0,639.5
44,615,1,92.5,614.0
44,615,1,501.5,640.0
44,615,1,503.0,640.0
44,616,1,299.5,362.8
44,616,0,592.0,639.5
44,616,1,504.0,640.0
44,616,1,90.0,623.0
44,616,1,501.8,640.0
44,616,1,504.0,638.5
44,617,1,86.2,639.5
44,617,1,298.0,366.0
44,617,0,595.0,639.5
44,617,1,502.8,640.0
44,617,1,83.8,613.0
44,617,1,505.5,640.0
44,617,1,504.8,638.5
44,618,1,298.8,365.5
44,618,1,82.4,640.0
44,618,1,85.2,640.0
44,618,0,601.0,639.5
44,618,1,505.5,640.0
44,618,1,508.2,640.0
44,618,1,89.9,408.0
44,619,1,78.2,639.5
44,619,1,296.0,369.2
44,619,1,506.8,640.0
44,619,0,606.5,640.0
44,619,1,81.0,640.0
44,619,1,87.9,397.5
44,620,1,297.5,367.0
44,620,1,78.5,639.5
44,620,1,88.1,398.5
44,620,1,81.5,640.0
44,620,1,549.0,435.0
44,620,0,612.0,640.0
44,621,1,296.5,368.5
44,621,1,69.2,640.0
44,621,1,511.5,640.0
44,621,0,613.0,639.5
44,621,1,83.4,388.8
44,621,1,67.6,599.5
44,621,1,71.7,640.0
44,622,1,297.0,368.0
44,622,1,511.5,640.0
44,622,1,66.5,640.0
44,622,1,81.8,389.0
44,622,1,516.5,640.0
44,623,1,297.2,368.0
44,623,1,63.4,627.0
44,623,1,81.2,389.5
44,623,1,511.5,640.0
44,623,0,627.0,639.0
44,623,1,517.5,640.0
44,623,1,79.1,399.8
44,624,1,298.0,366.8
44,624,1,519.0,640.0
44,624,0,635.5,639.0
44,624,1,522.5,640.0
44,624,1,81.4,389.0
44,624,1,62.8,639.0
44,625,1,299.5,370.2
44,625,1,525.0,639.0
44,625,1,525.0,640.0
44,625,1,519.9,640.0
44,625,1,61.6,622.0
44,625,1,523.0,640.0
44,625,1,83.1,385.8
44,626,1,299.0,373.0
44,626,1,522.5,637.0
44,626,1,529.0,637.5
44,626,1,58.5,640.0
44,626,1,526.0,639.0
44,626,1,81.6,399.0
44,627,1,52.5,640.0
44,627,1,530.0,636.5
44,627,1,299.5,374.0
44,627,1,525.5,639.0
44,627,1,529.0,639.0
44,627,1,81.6,390.5
44,628,1,47.1,639.5
44,628,1,297.0,378.2
44,628,1,523.9,639.0
44,628,1,529.5,638.5
44,628,1,527.0,639.0
44,629,1,299.0,373.0
44,629,1,45.1,639.5
44,629,1,535.5,639.0
44,629,1,533.0,640.0
44,630,1,297.5,375.0
44,630,1,40.7,640.0
44,630,1,540.0,639.0
44,630,1,537.0,640.0
44,631,1,299.5,374.2
44,631,1,544.0,640.0
44,631,1,35.1,636.0
44,631,1,540.0,640.0
44,632,1,548.0,639.5
44,632,1,298.0,377.0
44,632,1,29.7,640.0
44,632,0,3.7,612.0
44,632,1,542.0,639.5
44,633,1,299.0,378.0
44,633,1,550.0,639.0
44,633,1,27.6,640.0
44,633,1,537.0,454.5
44,633,1,32.6,639.0
44,633,1,543.5,640.0
44,634,1,20.1,639.5
44,634,1,297.5,382.0
44,634,1,546.0,640.0
44,634,1,551.0,639.5
44,635,1,549.0,640.0
44,635,1,298.8,378.8
44,635,1,20.6,640.0
44,635,1,18.5,548.0
44,635,1,541.0,462.8
44,635,1,24.2,640.0
44,635,1,556.0,640.0
44,636,1,552.0,638.0
44,636,1,300.0,380.0
44,636,1,14.1,640.0
44,636,1,17.1,640.0
44,637,1,557.5,640.0
44,637,1,299.2,379.8
44,637,1,11.5,640.0
44,637,1,565.0,640.0
44,637,1,14.5,640.0
44,637,1,550.0,450.2
44,637,0,537.5,401.5
44,638,1,563.0,640.0
44,638,1,6.1,640.0
44,638,1,6.4,605.5
44,638,1,300.8,378.5
44,638,1,555.5,458.0
44,639,1,570.0,640.0
44,639,1,301.5,379.0
44,639,1,5.2,640.0
44,639,1,4.8,566.5
44,639,1,576.5,640.0
44,640,1,571.0,640.0
44,640,1,299.5,380.0
44,640,1,577.0,640.0
44,640,0,555.0,405.2
44,641,1,573.0,640.0
44,641,1,298.5,380.0
44,641,1,582.0,639.0
44,641,0,556.0,405.0
44,641,1,582.0,640.0
44,641,1,566.0,456.5
44,642,1,299.0,379.5
44,642,1,585.0,639.0
44,642,0,555.0,404.0
44,642,1,572.5,508.0
44,642,1,576.0,640.0
44,642,1,570.0,473.5
44,642,1,572.0,581.5
44,643,1,298.5,384.0
44,643,1,590.0,640.0
44,643,1,582.0,640.0
44,643,1,73.2,396.5
44,644,1,586.0,640.0
44,644,1,301.2,383.0
44,644,1,596.0,639.0
44,644,1,75.9,398.5
44,645,1,589.5,640.0
44,645,1,301.0,384.5
44,645,1,598.0,640.0
44,646,1,595.0,640.0
44,646,1,298.8,382.5
44,646,1,72.8,397.8
44,646,1,603.0,640.0
44,647,1,603.5,640.0
44,647,1,300.5,382.2
44,647,1,73.1,396.0
44,648,1,619.5,640.0
44,648,1,301.5,384.0
44,648,1,610.0,640.0
44,648,1,73.7,395.8
44,648,1,603.0,610.5
44,649,1,300.2,383.0
44,649,1,623.0,640.0
44,649,1,613.5,640.0
44,650,1,301.2,383.0
44,650,1,618.0,640.0
44,650,1,621.0,640.0
44,650,1,73.1,399.0
44,650,1,604.0,351.5
44,651,1,617.0,640.0
44,651,1,300.0,385.5
44,651,1,613.0,572.0
44,652,1,616.8,639.5
44,652,1,299.0,384.0
44,652,1,615.0,537.0
44,653,1,300.0,382.5
44,653,1,622.0,599.0
44,654,1,300.0,382.0
44,654,1,627.0,529.0
44,655,1,301.5,382.0
44,656,1,300.5,380.8
44,656,1,627.0,315.5
44,657,1,299.5,379.8
44,657,1,632.0,313.0
44,657,1,178.8,383.2
44,658,1,298.5,377.0
44,658,1,178.2,381.5
44,659,1,296.0,375.5
44,660,1,293.5,369.5
44,660,1,54.4,390.5
44,660,1,52.7,392.8
44,661,1,50.7,384.0
44,661,1,293.8,364.5
44,661,1,635.0,640.0
44,662,1,295.0,366.2
44,662,1,51.1,381.0
44,663,1,50.8,379.0
44,663,1,295.5,365.5
44,664,1,292.5,365.0
44,664,1,47.1,383.0
44,664,1,167.5,323.0
44,665,1,292.5,365.5
44,665,1,42.5,387.0
44,666,1,39.3,386.2
44,666,1,292.2,362.2
44,667,1,292.0,368.0
44,668,1,56.7,16.0
44,668,1,73.2,13.1
44,669,1,156.5,322.5
44,670,1,23.3,393.8
44,671,1,22.4,393.0
44,671,1,550.5,411.0
44,671,1,49.7,13.9
44,672,1,20.4,394.0
44,672,1,154.1,324.0
44,673,1,20.0,402.0
44,673,1,152.0,323.5
44,674,1,20.7,398.0
44,674,1,292.0,376.5
44,674,1,155.8,346.5
44,675,1,18.8,393.2
44,675,1,561.0,421.0
44,675,1,152.2,324.0
44,676,1,14.8,399.5
44,677,1,13.2,402.0
44,677,1,147.9,392.5
44,677,0,501.2,413.8
44,678,1,145.8,396.0
44,678,1,16.1,400.0
44,678,1,564.0,428.5
44,678,1,15.7,397.5
44,679,1,145.4,397.2
44,679,1,13.2,403.2
44,680,1,144.9,397.2
44,680,1,14.6,403.8
44,681,1,147.5,401.8
44,681,1,291.5,386.8
44,682,1,304.0,381.5
44,682,1,21.1,402.8
44,682,0,618.0,415.2
44,682,1,597.5,428.0
44,683,1,311.2,380.5
44,683,1,28.8,307.5
44,683,1,166.2,307.5
44,684,1,329.5,380.8
44,684,1,53.1,396.8
44,684,1,186.8,301.5
44,685,1,208.2,378.0
44,685,1,76.1,383.0
44,685,1,205.2,281.5
44,686,1,363.5,386.0
44,686,1,86.2,385.5
44,686,1,218.0,307.5
44,687,1,369.8,380.0
44,687,1,85.3,383.2
44,687,1,219.0,275.5
44,688,1,374.5,387.0
44,689,1,122.1,400.0
44,689,1,567.0,425.2
44,690,1,282.5,294.2
44,690,1,153.8,408.0
44,690,1,443.8,411.0
44,691,1,471.0,408.5
44,691,1,307.5,409.0
44,691,1,178.8,403.8
44,692,1,519.9,412.5
44,692,1,347.5,292.0
44,723,1,306.0,640.0
44,723,0,104.6,529.0
44,723,0,37.4,463.0
44,723,0,37.3,464.5
44,723,1,63.9,501.2
44,723,0,28.3,456.5
44,723,1,307.5,570.5
44,723,0,36.1,427.0
44,723,1,550.0,499.5
44,723,0,36.1,455.5
44,723,0,147.0,622.0
44,723,1,15.1,438.0
44,723,1,551.0,561.5
44,723,0,19.8,440.8
44,724,1,78.2,503.5
44,724,0,52.0,469.0
44,724,0,117.9,535.5
44,724,0,43.7,460.0
44,724,0,51.2,466.5
44,724,0,51.4,444.8
44,724,0,85.5,519.0
44,724,0,13.2,409.8
44,724,0,42.3,443.0
44,724,0,43.2,460.0
44,724,0,84.8,507.0
44,724,1,79.5,515.5
44,724,0,52.5,469.2
44,724,0,68.9,493.8
44,724,0,69.0,489.8
44,724,1,570.0,526.5
44,724,0,36.0,444.5
44,724,0,69.5,494.2
44,724,0,25.9,421.5
44,725,1,337.0,639.5
44,725,1,594.0,638.5
44,725,0,136.2,528.5
44,725,0,72.5,466.2
44,725,0,45.7,420.0
44,725,1,52.3,436.2
44,725,0,34.1,409.2
44,725,0,61.8,436.5
44,725,0,45.9,418.5
44,725,1,52.0,432.0
44,725,1,337.5,640.0
44,725,0,103.2,508.0
44,725,0,70.9,467.0
44,725,0,69.9,425.5
44,725,0,63.1,455.0
44,726,1,366.5,638.0
44,726,0,91.2,454.5
44,726,0,99.6,464.0
44,726,0,99.4,464.0
44,726,0,91.4,454.5
44,726,1,124.6,502.5
44,726,0,161.2,528.0
44,726,1,631.0,640.0
44,726,0,67.6,412.5
44,726,0,129.8,505.0
44,726,0,98.1,461.5
44,726,0,89.9,440.0
44,726,0,90.8,455.0
44,726,0,84.6,440.5
44,726,0,98.3,437.0
44,726,0,65.9,409.5
44,726,0,84.6,440.0
44,726,1,80.2,432.0
44,726,1,365.0,535.0
44,727,1,134.8,503.2
44,727,1,378.0,638.0
44,727,0,171.5,525.5
44,727,0,109.4,430.0
44,727,0,101.2,435.0
44,727,0,109.6,457.5
44,727,0,110.6,461.5
44,727,0,125.2,470.0
44,727,0,140.1,504.5
44,727,1,91.2,425.5
44,727,0,75.6,404.5
44,727,1,90.8,432.0
44,727,0,102.4,449.0
44,727,0,102.5,452.0
44,727,1,92.6,433.5
44,727,1,377.0,561.0
44,728,1,398.0,636.5
44,728,1,150.0,496.0
44,728,0,187.1,535.5
44,728,0,117.1,424.5
44,728,0,125.1,422.5
44,728,0,126.1,455.0
44,728,0,125.2,446.5
44,728,0,126.5,456.0
44,728,0,92.4,400.0
44,728,0,141.4,461.5
44,728,0,140.9,462.0
44,728,0,156.5,498.0
44,728,0,141.2,480.0
44,728,0,118.6,442.8
44,728,0,4.9,404.5
44,728,0,117.5,443.8
44,728,0,157.5,503.5
44,728,1,396.2,530.0
44,728,1,108.3,426.5
44,729,1,410.0,637.5
44,729,0,196.6,525.0
44,729,1,159.2,492.0
44,729,0,136.6,454.5
44,729,1,118.2,426.2
44,729,0,129.2,448.5
44,729,0,135.1,425.8
44,729,0,9.8,406.5
44,729,0,129.6,449.5
44,729,1,17.5,403.5
44,729,0,107.1,404.0
44,729,0,2.0,406.0
44,729,0,236.8,607.0
44,729,1,408.0,563.0
44,729,1,117.4,418.8
44,730,1,430.2,638.0
44,730,0,141.0,421.0
44,730,0,209.0,523.5
44,730,0,142.4,443.8
44,730,0,150.0,452.8
44,730,0,150.2,453.5
44,730,0,25.8,412.5
44,730,0,149.0,436.2
44,730,0,5.3,456.2
44,730,0,126.2,404.2
44,730,1,172.8,492.0
44,730,1,34.5,403.5
44,730,1,132.5,421.0
44,730,0,149.1,453.0
44,730,1,428.2,518.0
44,730,0,142.2,438.5
44,730,0,6.4,457.5
44,730,0,179.8,494.0
44,730,0,141.8,430.8
44,731,1,444.0,639.0
44,731,1,184.0,482.8
44,731,0,220.8,517.5
44,731,0,161.0,449.5
44,731,0,153.4,439.0
44,731,0,6.1,434.0
44,731,0,39.8,411.0
44,731,0,161.8,450.0
44,731,0,154.1,442.0
44,731,0,622.5,614.0
44,731,0,22.2,448.0
44,731,0,21.1,453.5
44,731,0,130.0,398.0
44,731,1,29.2,433.5
44,731,0,162.1,451.0
44,731,0,133.5,399.5
44,731,1,491.8,588.0
44,731,1,48.9,400.8
44,732,1,462.5,639.5
44,732,1,197.8,482.5
44,732,0,232.8,520.5
44,732,0,273.0,616.0
44,732,0,5.0,491.0
44,732,0,36.7,448.0
44,732,1,45.0,428.0
44,732,0,173.5,425.0
44,732,0,22.6,429.5
44,732,0,165.5,416.2
44,732,0,54.5,407.0
44,732,0,174.2,445.8
44,732,0,188.5,449.0
44,732,0,38.4,441.5
44,732,1,198.5,485.0
44,732,0,35.5,449.0
44,732,0,174.8,446.5
44,732,0,203.5,484.0
44,732,0,22.0,467.0
44,732,1,157.8,417.5
44,732,0,22.3,468.5
44,732,0,22.0,466.2
44,733,1,484.5,632.0
44,733,0,24.2,484.0
44,733,0,247.6,521.0
44,733,1,212.8,482.0
44,733,0,41.4,423.2
44,733,0,53.8,444.0
44,733,1,10.3,506.0
44,733,0,181.2,411.0
44,733,0,189.4,438.0
44,733,0,188.9,416.5
44,733,1,81.0,390.5
44,733,0,190.1,442.0
44,733,0,203.2,443.5
44,733,0,41.5,436.0
44,733,0,190.2,441.5
44,733,0,182.2,429.5
44,733,0,54.8,443.0
44,733,0,182.2,424.8
44,733,0,73.0,401.8
44,733,0,40.5,463.0
44,733,0,24.8,482.5
44,733,0,182.1,420.5
44,733,0,23.3,464.2
44,734,1,503.5,637.5
44,734,0,66.6,438.5
44,734,1,22.0,503.0
44,734,0,36.8,478.5
44,734,0,53.2,421.0
44,734,0,65.3,439.5
44,734,1,222.2,471.5
44,734,0,257.2,507.5
44,734,0,68.0,434.0
44,734,0,199.9,439.5
44,734,1,74.9,420.5
44,734,1,92.0,387.5
44,734,0,200.5,440.0
44,734,0,198.8,412.0
44,734,0,69.2,427.5
44,734,1,183.2,412.5
44,734,0,297.0,611.0
44,734,1,584.5,619.5
44,734,0,169.2,389.0
44,734,0,227.5,481.0
44,734,0,213.8,444.8
44,734,0,193.8,435.8
44,734,0,197.1,434.5
44,734,1,183.8,413.0
44,734,1,74.0,422.5
44,734,0,387.0,640.0
44,734,0,199.0,439.5
44,735,1,528.0,639.0
44,735,0,54.8,474.5
44,735,0,70.2,453.0
44,735,1,108.5,386.0
44,735,1,91.8,416.5
44,735,0,206.2,402.8
44,735,0,213.0,406.0
44,735,1,40.8,503.5
44,735,0,83.2,436.0
44,735,0,85.4,430.8
44,735,0,214.0,433.0
44,735,0,81.9,437.0
44,735,0,272.8,506.5
44,735,0,55.4,476.5
44,735,0,86.2,424.0
44,735,1,236.6,473.5
44,735,0,187.0,386.5
44,735,0,383.0,433.0
44,735,0,243.2,480.5
44,735,1,90.2,417.0
44,735,1,38.8,483.5
44,735,1,607.0,489.0
44,735,1,198.5,407.0
44,735,0,212.9,433.5
44,736,1,567.0,631.0
44,736,0,294.5,510.5
44,736,0,237.5,438.0
44,736,0,19.7,576.0
44,736,0,96.6,426.0
44,736,0,335.5,620.0
44,736,0,265.0,481.5
44,736,0,108.9,439.5
44,736,0,230.2,429.5
44,736,0,250.2,441.0
44,736,0,81.3,480.0
44,736,1,133.8,389.0
44,736,0,237.2,437.5
44,736,0,110.0,435.5
44,736,0,108.4,441.0
44,736,1,116.9,419.5
44,736,0,236.5,409.0
44,736,0,236.5,424.0
44,736,0,229.0,408.2
44,736,0,111.0,426.5
44,736,0,229.9,431.5
44,736,1,221.9,407.5
44,736,0,108.0,441.5
44,737,1,578.5,640.0
44,737,1,72.2,506.5
44,737,0,117.2,443.0
44,737,0,237.9,433.0
44,737,0,28.5,574.5
44,737,0,236.9,407.8
44,737,0,301.2,513.5
44,737,0,89.6,479.2
44,737,0,237.8,432.8
44,737,0,272.2,484.2
44,737,0,118.1,441.5
44,737,0,105.5,422.5
44,737,1,142.2,388.0
44,737,0,245.0,439.2
44,737,1,75.8,503.5
44,737,0,257.2,445.0
44,737,0,257.4,450.0
44,737,0,244.9,439.2
44,737,1,125.0,423.0
44,737,0,237.2,429.8
44,737,0,243.6,431.0
44,737,0,243.5,410.0
44,737,0,342.5,565.5
44,737,1,266.0,475.0
44,737,0,273.8,487.8
44,738,1,604.0,638.0
44,738,1,279.0,473.0
44,738,0,44.9,567.5
44,738,1,140.5,419.8
44,738,0,258.2,437.5
44,738,0,315.5,511.5
44,738,0,132.5,440.8
44,738,0,250.8,431.0
44,738,0,105.2,482.0
44,738,0,256.5,436.0
44,738,0,133.2,439.2
44,738,0,237.5,396.0
44,738,0,120.1,433.0
44,738,1,156.5,391.0
44,738,0,462.5,638.5
44,738,1,241.0,403.0
44,738,0,249.9,432.0
44,738,1,91.1,502.2
44,738,0,249.4,404.5
44,738,0,120.4,454.8
44,738,0,228.4,384.8
44,738,0,284.0,476.5
44,738,0,256.5,416.0
44,739,0,328.0,511.0
44,739,1,628.0,524.0
44,739,0,134.2,421.2
44,739,0,269.8,423.2
44,739,0,59.2,575.5
44,739,0,269.0,413.0
44,739,0,148.8,432.2
44,739,0,147.6,437.5
44,739,0,119.4,479.5
44,739,1,154.9,419.5
44,739,1,106.0,502.0
44,739,0,146.0,438.2
44,739,0,241.4,387.0
44,739,1,623.8,625.0
44,739,0,270.2,434.5
44,739,0,283.8,440.0
44,739,1,293.5,476.0
44,739,0,261.5,407.5
44,739,1,632.0,640.0
44,739,1,254.2,406.0
44,739,0,118.0,457.5
44,739,0,150.0,421.5
44,739,0,369.8,554.5
44,739,1,3.2,184.5
44,739,0,281.5,398.5
44,739,1,170.2,388.8
44,739,1,629.0,640.0
44,739,1,293.0,474.8
44,739,0,263.8,429.0
44,739,0,271.0,435.8
44,739,0,134.4,454.5
44,739,0,300.8,488.2
44,739,0,120.4,480.0
44,740,0,74.6,567.5
44,740,0,341.8,514.0
44,740,1,118.6,501.0
44,740,0,148.0,418.0
44,740,0,14.7,187.4
44,740,0,133.5,476.2
44,740,0,281.5,432.0
44,740,0,164.0,418.2
44,740,0,282.5,436.0
44,740,1,304.5,480.5
44,740,0,252.2,383.8
44,740,0,281.0,413.8
44,740,0,273.0,409.5
44,740,0,134.4,480.0
44,740,1,118.4,498.5
44,740,1,455.5,447.5
44,740,1,265.0,406.5
44,740,0,134.4,478.0
44,740,1,183.5,387.5
44,740,1,587.0,448.5
44,740,0,274.5,424.5
44,740,0,275.2,427.0
44,740,0,297.5,462.0
44,740,0,273.8,415.2
44,741,0,5.8,640.0
44,741,0,360.0,517.0
44,741,0,300.0,437.2
44,741,0,166.9,419.0
44,741,0,293.2,429.5
44,741,0,328.5,483.0
44,741,0,181.1,426.0
44,741,1,186.4,416.5
44,741,0,179.5,437.5
44,741,0,9.2,639.5
44,741,1,139.0,503.5
44,741,0,313.0,453.2
44,741,0,293.2,429.8
44,741,0,182.0,421.0
44,741,0,152.5,473.0
44,741,0,407.0,582.0
44,741,0,312.8,440.5
44,741,0,178.0,437.8
44,741,0,293.0,428.8
44,741,1,134.4,500.5
44,741,0,298.5,433.0
44,741,0,269.8,384.2
44,741,0,167.0,454.2
44,741,1,201.6,387.5
44,741,0,298.2,408.5
44,741,0,153.2,475.0
44,741,0,167.2,425.8
44,741,0,291.5,410.0
44,741,0,533.5,639.5
44,741,1,476.5,431.0
44,741,0,300.8,438.0
44,741,0,296.5,432.5
44,741,0,292.0,421.0
44,741,1,136.8,504.0
44,741,1,283.2,403.0
44,742,0,20.5,640.0
44,742,0,373.0,519.5
44,742,0,165.6,475.0
44,742,0,108.8,570.0
44,742,1,334.2,479.0
44,742,0,341.0,491.0
44,742,0,180.5,421.8
44,742,0,195.0,419.5
44,742,0,282.5,387.5
44,742,0,312.0,438.2
44,742,0,310.0,413.0
44,742,0,312.5,438.2
44,742,0,552.5,639.5
44,742,0,310.2,404.0
44,742,1,294.5,408.5
44,742,0,280.8,385.8
44,742,1,151.9,509.5
44,742,0,421.0,583.0
44,742,0,164.9,459.0
44,742,0,309.0,435.0
44,742,0,166.8,480.0
44,742,0,190.5,439.0
44,742,1,492.0,438.5
44,742,0,180.6,434.2
44,742,0,305.5,432.8
44,742,0,306.0,434.5
44,742,1,214.0,387.0
44,742,0,310.8,439.0
44,743,0,37.5,640.0
44,743,0,389.5,520.0
44,743,0,195.5,418.8
44,743,0,317.8,406.0
44,743,0,325.0,409.5
44,743,0,181.5,474.5
44,743,0,356.5,491.5
44,743,0,325.8,432.0
44,743,1,309.8,407.5
44,743,0,326.5,439.5
44,743,0,438.5,585.0
44,743,1,349.2,479.0
44,743,0,182.5,477.0
44,743,0,182.5,475.8
44,743,0,182.4,478.5
44,743,0,125.0,571.0
44,743,0,296.0,385.2
44,743,0,326.5,438.0
44,743,0,299.5,390.0
44,743,0,325.0,411.5
44,743,1,168.2,508.0
44,743,0,180.8,443.0
44,743,1,214.0,418.0
44,743,1,578.5,640.0
44,743,0,325.0,438.5
44,743,1,229.8,386.0
44,743,0,318.5,414.2
44,743,1,167.2,499.0
44,743,0,181.2,477.5
44,743,0,206.5,436.0
44,743,0,302.2,391.2
44,744,1,358.5,482.8
44,744,0,399.5,538.0
44,744,0,47.7,640.0
44,744,0,205.0,419.0
44,744,0,334.5,438.0
44,744,0,333.5,411.5
44,744,0,220.5,416.2
44,744,0,365.5,488.0
44,744,0,349.2,451.2
44,744,1,174.9,499.5
44,744,0,325.5,408.2
44,744,1,237.8,386.8
44,744,0,305.0,389.0
44,744,1,176.8,501.0
44,744,0,135.0,571.0
44,744,0,336.0,442.0
44,744,0,328.0,430.8
44,744,0,190.2,456.5
44,744,0,350.0,469.0
44,744,0,326.8,419.0
44,744,1,171.9,501.5
44,744,0,303.5,385.0
44,744,0,219.2,420.0
44,744,0,336.0,441.2
44,744,0,350.2,458.5
44,744,1,318.2,406.2
44,744,0,190.2,481.0
44,745,0,58.9,640.0
44,745,0,410.5,532.5
44,745,0,227.8,423.8
44,745,0,343.8,441.0
44,745,0,214.8,436.0
44,745,0,226.1,432.5
44,745,0,145.5,570.5
44,745,0,337.5,433.5
44,745,0,201.0,477.5
44,745,0,375.5,492.5
44,745,0,314.2,389.0
44,745,0,229.0,417.0
44,745,0,345.0,441.5
44,745,0,337.5,433.5
44,745,0,312.8,387.0
44,745,1,327.2,406.8
44,745,0,230.2,416.8
44,745,1,233.0,411.5
44,745,0,339.5,436.0
44,745,0,345.5,442.0
44,745,1,368.8,489.5
44,745,0,214.5,453.5
44,745,0,225.4,434.8
44,745,0,201.2,477.5
44,745,1,327.5,407.0
44,745,1,247.4,386.0
44,745,0,341.5,421.5
44,746,1,382.0,482.0
44,746,0,74.0,640.0
44,746,0,349.0,415.5
44,746,0,228.0,417.0
44,746,0,426.5,541.5
44,746,0,390.8,497.5
44,746,1,202.2,501.2
44,746,0,357.0,426.0
44,746,0,359.0,443.0
44,746,1,340.5,409.0
44,746,0,579.0,472.5
44,746,0,357.5,442.0
44,746,0,350.0,419.0
44,746,0,214.0,470.5
44,746,0,334.0,392.2
44,746,1,245.5,417.2
44,746,0,213.5,436.5
44,746,0,215.1,473.5
44,746,0,327.2,385.8
44,746,1,260.5,388.0
44,746,0,358.8,443.5
44,747,0,89.4,640.0
44,747,0,365.0,436.0
44,747,0,406.5,504.5
44,747,0,372.5,444.0
44,747,0,242.0,417.0
44,747,0,443.5,561.0
44,747,0,228.8,470.0
44,747,0,365.0,436.0
44,747,0,607.0,496.0
44,747,0,252.5,436.5
44,747,0,363.5,422.0
44,747,0,371.5,439.0
44,747,1,215.9,498.5
44,747,0,364.5,436.2
44,747,0,252.0,437.2
44,747,0,340.0,387.5
44,747,0,253.8,432.5
44,747,0,358.0,417.5
44,747,0,349.5,397.8
44,747,1,260.0,414.0
44,747,0,502.5,620.0
44,747,0,174.2,563.0
44,747,0,229.2,474.5
44,747,0,388.0,473.5
44,747,1,353.5,405.5
44,747,0,255.0,420.0
44,747,0,229.4,476.5
44,747,0,388.0,474.5
44,747,1,397.0,485.2
44,747,0,241.6,445.5
44,748,1,407.0,490.5
44,748,0,251.9,416.2
44,748,0,624.0,477.0
44,748,0,454.5,562.0
44,748,0,382.0,439.8
44,748,0,381.0,433.5
44,748,1,268.0,416.0
44,748,1,588.0,467.5
44,748,0,237.8,455.5
44,748,0,373.0,420.5
44,748,0,418.0,503.5
44,748,0,98.6,639.5
44,748,0,238.0,479.5
44,748,0,355.0,393.2
44,748,0,373.0,434.5
44,748,0,397.5,449.2
44,748,0,262.0,434.0
44,748,0,382.5,441.5
44,748,0,239.0,475.0
44,748,0,184.2,570.5
44,748,0,237.4,437.0
44,748,0,261.8,434.5
44,748,0,263.0,430.5
44,748,0,250.5,416.8
44,748,0,348.5,386.0
44,749,0,108.7,640.0
44,749,0,392.0,446.8
44,749,0,408.0,448.5
44,749,0,385.2,437.0
44,749,0,469.0,566.0
44,749,0,385.2,437.5
44,749,0,261.2,417.5
44,749,0,393.0,445.5
44,749,1,374.5,415.8
44,749,0,533.0,636.0
44,749,0,248.2,472.5
44,749,1,374.0,415.5
44,749,0,408.0,451.8
44,749,0,382.5,418.5
44,749,0,428.0,497.5
44,749,0,277.0,417.5
44,749,0,362.5,389.0
44,749,0,387.0,439.0
44,749,1,292.5,388.5
44,749,0,379.0,419.5
44,750,0,110.5,640.0
44,750,1,423.2,498.5
44,750,0,264.2,416.8
44,750,0,389.0,437.2
44,750,1,282.0,414.5
44,750,0,474.5,568.5
44,750,0,389.0,437.8
44,750,0,397.0,445.2
44,750,0,433.8,507.8
44,750,1,237.6,502.8
44,750,0,387.2,431.0
44,750,0,396.0,443.0
44,750,0,362.0,386.5
44,750,0,413.0,458.5
44,750,0,277.5,419.0
44,750,0,381.5,420.0
44,750,0,279.0,418.5
44,750,1,238.0,502.0
44,750,0,413.2,465.0
44,751,0,112.9,639.5
44,751,0,441.8,511.8
44,751,0,203.0,566.0
44,751,0,404.5,445.8
44,751,0,396.0,435.5
44,751,0,389.2,420.0
44,751,0,396.0,435.8
44,751,0,484.0,568.0
44,751,0,394.5,423.5
44,751,0,403.5,442.0
44,751,0,389.2,420.0
44,751,0,421.0,471.0
44,751,1,246.0,495.8
44,751,0,284.5,420.0
44,751,0,379.5,399.0
44,751,0,286.0,415.5
44,751,0,370.8,388.5
44,751,1,432.5,501.5
44,751,0,257.0,465.0
44,751,0,403.5,425.0
44,751,0,270.8,414.5
44,751,0,378.0,395.5
44,751,0,282.5,428.5
44,751,0,393.2,417.2
44,752,0,110.1,639.5
44,752,0,443.0,510.8
44,752,0,397.5,436.2
44,752,0,202.0,574.0
44,752,0,484.0,568.0
44,752,0,404.5,439.5
44,752,0,390.0,419.5
44,752,0,395.5,426.5
44,752,1,246.0,501.8
44,752,0,379.5,396.0
44,752,0,405.2,443.5
44,752,0,282.0,432.5
44,752,0,369.8,386.0
44,752,0,284.5,423.5
44,752,0,396.5,433.5
44,752,0,393.0,420.2
44,752,0,286.0,418.0
44,752,0,390.0,419.5
44,752,0,257.0,461.0
44,752,0,421.8,452.2
44,752,0,271.0,417.0
44,752,1,63.9,496.0
44,752,0,378.5,393.5
44,752,0,281.5,434.0
44,752,0,258.0,471.5
44,753,0,102.2,640.0
44,753,0,404.8,446.5
44,753,1,243.1,505.0
44,753,0,389.0,420.0
44,753,0,442.5,510.5
44,753,0,394.5,420.0
44,753,0,396.0,436.0
44,753,0,484.2,569.0
44,753,0,389.0,420.0
44,753,0,396.0,435.5
44,753,0,269.8,417.5
44,753,0,395.5,429.8
44,753,0,403.8,428.0
44,753,0,379.5,399.0
44,753,0,370.0,387.5
44,753,0,421.5,471.5
44,753,0,378.2,396.5
44,753,0,403.8,411.5
44,753,0,198.5,576.0
44,753,1,432.0,493.0
44,754,0,440.0,519.5
44,754,0,90.1,640.0
44,754,0,264.5,422.0
44,754,0,389.5,417.0
44,754,0,401.0,452.0
44,754,0,482.0,581.0
44,754,0,401.0,451.8
44,754,1,283.5,417.5
44,754,0,401.5,452.5
44,754,1,380.5,413.8
44,754,0,438.2,508.0
44,754,1,237.0,503.5
44,754,0,250.4,479.0
44,754,0,278.5,420.5
44,754,0,364.8,388.5
44,754,1,417.5,484.5
44,754,0,418.5,483.5
44,754,0,373.8,397.2
44,754,0,562.0,639.0
44,754,0,391.0,434.0
44,754,1,297.8,389.0
44,754,1,619.0,468.5
44,755,0,82.5,640.0
44,755,0,439.8,520.0
44,755,0,186.8,590.0
44,755,0,248.2,483.2
44,755,0,398.0,432.2
44,755,0,389.0,423.8
44,755,0,482.5,584.0
44,755,0,277.2,421.2
44,755,0,6.2,619.0
44,755,0,262.8,421.0
44,755,0,389.5,440.2
44,755,0,362.5,387.0
44,755,0,275.0,431.0
44,755,0,373.5,398.5
44,755,0,400.0,451.5
44,755,1,296.0,387.0
44,755,1,235.5,507.0
44,755,1,620.0,474.5
44,755,1,428.8,501.5
44,755,0,248.9,483.2
44,755,0,399.0,446.0
44,755,0,278.5,418.5
44,755,1,379.5,414.2
44,755,1,280.8,415.0
44,755,1,46.0,491.5
44,755,0,273.5,439.0
44,755,1,30.1,492.2
44,755,0,438.5,507.0
44,756,0,439.5,520.0
44,756,0,568.0,639.0
44,756,0,246.0,481.0
44,756,0,75.9,640.0
44,756,0,482.5,568.5
44,756,0,397.5,436.5
44,756,0,388.5,427.8
44,756,0,184.0,596.0
44,756,0,261.2,426.0
44,756,0,362.0,388.0
44,756,1,233.5,520.0
44,756,0,372.5,399.0
44,756,0,261.5,442.5
44,756,1,428.5,501.8
44,756,0,247.1,483.0
44,756,0,247.0,480.5
44,756,0,261.5,462.5
44,756,1,389.2,438.5
44,756,0,245.2,462.0
44,756,0,438.0,505.5
44,756,0,399.2,450.5
44,756,0,390.0,440.2
44,756,0,275.8,418.5
44,756,1,294.0,389.5
44,757,0,440.0,522.0
44,757,0,69.0,640.0
44,757,0,245.6,483.5
44,757,0,483.0,582.5
44,757,0,570.5,638.5
44,757,0,181.8,592.0
44,757,0,397.2,440.5
44,757,0,260.8,427.8
44,757,0,388.5,432.0
44,757,0,361.8,389.0
44,757,1,231.5,513.5
44,757,0,372.0,399.0
44,757,0,399.0,451.5
44,757,1,389.0,439.0
44,757,0,390.0,440.0
44,757,0,276.0,422.0
44,757,1,428.5,500.5
44,757,0,261.0,440.0
44,757,0,246.5,487.0
44,757,0,415.0,468.2
44,758,0,440.5,526.5
44,758,0,485.0,593.0
44,758,0,244.8,492.5
44,758,0,260.0,432.0
44,758,0,397.8,439.5
44,758,0,398.0,424.8
44,758,0,389.0,435.0
44,758,0,61.1,639.0
44,758,0,389.5,444.2
44,758,0,398.5,451.0
44,758,1,230.5,537.5
44,758,0,362.5,393.5
44,758,0,400.0,457.5
44,758,0,178.5,603.0
44,758,0,372.5,402.0
44,758,0,361.5,391.8
44,758,0,438.5,511.5
44,758,1,428.2,498.5
44,758,0,417.8,491.0
44,758,0,417.0,491.8
44,759,0,440.5,533.5
44,759,0,398.5,461.2
44,759,0,174.2,606.0
44,759,0,382.2,431.2
44,759,0,242.1,492.0
44,759,0,360.5,397.5
44,759,1,376.0,424.0
44,759,0,257.6,441.0
44,759,0,486.0,602.0
44,759,0,52.4,639.5
44,759,0,397.0,450.5
44,759,0,582.0,639.0
44,759,0,389.0,450.0
44,759,0,370.5,407.5
44,759,0,387.5,441.0
44,759,0,269.2,453.5
44,759,0,389.0,450.0
44,759,1,388.2,450.2
44,759,0,382.0,432.0
44,759,1,292.5,399.2
44,759,0,269.0,453.5
44,759,0,388.0,450.5
44,759,1,428.8,509.5
44,759,1,277.0,429.5
44,759,0,366.2,400.5
44,759,0,257.0,465.8
44,759,1,227.5,520.0
44,759,0,399.0,461.2
44,759,0,382.5,431.5
44,760,0,42.1,640.0
44,760,0,171.9,603.0
44,760,0,257.4,445.0
44,760,0,491.0,598.0
44,760,0,398.5,439.5
44,760,0,398.5,463.0
44,760,0,241.5,503.0
44,760,0,388.5,441.2
44,760,0,418.8,511.0
44,760,0,419.5,509.5
44,760,0,400.2,473.8
44,760,0,269.2,458.5
44,760,0,443.5,550.0
44,760,0,371.8,417.0
44,760,0,363.2,406.5
44,760,1,206.1,67.4
44,760,1,277.2,436.0
44,760,0,389.0,459.5
44,760,0,361.0,403.5
44,760,0,419.5,509.0
44,760,1,292.5,408.8
44,760,1,430.5,525.5
44,760,0,389.8,461.0
44,760,0,270.5,455.5
44,760,1,227.5,532.5
44,760,0,40.8,640.0
44,760,1,377.0,427.5
44,761,0,37.1,639.0
44,761,0,171.6,617.0
44,761,0,258.6,447.0
44,761,0,402.5,479.0
44,761,0,401.5,476.0
44,761,0,392.5,467.2
44,761,0,242.8,510.5
44,761,1,278.0,445.5
44,761,0,363.0,411.0
44,761,0,402.5,479.5
44,761,1,379.5,439.2
44,761,1,228.2,536.5
44,761,0,373.5,421.8
44,761,0,390.0,430.0
44,761,1,378.5,438.5
44,761,0,498.0,636.0
44,761,0,362.0,409.5
44,761,0,392.5,468.8
44,761,0,421.2,516.0
44,761,0,446.2,539.5
44,761,0,401.0,438.0
44,761,0,172.5,573.5
44,762,0,495.2,632.5
44,762,0,388.0,471.0
44,762,0,444.0,562.5
44,762,0,236.0,521.0
44,762,0,397.5,481.2
44,762,0,398.5,483.5
44,762,0,252.8,452.2
44,762,1,374.5,438.5
44,762,0,398.0,482.5
44,762,0,268.8,447.5
44,762,1,429.0,539.5
44,762,0,236.8,521.0
44,762,0,281.5,427.8
44,762,1,273.0,441.5
44,762,0,365.8,423.0
44,762,1,220.5,551.5
44,762,0,385.5,423.0
44,762,0,364.5,422.5
44,762,0,418.2,520.5
44,762,0,396.5,469.0
44,763,0,387.5,476.5
44,763,0,398.0,487.5
44,763,0,267.5,456.0
44,763,1,430.0,542.0
44,763,0,235.0,517.5
44,763,0,251.2,497.5
44,763,0,417.8,523.0
44,763,1,374.5,438.5
44,763,1,374.8,439.0
44,763,0,252.2,463.0
44,763,1,9.7,520.5
44,763,0,563.0,469.5
44,763,0,252.1,484.2
44,763,0,398.5,487.8
44,763,0,397.0,481.5
44,763,0,497.5,639.0
44,763,0,362.0,423.5
44,763,0,387.5,477.2
44,763,0,266.5,455.0
44,763,0,444.0,558.5
44,763,0,281.5,431.5
44,764,0,234.0,526.0
44,764,0,387.5,477.5
44,764,0,250.2,498.5
44,764,1,375.0,445.0
44,764,1,430.2,550.0
44,764,0,251.4,485.5
44,764,0,397.5,484.5
44,764,0,398.2,488.0
44,764,0,387.5,476.5
44,764,0,566.5,473.5
44,764,1,219.0,561.0
44,764,0,397.0,471.5
44,764,0,364.0,424.0
44,764,0,621.0,640.0
44,764,1,6.2,529.0
44,764,0,398.5,488.5
44,764,0,365.8,427.0
44,764,0,251.2,464.0
44,764,0,499.5,635.0
44,764,0,386.0,435.0
44,765,0,231.5,522.0
44,765,0,386.0,477.5
44,765,0,395.8,482.5
44,765,0,366.2,430.5
44,765,1,215.5,567.0
44,765,1,430.0,550.0
44,765,0,248.2,453.0
44,765,0,572.5,478.0
44,765,0,377.5,455.2
44,765,0,397.2,488.2
44,765,0,260.5,474.5
44,765,0,366.5,431.5
44,765,0,386.2,477.5
44,765,0,417.5,527.0
44,765,0,397.0,488.0
44,765,1,115.2,208.5
44,765,0,445.0,574.0
44,765,1,373.0,442.5
44,765,1,285.5,416.8
44,765,1,269.0,452.8
44,765,0,262.0,471.2
44,766,0,231.2,526.0
44,766,0,247.8,488.2
44,766,0,229.9,521.5
44,766,0,366.0,430.0
44,766,1,269.0,447.0
44,766,0,396.8,482.5
44,766,1,213.2,557.5
44,766,0,386.5,476.0
44,766,0,627.5,465.5
44,766,1,213.9,553.0
44,766,1,431.0,560.0
44,766,0,377.5,454.5
44,766,0,247.0,495.5
44,766,0,635.5,636.5
44,766,0,599.5,471.2
44,766,0,397.5,487.0
44,766,0,260.0,474.5
44,766,0,418.0,525.0
44,766,1,286.0,415.8
44,766,0,398.0,487.5
44,766,0,355.5,416.5
44,767,0,398.0,489.5
44,767,0,450.5,587.5
44,767,0,229.6,528.0
44,767,0,399.0,491.5
44,767,1,269.0,451.2
44,767,0,141.9,639.0
44,767,1,211.8,565.0
44,767,1,434.5,558.0
44,767,1,212.2,554.0
44,767,0,258.5,478.2
44,767,0,509.5,638.0
44,767,0,366.5,430.2
44,767,0,397.5,484.0
44,767,0,366.5,426.2
44,767,0,247.0,488.5
44,767,0,387.0,479.0
44,767,0,246.6,458.5
44,767,0,377.5,456.5
44,767,1,373.5,449.0
44,767,0,228.0,522.0
44,767,0,259.5,478.5
44,767,1,375.0,451.5
44,767,0,419.8,534.5
44,767,1,286.0,416.2
44,767,1,208.9,566.5
44,768,0,450.2,588.5
44,768,0,226.0,524.0
44,768,1,205.0,571.0
44,768,1,207.2,568.5
44,768,0,136.0,639.0
44,768,0,397.0,489.5
44,768,0,365.8,431.8
44,768,0,244.6,458.8
44,768,0,385.8,479.2
44,768,0,260.0,468.0
44,768,0,261.0,454.0
44,768,1,267.8,449.5
44,768,1,283.8,417.0
44,768,0,354.5,418.0
44,768,0,257.0,475.8
44,768,0,397.5,492.5
44,768,1,433.5,553.0
44,768,0,596.0,489.0
44,768,1,198.2,568.0
44,768,0,256.8,476.5
44,768,0,262.0,451.0
44,769,0,452.2,593.0
44,769,1,197.6,562.0
44,769,0,129.5,638.5
44,769,0,397.5,489.8
44,769,0,365.8,432.0
44,769,0,259.2,457.5
44,769,1,202.5,568.5
44,769,1,188.5,562.0
44,769,0,260.0,450.8
44,769,1,205.0,566.0
44,769,0,224.2,526.0
44,769,0,398.0,495.0
44,769,0,365.5,426.5
44,769,0,243.0,493.5
44,769,1,435.5,563.5
44,769,0,354.2,418.5
44,769,0,420.0,531.0
44,769,0,385.8,481.2
44,769,0,257.0,473.0
44,769,0,377.2,459.2
44,769,1,267.0,448.5
44,770,0,452.5,590.0
44,770,0,257.8,452.0
44,770,0,396.5,491.0
44,770,0,365.0,433.5
44,770,0,376.0,460.0
44,770,0,385.2,483.0
44,770,1,203.0,553.5
44,770,1,435.5,563.5
44,770,0,240.5,465.5
44,770,0,221.0,530.5
44,770,1,282.0,420.5
44,770,0,420.0,536.5
44,770,0,123.4,638.0
44,770,0,354.5,420.5
44,770,1,264.2,450.0
44,770,1,198.8,571.0
44,770,1,371.5,447.5
44,770,0,383.5,459.2
44,770,0,395.8,482.2
44,771,0,118.8,640.0
44,771,0,218.0,544.0
44,771,0,452.0,600.0
44,771,0,395.0,497.2
44,771,0,362.5,436.5
44,771,0,28.6,639.5
44,771,0,381.8,454.0
44,771,1,434.5,573.0
44,771,1,262.5,457.0
44,771,1,199.8,572.5
44,771,1,280.0,420.5
44,771,0,253.5,479.5
44,771,0,362.5,435.5
44,771,0,255.2,467.2
44,771,1,370.8,452.0
44,771,1,369.5,455.5
44,771,0,394.0,491.5
44,771,0,254.6,473.8
44,771,0,373.5,460.0
44,771,0,238.2,505.0
44,771,0,418.5,539.0
44,771,0,238.4,471.0
44,771,0,374.0,460.0
44,771,0,252.5,485.2
44,771,0,187.2,606.0
44,771,1,372.0,451.0
44,771,0,384.5,484.5
44,771,0,381.5,442.2
44,772,0,214.5,546.0
44,772,0,110.6,638.5
44,772,0,393.0,501.2
44,772,0,450.8,605.0
44,772,1,432.0,574.0
44,772,0,212.5,541.5
44,772,0,181.2,610.0
44,772,0,235.0,507.5
44,772,0,252.4,464.0
44,772,1,195.8,568.0
44,772,0,382.0,486.5
44,772,0,372.5,463.5
44,772,0,183.2,593.5
44,772,0,361.0,434.5
44,772,0,380.0,470.5
44,772,1,276.5,423.2
44,772,0,355.5,431.0
44,772,0,253.1,458.0
44,772,0,394.2,501.0
44,772,0,378.0,463.2
44,773,0,104.6,640.0
44,773,0,213.5,548.0
44,773,0,453.0,606.5
44,773,0,234.8,510.0
44,773,0,252.8,468.0
44,773,0,394.2,496.5
44,773,0,179.5,613.5
44,773,0,362.2,433.8
44,773,0,381.0,463.0
44,773,0,361.8,436.5
44,773,1,435.5,574.0
44,773,0,235.0,489.5
44,773,1,368.5,458.0
44,773,0,4.6,640.0
44,773,1,261.0,457.0
44,773,1,195.0,573.0
44,773,0,251.5,481.8
44,773,0,383.0,487.0
44,773,0,418.0,546.0
44,773,0,269.5,438.2
44,773,0,250.0,484.5
44,773,0,181.5,590.0
44,773,0,395.2,500.5
44,774,0,101.6,637.0
44,774,0,233.5,516.0
44,774,0,213.1,558.0
44,774,0,454.5,615.0
44,774,0,361.5,437.8
44,774,0,394.5,502.5
44,774,0,252.0,469.5
44,774,0,373.5,468.0
44,774,1,437.0,597.0
44,774,0,251.2,480.0
44,774,0,393.5,494.5
44,774,1,276.5,427.5
44,774,1,259.0,460.5
44,774,0,381.0,469.5
44,774,1,368.2,463.0
44,774,0,249.8,488.0
44,774,1,305.5,393.8
44,775,0,455.0,616.0
44,775,0,210.8,551.5
44,775,0,394.5,503.5
44,775,0,250.4,469.2
44,775,0,361.0,440.5
44,775,0,232.1,519.5
44,775,0,361.2,443.0
44,775,0,373.5,470.0
44,775,1,258.9,467.5
44,775,0,251.0,477.2
44,775,1,435.5,589.0
44,775,0,380.8,470.0
44,775,0,46.1,640.0
44,775,1,276.5,428.5
44,775,0,363.0,445.2
44,775,0,355.5,436.0
44,776,0,458.2,623.0
44,776,1,437.8,588.0
44,776,0,232.0,527.5
44,776,0,89.2,640.0
44,776,0,361.5,444.0
44,776,0,420.0,556.5
44,776,0,395.5,509.0
44,776,0,457.8,596.0
44,776,0,250.8,472.5
44,776,0,210.4,556.0
44,776,0,361.5,441.5
44,776,0,382.2,471.0
44,776,1,188.2,551.5
44,776,0,384.5,495.0
44,776,0,25.3,640.0
44,776,0,384.2,496.0
44,776,1,259.2,464.0
44,776,1,277.0,430.2
44,777,0,79.0,640.0
44,777,0,458.0,634.5
44,777,1,437.0,595.0
44,777,0,393.5,515.5
44,777,0,358.2,441.5
44,777,0,357.8,443.2
44,777,1,183.0,567.5
44,777,0,265.2,445.2
44,777,0,247.2,476.0
44,777,0,228.0,493.5
44,777,0,347.5,432.5
44,777,0,204.8,565.5
44,777,0,380.5,482.5
44,777,0,228.2,529.0
44,777,0,228.5,478.5
44,777,0,382.0,499.8
44,777,0,371.5,474.5
44,777,0,248.5,476.5
44,778,0,459.8,634.0
44,778,1,438.0,598.5
44,778,0,202.2,560.0
44,778,0,358.5,443.5
44,778,0,393.5,515.0
44,778,0,346.0,427.0
44,778,0,71.8,639.0
44,778,1,253.1,468.0
44,778,0,264.0,439.0
44,778,0,379.5,477.0
44,778,0,246.2,465.5
44,778,0,226.2,474.0
44,778,0,459.2,597.0
44,778,0,379.0,465.0
44,778,1,181.8,566.0
44,778,0,360.0,443.8
44,778,0,264.0,445.0
44,779,0,462.0,634.0
44,779,0,65.6,639.5
44,779,0,394.5,517.5
44,779,0,245.9,463.0
44,779,0,263.8,437.0
44,779,1,439.5,602.0
44,779,0,201.8,549.0
44,779,0,461.5,600.5
44,779,0,358.8,440.8
44,779,0,358.8,438.0
44,779,1,180.2,614.5
44,779,0,420.0,564.5
44,779,0,346.5,424.5
44,779,0,379.5,458.2
44,779,1,253.2,465.0
44,779,0,380.0,469.5
44,779,0,23.2,640.0
44,779,1,180.8,554.0
44,779,0,226.0,471.5
44,779,0,358.8,444.0
44,779,1,191.2,86.0
44,779,0,7.9,639.5
44,780,0,49.7,640.0
44,780,1,176.9,600.5
44,780,0,360.5,440.5
44,780,0,468.2,636.0
44,780,0,264.5,436.0
44,780,0,245.9,462.5
44,780,0,199.8,564.5
44,780,0,423.0,563.5
44,780,0,396.8,513.0
44,780,0,354.0,438.0
44,780,0,382.0,459.2
44,780,0,372.8,471.0
44,780,0,354.2,434.0
44,780,1,252.9,465.5
44,780,1,302.5,392.0
44,781,0,199.0,568.5
44,781,1,174.8,611.5
44,781,0,468.0,632.5
44,781,0,222.5,526.0
44,781,0,358.8,435.5
44,781,0,358.8,439.0
44,781,0,244.0,467.5
44,781,0,155.2,637.0
44,781,0,46.3,639.5
44,781,0,423.0,566.5
44,781,1,252.1,464.0
44,781,0,380.8,469.5
44,781,0,346.5,422.5
44,781,0,396.0,516.5
44,781,0,372.2,471.2
44,781,0,359.0,442.5
44,782,0,50.2,640.0
44,782,0,470.0,637.5
44,782,0,242.5,463.5
44,782,1,171.6,583.0
44,782,0,262.5,440.0
44,782,0,423.5,568.5
44,782,0,358.5,436.2
44,782,0,358.8,439.5
44,782,0,381.0,463.2
44,782,0,396.5,516.0
44,782,0,346.0,421.5
44,782,1,251.5,461.5
44,782,0,262.0,442.0
44,783,0,471.8,636.0
44,783,1,249.8,464.8
44,783,0,423.5,571.0
44,783,0,358.5,439.5
44,783,0,241.5,461.8
44,783,1,168.0,607.0
44,783,0,380.5,461.8
44,783,0,219.8,527.5
44,783,0,261.0,442.0
44,783,0,396.5,516.5
44,783,1,270.5,421.0
44,783,0,358.5,441.0
44,784,0,475.5,638.5
44,784,0,426.2,575.0
44,784,0,242.0,464.5
44,784,0,220.0,531.0
44,784,1,448.5,605.0
44,784,1,251.5,462.5
44,784,0,398.0,508.0
44,784,0,360.0,439.8
44,784,0,354.5,437.5
44,784,0,262.2,437.5
44,784,0,358.0,435.0
44,784,0,384.2,500.0
44,784,0,384.8,500.0
44,784,0,398.5,515.0
44,784,1,167.8,615.0
44,784,0,382.0,448.5
44,784,0,373.2,472.0
44,785,0,476.0,640.0
44,785,0,218.2,530.0
44,785,0,425.8,577.0
44,785,1,164.2,607.5
44,785,1,248.8,469.0
44,785,0,346.0,427.5
44,785,0,358.5,440.5
44,785,1,270.0,427.5
44,785,0,397.8,521.0
44,785,0,381.5,473.8
44,785,0,241.4,466.5
44,785,0,261.0,446.5
44,785,0,261.0,443.5
44,785,0,358.5,444.5
44,785,1,449.0,604.0
44,785,0,190.4,573.0
44,785,1,367.0,470.0
44,785,0,372.2,475.5
44,786,0,476.5,639.0
44,786,0,47.5,639.5
44,786,0,426.0,576.0
44,786,0,346.0,425.0
44,786,0,358.5,438.0
44,786,0,239.2,482.0
44,786,0,358.5,436.0
44,786,0,260.5,442.0
44,786,0,398.0,520.5
44,786,1,270.0,425.0
44,786,1,163.4,569.5
44,786,0,381.5,474.5
44,786,1,248.2,465.8
44,786,0,623.5,497.5
44,786,0,358.8,443.0
44,786,0,397.2,512.5
44,786,1,366.2,459.0
44,786,0,188.2,576.5
44,786,0,261.0,437.5
44,787,0,479.2,640.0
44,787,1,452.5,616.5
44,787,0,187.2,574.5
44,787,0,44.4,639.0
44,787,1,270.0,420.8
44,787,0,427.5,576.0
44,787,0,239.0,475.8
44,787,0,238.1,497.5
44,787,0,358.5,433.0
44,787,0,382.0,444.0
44,787,0,215.8,531.5
44,787,0,6.9,298.0
44,787,1,366.5,457.0
44,787,1,126.2,219.2
44,787,0,260.8,437.0
44,787,0,235.8,501.5
44,787,0,398.5,499.5
44,787,0,372.5,470.5
44,787,1,248.2,461.5
44,788,1,455.0,622.0
44,788,0,484.0,640.0
44,788,0,214.5,532.5
44,788,1,269.5,419.8
44,788,0,238.2,475.5
44,788,0,399.0,498.5
44,788,0,429.5,578.0
44,788,0,373.0,471.0
44,788,0,358.5,433.5
44,788,0,385.0,499.5
44,788,1,125.5,436.0
44,788,0,185.0,581.0
44,788,0,382.5,452.0
44,788,0,358.5,437.0
44,788,0,237.0,489.5
44,788,1,366.2,455.0
44,788,0,385.0,499.0
44,788,0,384.2,499.2
44,788,0,432.0,579.5
44,788,0,399.5,514.5
44,788,1,268.5,422.0
44,789,0,483.0,640.0
44,789,1,454.5,623.0
44,789,0,233.4,503.0
44,789,0,358.0,436.0
44,789,0,212.2,531.0
44,789,0,235.2,486.5
44,789,0,427.5,579.0
44,789,0,381.0,451.5
44,789,1,268.0,420.5
44,789,1,365.5,450.0
44,789,1,152.8,541.0
44,789,0,397.5,466.5
44,789,1,246.9,465.5
44,789,0,357.8,430.5
44,789,0,372.0,469.0
44,789,0,182.8,584.0
44,789,0,257.8,435.5
44,789,0,397.8,503.0
44,790,1,456.0,632.5
44,790,0,486.8,639.5
44,790,0,233.8,507.8
44,790,0,236.2,475.0
44,790,0,235.4,496.8
44,790,1,268.5,422.0
44,790,0,382.2,445.8
44,790,1,366.2,456.0
44,790,0,358.8,436.0
44,790,0,372.8,470.5
44,790,1,246.9,468.0
44,790,1,150.2,639.0
44,790,0,358.5,433.5
44,790,0,385.0,501.0
44,790,0,382.5,458.2
44,790,0,212.0,535.5
44,791,1,458.2,638.0
44,791,1,147.9,640.0
44,791,0,232.9,511.2
44,791,1,268.0,426.5
44,791,0,359.0,440.8
44,791,0,358.8,437.5
44,791,0,373.0,474.2
44,791,1,246.8,469.0
44,791,0,385.5,503.5
44,791,0,358.8,443.0
44,791,0,210.5,542.0
44,791,0,234.5,489.0
44,791,0,384.2,501.0
44,791,0,257.9,438.0
44,792,1,459.5,638.0
44,792,1,144.8,637.0
44,792,0,358.5,443.0
44,792,0,232.5,484.0
44,792,0,209.1,536.5
44,792,0,231.5,512.0
44,792,0,358.2,435.5
44,792,1,604.5,454.0
44,792,1,267.0,428.0
44,792,0,372.8,475.0
44,792,0,358.5,444.0
44,792,0,384.2,501.5
44,792,0,382.2,463.0
44,792,0,233.2,467.0
44,792,0,209.2,521.0
44,792,0,385.0,505.0
44,792,1,366.2,460.8
44,792,1,365.5,458.5
44,793,1,462.8,638.0
44,793,1,142.5,638.0
44,793,0,495.2,639.0
44,793,0,208.8,540.5
44,793,0,374.0,476.5
44,793,0,232.8,493.0
44,793,0,435.0,590.5
44,793,1,268.0,426.0
44,793,1,367.0,456.8
44,793,0,233.2,477.5
44,793,0,231.8,511.0
44,793,0,359.0,436.8
44,793,1,142.5,526.0
44,793,1,245.8,472.0
44,793,0,359.0,439.5
44,793,0,402.2,535.5
44,793,0,386.5,506.5
44,793,0,208.9,528.0
44,793,0,111.9,605.0
44,793,0,386.2,506.0
44,794,1,465.5,639.0
44,794,1,141.8,638.0
44,794,0,405.0,531.5
44,794,0,208.8,550.0
44,794,0,360.8,442.0
44,794,0,361.0,441.5
44,794,0,499.5,639.0
44,794,1,269.0,423.8
44,794,0,233.6,493.5
44,794,0,436.5,597.0
44,794,0,232.6,513.5
44,794,1,246.4,475.5
44,794,1,369.0,468.5
44,794,0,209.4,522.5
44,794,0,388.0,509.0
44,794,0,375.5,475.0
44,794,1,370.5,466.0
44,794,0,403.5,526.5
44,794,0,388.0,509.5
44,794,0,234.0,482.0
44,794,0,375.0,474.0
44,795,1,465.5,639.0
44,795,0,500.0,640.0
44,795,0,374.0,476.5
44,795,0,205.0,549.5
44,795,0,374.0,477.0
44,795,0,436.0,596.5
44,795,0,358.8,441.0
44,795,0,230.0,512.0
44,795,1,135.5,570.0
44,795,1,243.2,468.8
44,795,0,358.5,437.0
44,795,0,359.0,443.5
44,795,0,403.0,531.0
44,795,1,367.0,459.2
44,795,0,170.6,604.5
44,795,1,135.2,640.0
44,795,0,386.5,508.0
44,795,0,358.5,442.8
44,796,1,467.5,639.0
44,796,0,403.8,533.0
44,796,0,229.5,497.0
44,796,1,367.0,455.0
44,796,0,437.0,595.5
44,796,0,502.5,639.0
44,796,0,204.5,502.8
44,796,0,374.0,475.5
44,796,0,358.8,442.0
44,796,1,180.0,75.9
44,796,0,204.4,548.5
44,796,0,169.0,612.0
44,796,1,243.5,467.5
44,796,1,266.0,423.5
44,796,0,358.8,438.5
44,796,1,133.2,573.5
44,796,0,386.8,507.0
44,797,0,405.0,530.5
44,797,0,203.2,543.0
44,797,0,439.0,596.0
44,797,1,470.2,640.0
44,797,1,367.0,451.5
44,797,0,506.5,640.0
44,797,0,229.2,495.5
44,797,0,359.0,435.5
44,797,0,359.0,437.0
44,797,0,358.8,433.5
44,797,1,265.8,422.2
44,797,1,242.0,471.8
44,798,0,404.8,530.5
44,798,0,509.0,640.0
44,798,0,439.5,596.0
44,798,0,201.0,543.5
44,798,0,358.5,433.8
44,798,1,470.5,638.5
44,798,1,366.2,452.5
44,798,1,123.4,513.0
44,798,0,358.5,438.5
44,798,0,228.5,480.5
44,798,0,373.0,471.5
44,798,1,265.0,422.0
44,798,0,358.0,428.2
44,798,0,383.5,459.5
44,798,0,386.5,504.5
44,798,1,366.8,456.5
44,798,0,349.8,420.0
44,798,1,125.8,640.0
44,799,0,405.5,530.5
44,799,0,200.2,546.5
44,799,0,511.0,639.0
44,799,1,471.5,638.5
44,799,0,440.2,598.0
44,799,0,228.1,467.5
44,799,0,374.0,471.8
44,799,0,358.8,433.5
44,799,1,265.5,421.0
44,799,0,358.8,431.0
44,799,1,123.1,551.5
44,799,1,366.5,451.0
44,799,0,374.2,472.0
44,799,0,387.0,505.5
44,799,0,358.5,435.8
44,799,0,344.5,419.0
44,799,0,254.0,433.0
44,800,0,407.5,537.5
44,800,0,443.2,601.0
44,800,1,478.8,440.0
44,800,0,199.8,544.5
44,800,0,519.9,639.0
44,800,1,265.5,417.5
44,800,1,367.5,457.0
44,800,1,477.0,639.0
44,800,1,496.5,439.8
44,800,0,228.5,469.0
44,800,1,119.5,640.0
44,800,0,359.0,430.8
44,800,0,359.2,434.8
44,800,0,374.5,471.0
44,800,0,388.0,507.8
44,800,1,119.8,559.5
44,800,0,388.5,508.0
44,800,0,254.2,440.0
44,801,1,116.2,638.0
44,801,0,406.8,539.5
44,801,0,521.0,639.0
44,801,0,442.8,602.0
44,801,0,358.2,437.5
44,801,1,496.0,434.5
44,801,1,480.0,441.0
44,801,1,477.0,640.0
44,801,0,225.0,480.5
44,801,1,263.5,418.5
44,801,0,358.2,434.5
44,801,1,366.5,452.5
44,801,1,367.0,456.5
44,801,0,252.8,438.2
44,801,0,196.5,489.5
44,801,0,386.2,511.0
44,801,0,373.5,473.5
44,802,0,408.0,542.5
44,802,1,114.8,639.5
44,802,0,445.0,615.0
44,802,0,524.0,639.5
44,802,1,264.5,417.5
44,802,0,225.1,480.5
44,802,1,367.0,450.5
44,802,0,388.2,511.0
44,802,0,358.8,432.5
44,802,0,358.5,430.5
44,802,0,359.0,436.2
44,802,0,196.1,489.2
44,802,1,115.8,640.0
44,802,0,374.5,474.0
44,802,0,349.5,419.2
44,803,0,526.0,640.0
44,803,1,110.6,638.0
44,803,0,407.0,543.0
44,803,0,357.8,441.0
44,803,1,262.8,418.5
44,803,0,445.0,614.0
44,803,0,349.8,427.0
44,803,0,373.2,477.0
44,803,0,223.2,478.0
44,803,0,224.0,468.0
44,803,0,349.0,425.0
44,803,1,366.5,461.5
44,803,1,481.0,640.0
44,803,0,220.0,514.5
44,803,0,357.5,435.8
44,803,0,194.9,534.5
44,803,1,236.9,468.0
44,803,0,222.8,499.5
44,803,0,350.5,431.0
44,803,0,387.5,512.5
44,803,1,366.5,458.5
44,803,0,343.2,419.0
44,803,1,480.0,442.5
44,803,0,358.0,439.5
44,803,1,109.8,535.0
44,804,0,530.0,640.0
44,804,1,111.0,639.0
44,804,1,483.5,640.0
44,804,0,409.2,545.0
44,804,0,223.8,479.5
44,804,1,367.5,456.0
44,804,1,264.0,419.2
44,804,0,358.8,435.5
44,804,0,388.5,513.5
44,804,0,359.0,439.5
44,804,1,263.0,417.2
44,804,0,348.5,421.5
44,804,1,237.0,471.0
44,804,0,195.5,493.0
44,804,0,252.5,439.0
44,804,0,225.5,486.0
44,804,0,358.2,430.5
44,804,1,109.8,535.0
44,804,0,349.5,420.0
44,805,0,534.0,640.0
44,805,1,107.5,639.0
44,805,0,408.8,550.5
44,805,0,193.5,492.5
44,805,1,484.5,640.0
44,805,0,358.8,439.0
44,805,0,358.5,432.8
44,805,0,220.2,516.5
44,805,1,367.5,457.5
44,805,1,236.8,470.5
44,805,1,263.5,420.2
44,805,0,222.2,506.2
44,805,0,225.0,479.5
44,805,0,388.8,517.5
44,805,0,358.8,444.0
44,805,0,374.5,478.0
44,805,0,349.8,423.5
44,805,0,228.1,481.0
44,805,0,388.2,518.0
44,806,0,532.5,640.0
44,806,1,483.2,640.0
44,806,0,407.5,549.5
44,806,0,357.0,445.2
44,806,1,261.5,421.8
44,806,1,103.4,635.0
44,806,0,348.8,434.8
44,806,0,348.5,434.5
44,806,0,249.5,442.5
44,806,0,191.0,515.0
44,806,0,446.5,616.0
44,806,1,366.0,468.8
44,806,0,218.8,519.5
44,806,0,249.8,436.5
44,806,0,386.0,511.5
44,806,1,373.0,479.5
44,806,0,220.5,507.0
44,806,0,347.5,432.5
44,806,1,366.0,465.0
44,806,0,387.0,518.0
44,806,1,234.2,475.0
44,806,0,349.5,436.8
44,806,1,236.2,472.5
44,807,0,410.0,554.0
44,807,0,375.2,481.0
44,807,0,192.0,495.0
44,807,0,220.8,514.5
44,807,0,450.2,630.0
44,807,1,263.8,422.5
44,807,0,374.5,479.5
44,807,0,359.0,442.8
44,807,0,358.8,438.0
44,807,1,368.0,466.8
44,807,1,263.5,423.0
44,807,0,348.0,423.0
44,807,1,236.9,477.5
44,807,0,595.0,522.0
44,807,0,388.5,517.5
44,807,0,358.5,434.5
44,807,1,487.8,640.0
44,807,0,344.8,421.0
44,807,1,103.1,636.5
44,807,0,222.0,495.5
44,807,0,251.6,444.2
44,807,0,349.5,421.5
44,808,0,409.5,552.0
44,808,0,358.0,443.0
44,808,0,450.0,631.0
44,808,0,189.0,500.5
44,808,1,262.0,424.0
44,808,0,357.5,435.8
44,808,1,366.0,464.5
44,808,0,349.5,430.2
44,808,0,343.5,422.5
44,808,0,249.8,442.5
44,808,0,350.5,433.0
44,808,1,97.9,541.0
44,808,1,235.0,478.5
44,808,0,220.5,490.5
44,808,0,374.2,480.5
44,808,0,348.5,425.5
44,808,0,389.0,520.5
44,808,0,220.0,509.5
44,809,0,411.5,554.0
44,809,1,491.0,639.5
44,809,0,452.5,615.5
44,809,0,376.5,483.2
44,809,1,263.5,424.8
44,809,1,369.0,475.0
44,809,0,221.2,507.5
44,809,0,389.0,494.5
44,809,0,190.5,505.2
44,809,0,360.0,444.8
44,809,0,251.5,446.5
44,809,1,176.5,75.9
44,809,1,236.0,476.0
44,809,1,235.9,480.0
44,809,0,359.0,441.2
44,809,0,376.0,483.0
44,809,1,97.2,539.5
44,809,0,359.5,443.0
44,810,0,412.0,556.0
44,810,1,492.5,639.5
44,810,1,263.5,425.0
44,810,0,453.5,636.0
44,810,0,376.5,482.0
44,810,0,143.4,638.0
44,810,1,369.0,476.0
44,810,0,220.5,510.5
44,810,0,389.2,521.0
44,810,0,360.2,442.5
44,810,0,189.1,505.5
44,810,0,359.8,440.5
44,810,0,376.2,483.0
44,810,1,492.0,455.5
44,810,0,359.0,436.0
44,810,1,235.5,480.2
44,810,1,92.9,518.0
44,810,0,219.5,524.5
44,810,0,359.0,438.2
44,811,1,494.2,640.0
44,811,0,412.0,556.0
44,811,0,187.0,573.5
44,811,0,376.2,481.5
44,811,1,262.0,424.8
44,811,0,453.8,636.0
44,811,1,368.8,475.5
44,811,0,217.5,528.5
44,811,0,250.0,447.8
44,811,0,359.0,439.0
44,811,0,359.5,443.0
44,811,0,359.0,441.2
44,811,0,219.2,480.0
44,811,0,348.5,422.5
44,811,0,358.5,435.5
44,811,0,375.0,480.0
44,811,0,28.7,639.0
44,811,0,344.5,421.0
44,811,0,349.5,421.2
44,812,1,494.0,640.0
44,812,0,411.0,556.0
44,812,1,85.5,638.0
44,812,0,358.0,444.0
44,812,1,231.8,481.5
44,812,0,453.0,634.0
44,812,1,261.0,424.0
44,812,0,389.0,518.5
44,812,0,350.0,431.0
44,812,0,185.5,498.8
44,812,1,366.5,464.0
44,812,0,248.5,439.5
44,812,0,374.2,479.0
44,812,0,357.8,436.2
44,812,0,217.5,479.0
44,812,1,175.0,69.5
44,812,0,348.8,427.0
44,812,0,350.5,433.0
44,812,0,343.5,422.5
44,812,0,357.8,442.8
44,812,0,216.9,509.8
44,812,0,184.8,576.0
44,812,0,21.0,639.0
44,812,0,389.8,518.5
44,813,1,498.0,640.0
44,813,0,412.0,554.5
44,813,1,82.8,637.0
44,813,0,455.8,633.0
44,813,0,375.5,482.5
44,813,1,261.2,425.0
44,813,0,389.5,519.5
44,813,0,358.8,440.0
44,813,1,367.0,471.0
44,813,0,184.5,576.0
44,813,0,358.5,434.5
44,813,0,248.8,446.0
44,813,1,232.0,480.0
44,813,0,217.5,476.5
44,813,1,84.4,640.0
44,813,0,554.0,640.0
44,813,0,374.5,481.0
44,813,1,495.5,455.5
44,813,0,185.2,524.0
44,814,1,82.1,637.0
44,814,0,413.5,558.5
44,814,0,184.8,576.5
44,814,0,457.0,629.0
44,814,0,376.5,484.5
44,814,1,500.0,639.5
44,814,1,369.0,475.0
44,814,1,261.5,423.0
44,814,0,389.2,485.0
44,814,1,233.0,484.0
44,814,0,359.0,438.5
44,814,0,558.0,640.0
44,814,0,376.0,483.2
44,814,0,249.5,443.5
44,814,1,83.5,640.0
44,814,0,359.0,440.5
44,814,0,359.5,443.5
44,814,0,218.0,485.5
44,814,0,349.2,423.2
44,814,0,217.9,511.2
44,815,1,74.0,639.0
44,815,0,411.5,563.5
44,815,0,180.8,582.0
44,815,1,499.2,639.5
44,815,0,357.0,448.0
44,815,1,230.4,483.0
44,815,0,373.8,489.0
44,815,0,349.0,438.2
44,815,0,246.0,451.0
44,815,0,456.0,635.0
44,815,0,348.5,437.5
44,815,0,374.0,488.0
44,815,1,258.0,426.0
44,815,0,372.5,470.0
44,815,0,373.5,487.5
44,815,0,558.0,639.5
44,815,0,388.2,526.5
44,815,0,213.8,496.5
44,815,1,365.8,469.0
44,816,1,77.5,638.5
44,816,1,373.0,478.0
44,816,0,362.2,447.0
44,816,1,509.5,639.0
44,816,0,362.0,444.2
44,816,0,464.0,639.0
44,816,1,264.0,428.8
44,816,0,418.0,566.0
44,816,0,361.5,441.0
44,816,0,186.1,511.0
44,816,0,135.8,635.5
44,816,0,393.0,489.5
44,816,0,185.6,583.5
44,816,1,75.2,504.5
44,816,1,173.5,72.9
44,816,0,380.0,486.8
44,816,0,251.5,440.5
44,817,1,77.6,639.0
44,817,1,373.5,472.5
44,817,0,420.2,565.5
44,817,0,465.5,634.0
44,817,0,364.8,447.0
44,817,0,381.8,486.5
44,817,0,253.0,453.0
44,817,0,186.5,583.0
44,817,0,364.5,445.0
44,817,0,382.0,486.2
44,817,1,374.0,472.0
44,817,1,265.5,425.8
44,817,0,220.8,496.5
44,817,0,135.6,638.5
44,817,1,76.1,514.5
44,817,0,187.1,511.5
44,817,1,237.5,483.5
44,817,0,397.8,525.5
44,817,0,380.8,475.5
44,817,1,78.6,640.0
44,817,0,354.0,423.0
44,818,1,232.2,486.0
44,818,1,261.5,423.8
44,818,0,181.2,582.0
44,818,0,360.5,443.0
44,818,0,464.0,637.5
44,818,0,214.9,474.8
44,818,0,359.8,442.2
44,818,1,510.0,639.0
44,818,0,248.8,441.0
44,818,0,377.2,477.0
44,818,0,393.2,523.0
44,818,1,370.0,471.5
44,818,1,66.8,552.0
44,818,0,391.0,465.0
44,818,1,345.0,420.0
44,818,0,390.5,452.5
44,818,0,227.0,483.0
44,819,0,421.0,565.0
44,819,1,373.5,467.5
44,819,0,364.8,442.5
44,819,0,468.0,638.5
44,819,0,183.8,581.5
44,819,0,381.5,483.0
44,819,1,265.0,426.0
44,819,1,517.0,640.0
44,819,0,218.5,474.5
44,819,0,356.2,432.0
44,819,0,364.0,440.0
44,819,0,355.0,430.5
44,819,0,252.4,447.0
44,819,1,514.0,457.5
44,819,1,237.8,478.0
44,819,0,395.5,473.0
44,819,0,382.0,482.5
44,819,0,395.0,450.5
44,819,0,356.8,433.0
44,820,0,362.5,442.5
44,820,0,467.5,638.5
44,820,0,419.8,558.5
44,820,1,373.0,473.0
44,820,1,263.8,422.0
44,820,1,516.5,640.0
44,820,0,216.8,476.2
44,820,1,513.5,458.0
44,820,0,181.2,582.0
44,820,0,394.5,521.0
44,820,1,233.8,482.5
44,820,0,363.0,439.2
44,820,0,362.5,435.8
44,820,1,64.6,640.0
44,820,0,380.8,481.5
44,820,1,177.0,66.2
44,820,1,62.0,524.5
44,821,0,423.0,564.5
44,821,1,374.0,467.0
44,821,0,470.5,634.0
44,821,0,365.0,444.0
44,821,0,182.0,587.5
44,821,1,521.5,640.0
44,821,1,265.0,424.0
44,821,0,382.8,483.2
44,821,1,238.0,479.5
44,821,0,357.0,433.2
44,821,0,252.2,447.0
44,821,0,355.5,426.2
44,821,0,218.0,481.8
44,821,1,59.6,495.5
44,821,1,62.5,640.0
44,821,0,357.5,433.5
44,821,0,382.8,483.2
44,821,1,374.0,471.5
44,821,1,374.0,466.0
44,822,1,56.0,640.0
44,822,1,373.5,471.2
44,822,1,525.0,639.0
44,822,0,423.5,567.5
44,822,0,365.0,446.5
44,822,0,472.0,636.0
44,822,1,264.5,423.5
44,822,0,180.5,589.0
44,822,0,364.0,445.5
44,822,1,234.2,483.5
44,822,0,216.2,477.0
44,822,0,356.5,435.5
44,822,0,382.5,485.0
44,822,0,354.0,424.5
44,822,0,356.0,435.0
44,822,1,236.4,485.5
44,822,1,521.0,468.0
44,823,1,529.5,639.5
44,823,1,57.2,640.0
44,823,0,476.0,635.0
44,823,0,426.5,571.5
44,823,1,375.8,473.0
44,823,0,182.4,590.5
44,823,0,384.5,487.2
44,823,1,266.2,425.5
44,823,0,366.5,447.0
44,823,1,527.0,467.0
44,823,0,357.5,427.5
44,823,0,253.2,450.5
44,823,1,237.8,487.0
44,823,0,356.0,425.8
44,823,0,366.5,444.8
44,823,0,365.5,433.0
44,823,1,236.5,484.2
44,824,1,53.9,639.0
44,824,1,529.0,639.5
44,824,1,374.5,469.5
44,824,0,425.0,571.0
44,824,0,475.5,638.0
44,824,0,180.4,590.5
44,824,0,365.0,447.5
44,824,0,357.0,434.2
44,824,0,356.5,434.2
44,824,1,527.0,466.0
44,824,1,265.0,427.5
44,824,1,234.8,482.5
44,824,0,216.5,471.5
44,824,0,356.0,432.0
44,824,0,365.0,442.0
44,824,1,236.5,481.5
44,824,0,122.6,639.0
44,824,1,180.5,67.8
44,825,1,51.9,640.0
44,825,0,479.5,638.0
44,825,0,427.5,573.0
44,825,0,180.8,594.5
44,825,1,376.5,472.0
44,825,1,535.0,640.0
44,825,0,385.0,490.5
44,825,0,252.9,452.5
44,825,0,366.5,446.0
44,825,1,266.0,430.5
44,825,0,367.0,450.0
44,825,0,357.5,430.0
44,825,0,365.8,439.0
44,825,1,235.8,491.5
44,825,0,217.5,481.5
44,825,0,356.5,426.0
44,825,1,237.5,491.5
44,825,0,121.9,640.0
44,825,1,532.5,472.5
44,826,1,44.1,640.0
44,826,0,479.0,639.0
44,826,1,375.0,471.5
44,826,0,176.1,597.5
44,826,1,264.5,423.5
44,826,0,426.5,576.0
44,826,0,176.5,528.0
44,826,1,233.4,487.8
44,826,0,116.8,640.0
44,826,0,365.2,448.2
44,826,0,357.0,435.0
44,826,0,356.5,435.0
44,826,0,213.4,471.8
44,826,0,365.2,447.0
44,826,0,213.2,518.5
44,826,1,46.0,640.0
44,826,0,212.5,543.0
44,826,0,355.5,432.5
44,826,1,181.4,67.8
44,826,0,384.5,489.0
44,826,1,534.5,473.0
44,827,0,177.6,597.0
44,827,1,41.9,640.0
44,827,0,430.2,578.0
44,827,0,117.2,640.0
44,827,0,484.5,639.0
44,827,1,377.5,471.5
44,827,1,541.0,475.8
44,827,1,266.0,428.2
44,827,0,367.0,446.5
44,827,0,252.5,452.5
44,827,0,367.0,442.5
44,827,0,214.9,470.8
44,827,0,356.0,424.5
44,827,0,633.0,639.5
44,827,0,178.0,535.5
44,827,0,366.5,437.0
44,827,0,213.9,543.0
44,827,0,214.8,527.0
44,827,1,236.0,476.0
44,827,1,44.4,640.0
44,828,0,112.0,640.0
44,828,0,430.0,582.5
44,828,0,174.6,599.0
44,828,1,377.5,471.0
44,828,1,546.0,639.0
44,828,1,265.5,429.5
44,828,1,545.0,480.2
44,828,0,213.5,522.5
44,828,0,485.0,638.5
44,828,0,213.8,479.2
44,828,1,233.8,488.0
44,828,0,252.0,455.0
44,828,0,367.0,441.0
44,828,0,212.5,545.0
44,828,0,367.0,447.2
44,828,1,181.4,68.2
44,828,0,356.5,425.5
44,828,0,175.5,526.5
44,828,1,235.4,485.2
44,828,0,357.5,427.5
44,828,0,366.0,433.2
44,829,0,111.9,640.0
44,829,1,553.0,639.0
44,829,0,369.0,450.0
44,829,1,550.5,486.8
44,829,0,176.5,533.5
44,829,0,405.5,540.5
44,829,0,490.5,637.0
44,829,0,433.5,582.5
44,829,1,267.0,428.8
44,829,0,253.4,459.5
44,829,0,214.8,535.0
44,829,0,360.5,437.2
44,829,0,253.4,443.5
44,829,1,180.2,67.4
44,829,0,388.0,493.5
44,829,1,236.6,488.5
44,829,1,380.5,471.5
44,829,0,214.1,550.0
44,829,0,175.8,574.0
44,829,0,214.8,472.2
44,829,1,34.5,629.0
44,829,1,388.5,492.5
44,829,0,361.5,440.5
44,829,1,381.0,485.0
44,830,0,173.5,614.5
44,830,0,369.0,451.5
44,830,0,490.5,638.0
44,830,0,212.4,552.5
44,830,1,26.1,640.0
44,830,0,404.8,544.5
44,830,1,234.1,495.0
44,830,0,433.2,590.0
44,830,1,553.0,490.0
44,830,0,361.0,443.0
44,830,0,240.2,480.0
44,830,1,380.0,479.5
44,830,0,252.8,461.5
44,830,0,359.5,438.5
44,830,1,388.0,497.0
44,830,0,353.5,431.0
44,830,1,266.5,431.0
44,830,0,107.5,638.0
44,830,1,236.5,492.0
44,830,0,174.8,582.0
44,831,1,23.8,639.5
44,831,1,557.0,639.5
44,831,0,492.0,637.0
44,831,0,368.8,454.2
44,831,0,212.0,551.0
44,831,0,405.5,546.5
44,831,1,554.0,491.0
44,831,0,434.5,591.0
44,831,1,234.5,496.0
44,831,0,252.6,462.0
44,831,0,240.0,482.2
44,831,1,380.2,481.5
44,831,0,360.8,443.5
44,831,0,173.5,540.5
44,831,0,359.5,439.5
44,831,0,107.1,637.0
44,831,0,173.2,615.5
44,831,0,211.5,556.5
44,831,1,380.0,480.0
44,831,0,354.0,431.8
44,831,1,388.2,494.5
44,831,1,236.8,493.5
44,831,1,266.2,432.2
44,831,0,360.8,444.0
44,831,0,365.5,444.0
44,832,1,18.2,640.0
44,832,1,562.0,639.0
44,832,0,494.0,638.0
44,832,1,558.0,491.5
44,832,0,172.0,613.5
44,832,0,211.8,551.5
44,832,0,369.5,451.0
44,832,0,405.8,546.5
44,832,0,435.8,589.5
44,832,0,252.6,461.5
44,832,0,104.4,640.0
44,832,0,360.5,439.2
44,832,0,240.1,482.5
44,832,1,234.2,497.0
44,832,0,369.0,448.0
44,832,1,381.0,488.0
44,832,1,266.8,434.2
44,832,0,361.5,440.8
44,832,0,361.5,442.0
44,832,0,388.0,497.0
44,832,0,211.5,559.0
44,833,1,13.2,640.0
44,833,0,209.8,561.0
44,833,0,170.0,620.0
44,833,0,369.0,455.5
44,833,0,496.8,639.0
44,833,0,406.0,547.0
44,833,0,437.0,597.5
44,833,1,233.8,499.0
44,833,0,101.3,640.0
44,833,0,361.0,444.5
44,833,0,359.5,441.0
44,833,0,388.0,499.5
44,833,1,265.5,435.5
44,833,1,562.0,497.5
44,833,0,251.5,463.5
44,833,0,361.0,444.8
44,833,0,354.0,431.5
44,833,1,380.0,478.0
44,833,0,227.5,499.5
44,833,1,10.0,634.0
44,833,0,364.0,445.0
44,834,1,10.8,640.0
44,834,0,439.5,600.0
44,834,0,210.8,560.0
44,834,0,500.2,639.0
44,834,0,371.5,454.5
44,834,0,169.8,618.5
44,834,1,571.0,502.5
44,834,0,408.5,549.0
44,834,1,234.2,497.0
44,834,0,253.0,461.8
44,834,0,362.0,442.5
44,834,0,362.5,442.8
44,834,0,240.2,483.5
44,834,1,267.0,432.0
44,834,0,170.2,567.0
44,834,0,170.2,540.0
44,834,0,371.0,456.0
44,834,0,361.0,438.0
44,834,0,98.3,640.0
44,834,0,390.5,501.0
44,834,0,390.5,500.5
44,834,0,240.0,484.0
44,834,0,212.8,489.2
44,835,0,499.2,639.5
44,835,1,232.5,495.5
44,835,0,368.5,456.8
44,835,0,406.0,551.0
44,835,0,437.5,603.0
44,835,0,166.5,538.0
44,835,0,360.5,445.5
44,835,1,6.2,477.5
44,835,1,380.0,488.2
44,835,0,250.5,458.5
44,835,1,380.0,485.0
44,835,1,7.0,640.0
44,835,0,353.5,432.5
44,835,1,572.0,640.0
44,835,1,264.5,433.0
44,835,1,570.5,503.5
44,835,1,8.8,639.0
44,835,0,207.0,563.0
44,835,1,388.5,497.5
44,835,1,6.6,576.5
44,836,0,505.2,639.0
44,836,0,372.0,458.0
44,836,0,442.0,606.5
44,836,0,209.5,562.0
44,836,0,168.8,622.5
44,836,0,392.2,501.5
44,836,0,253.0,463.0
44,836,0,372.0,457.5
44,836,1,234.0,498.0
44,836,0,362.0,442.8
44,836,1,580.0,509.0
44,836,0,363.5,446.0
44,836,1,6.7,640.0
44,836,0,240.2,482.0
44,836,1,6.4,570.0
44,836,1,267.2,432.0
44,836,0,410.8,554.5
44,836,1,581.0,640.0
44,836,1,382.5,489.0
44,836,0,240.0,483.0
44,836,0,364.0,447.0
44,836,0,210.4,540.0
44,836,0,361.5,436.0
44,836,1,5.9,451.5
44,837,0,504.5,639.0
44,837,0,368.5,458.5
44,837,0,440.5,606.0
44,837,0,407.5,557.0
44,837,1,229.4,501.0
44,837,0,164.5,621.0
44,837,0,249.4,463.0
44,837,0,388.5,508.0
44,837,0,205.6,563.5
44,837,1,181.6,69.1
44,837,0,360.2,447.0
44,837,1,264.0,436.0
44,837,0,357.0,432.5
44,837,1,582.0,515.0
44,837,1,381.0,494.0
44,838,0,508.5,639.0
44,838,0,444.0,608.0
44,838,0,371.0,460.0
44,838,1,232.5,499.2
44,838,0,391.8,506.0
44,838,0,361.5,445.5
44,838,0,361.0,445.5
44,838,0,410.2,556.5
44,838,0,360.0,442.5
44,838,0,165.6,624.5
44,838,1,266.0,434.0
44,838,0,207.5,564.0
44,838,0,370.0,452.5
44,838,1,587.5,516.0
44,838,1,180.6,69.6
44,838,0,165.6,547.5
44,838,0,370.5,461.0
44,838,0,391.2,505.0
44,839,0,512.0,638.5
44,839,0,446.0,610.0
44,839,1,595.0,519.0
44,839,1,233.5,500.5
44,839,0,373.0,458.8
44,839,0,363.0,443.0
44,839,0,364.0,445.5
44,839,0,252.5,462.0
44,839,0,165.5,625.5
44,839,0,208.5,564.5
44,839,0,392.8,502.5
44,839,0,412.8,548.5
44,839,0,372.5,453.5
44,839,0,362.0,437.8
44,839,1,596.0,640.0
44,839,1,596.0,630.0
44,839,1,185.0,69.2
44,839,0,364.5,446.5
44,839,0,226.6,500.5
44,839,1,267.2,432.8
44,840,1,597.0,517.5
44,840,0,515.0,638.5
44,840,0,372.2,458.0
44,840,1,233.0,499.5
44,840,0,207.4,567.5
44,840,0,362.5,443.5
44,840,0,447.0,610.5
44,840,0,392.5,499.5
44,840,0,86.2,639.5
44,840,0,363.5,445.0
44,840,0,252.1,463.5
44,840,0,361.5,436.5
44,840,0,164.8,625.0
44,840,1,266.8,434.5
44,840,1,382.5,493.5
44,840,0,412.5,533.0
44,841,1,608.0,523.5
44,841,0,518.9,638.0
44,841,1,269.5,432.5
44,841,0,450.0,614.0
44,841,0,209.4,567.5
44,841,0,376.0,458.0
44,841,1,609.0,640.0
44,841,0,254.5,454.2
44,841,0,165.8,634.0
44,841,0,364.2,432.8
44,841,0,375.5,458.5
44,841,0,375.0,450.8
44,841,1,235.0,497.0
44,841,0,365.5,435.5
44,841,0,374.5,440.8
44,841,0,396.0,489.5
44,841,0,229.2,498.0
44,841,0,241.8,480.5
44,842,1,610.0,524.0
44,842,0,520.1,639.0
44,842,0,364.5,442.8
44,842,0,365.0,442.5
44,842,1,233.5,499.8
44,842,0,373.5,458.8
44,842,0,450.0,613.0
44,842,0,77.8,640.0
44,842,0,252.8,465.0
44,842,0,373.2,450.0
44,842,0,162.0,634.0
44,842,1,267.5,433.8
44,842,0,240.2,484.5
44,842,0,240.2,485.5
44,842,0,394.5,490.5
44,843,0,524.0,640.0
44,843,0,452.5,616.5
44,843,0,376.0,457.5
44,843,0,240.5,484.5
44,843,1,234.2,502.5
44,843,0,254.1,462.2
44,843,1,269.0,432.2
44,843,0,375.5,452.5
44,843,0,161.6,552.5
44,843,1,388.8,491.5
44,843,0,74.9,639.0
44,843,1,388.5,491.0
44,843,0,364.2,433.0
44,843,0,398.5,504.5
44,843,0,375.2,445.0
44,843,0,397.0,492.8
44,844,0,524.0,640.0
44,844,0,451.5,616.0
44,844,1,232.9,502.2
44,844,0,374.0,459.5
44,844,0,365.0,443.0
44,844,0,365.5,442.8
44,844,0,374.5,459.5
44,844,1,621.0,527.5
44,844,0,252.6,465.5
44,844,0,72.0,639.5
44,844,0,364.0,440.0
44,844,0,158.8,555.0
44,844,0,205.5,573.5
44,844,1,267.2,434.0
44,844,0,374.5,443.5
44,844,0,159.0,636.0
44,844,0,373.8,435.5
44,844,0,240.2,483.5
44,844,0,395.5,492.0
44,844,0,575.0,556.0
44,844,0,207.0,495.0
44,845,1,389.5,485.5
44,845,0,532.0,639.5
44,845,0,457.0,621.0
44,845,0,377.2,458.5
44,845,1,270.0,431.5
44,845,0,585.0,559.0
44,845,0,377.2,457.5
44,845,0,420.0,559.5
44,845,0,70.5,640.0
44,845,1,631.5,531.0
44,845,1,235.1,499.0
44,845,1,184.4,66.5
44,845,0,376.5,457.8
44,845,0,254.9,455.5
44,845,0,241.4,480.0
44,845,0,400.0,506.5
44,845,0,160.1,552.0
44,845,0,208.8,571.0
44,845,0,240.2,480.5
44,846,0,533.0,639.5
44,846,0,455.5,618.0
44,846,1,388.5,491.0
44,846,1,232.4,500.5
44,846,1,633.0,533.0
44,846,0,588.0,561.5
44,846,0,252.6,462.5
44,846,0,375.5,458.0
44,846,0,156.5,639.0
44,846,1,184.2,63.6
44,846,0,204.0,572.5
44,846,0,418.2,561.0
44,846,0,376.0,457.2
44,846,0,397.2,493.5
44,846,0,398.8,504.5
44,846,1,267.5,432.0
44,846,0,375.0,441.8
44,846,0,63.1,640.0
44,847,1,389.2,484.5
44,847,0,594.0,562.5
44,847,0,459.0,620.0
44,847,0,421.0,560.0
44,847,0,537.0,639.0
44,847,0,376.5,456.5
44,847,1,268.8,430.5
44,847,0,206.2,571.0
44,847,0,253.5,458.0
44,847,1,233.2,500.5
44,847,0,156.5,555.5
44,847,0,240.2,484.5
44,847,0,240.1,483.5
44,847,0,226.1,501.5
44,847,0,400.0,506.2
44,847,1,182.0,66.8
44,847,0,375.5,443.0
44,847,1,74.2,512.5
44,847,0,401.0,507.5
44,847,0,397.5,473.5
44,847,0,365.2,427.8
44,848,0,461.5,618.5
44,848,0,159.1,637.0
44,848,1,75.4,511.5
44,848,0,423.5,560.5
44,848,0,540.0,639.0
44,848,0,600.0,564.0
44,848,1,390.5,485.0
44,848,0,379.5,450.5
44,848,0,401.2,498.2
44,848,1,184.6,60.6
44,848,0,369.5,439.0
44,848,0,368.5,438.5
44,848,1,271.0,428.5
44,848,0,227.0,499.5
44,848,0,402.5,504.0
44,848,1,235.6,499.5
44,848,0,241.8,479.5
44,848,0,255.4,460.2
44,848,1,271.2,431.8
44,848,0,379.5,454.5
44,848,0,208.5,571.0
44,848,0,369.5,439.5
44,849,1,389.5,481.5
44,849,0,54.8,639.5
44,849,0,153.2,639.0
44,849,0,460.0,621.0
44,849,1,231.8,500.5
44,849,0,603.0,568.0
44,849,0,421.5,559.5
44,849,0,376.5,452.5
44,849,0,540.5,639.0
44,849,0,252.9,461.0
44,849,1,268.5,431.5
44,849,1,69.1,519.0
44,849,0,400.0,505.0
44,849,0,203.5,574.0
44,849,1,184.1,58.7
44,849,0,375.2,441.5
44,849,0,376.5,454.5
44,849,0,398.2,481.0
44,849,0,365.8,428.0
44,849,0,372.8,440.5
44,849,0,401.0,505.0
44,850,0,463.0,626.0
44,850,0,546.0,639.5
44,850,0,610.0,570.0
44,850,0,56.1,639.0
44,850,0,424.5,559.5
44,850,1,270.5,430.0
44,850,0,155.5,639.0
44,850,0,369.8,439.5
44,850,1,73.9,517.5
44,850,1,391.0,487.8
44,850,0,379.5,449.0
44,850,0,368.5,438.5
44,850,1,234.2,500.0
44,850,0,254.8,446.5
44,850,0,402.0,498.5
44,850,0,240.6,481.0
44,850,0,380.0,453.2
44,850,0,12.0,639.0
44,850,0,403.0,504.5
44,850,0,206.8,573.5
44,850,1,308.0,386.0
44,850,0,227.0,499.0
44,851,0,463.0,630.5
44,851,0,547.5,639.5
44,851,1,270.0,431.5
44,851,0,152.5,639.0
44,851,1,232.9,501.0
44,851,1,391.0,487.0
44,851,0,253.8,464.0
44,851,0,424.0,562.0
44,851,0,46.4,640.0
44,851,0,203.0,581.0
44,851,1,68.8,522.5
44,851,0,379.0,449.5
44,851,0,614.0,573.5
44,851,0,240.1,488.0
44,851,0,368.5,440.0
44,851,0,379.5,454.5
44,851,1,183.2,61.2
44,851,0,402.2,505.5
44,851,0,253.5,447.5
44,851,0,403.0,507.2
44,852,0,625.0,584.0
44,852,0,465.8,638.0
44,852,0,150.4,639.5
44,852,1,233.2,506.5
44,852,0,554.0,639.0
44,852,0,426.5,567.0
44,852,0,38.1,640.0
44,852,0,202.8,585.0
44,852,0,371.5,444.2
44,852,0,381.0,459.8
44,852,1,271.0,435.5
44,852,0,372.0,444.0
44,852,1,393.2,489.5
44,852,0,254.8,453.5
44,852,1,65.7,527.5
44,852,0,380.5,455.2
44,852,0,369.5,441.5
44,852,0,240.1,489.5
44,852,0,404.0,511.2
44,852,1,394.2,493.0
44,853,0,144.0,639.5
44,853,1,390.2,488.0
44,853,0,462.5,640.0
44,853,0,623.5,587.0
44,853,0,423.0,568.5
44,853,0,377.0,460.0
44,853,0,29.8,639.5
44,853,0,199.4,585.0
44,853,1,229.0,510.5
44,853,0,551.0,639.0
44,853,0,251.2,463.0
44,853,0,376.8,449.5
44,853,1,267.0,435.5
44,853,0,376.0,458.0
44,853,0,219.8,518.5
44,853,0,375.0,442.2
44,853,1,553.0,486.2
44,854,0,143.2,640.0
44,854,1,389.5,488.0
44,854,0,464.0,639.0
44,854,0,29.0,639.0
44,854,0,376.5,462.0
44,854,0,250.2,468.5
44,854,0,198.2,588.0
44,854,0,554.0,639.0
44,854,0,566.5,639.5
44,854,0,375.5,460.5
44,854,1,228.8,510.5
44,854,0,423.2,569.5
44,854,1,266.5,437.0
44,854,0,626.5,591.5
44,854,0,219.8,522.0
44,854,0,375.5,448.0
44,854,0,364.5,432.5
44,854,0,401.8,513.0
44,854,0,400.5,510.0
44,855,0,145.1,639.5
44,855,0,428.0,572.0
44,855,1,232.2,512.5
44,855,0,404.8,515.0
44,855,1,270.8,437.5
44,855,0,29.5,640.0
44,855,0,471.0,638.5
44,855,0,565.0,640.0
44,855,0,381.5,463.0
44,855,0,201.2,589.0
44,855,1,394.5,491.0
44,855,0,254.4,459.5
44,855,0,145.2,582.0
44,855,0,380.5,458.5
44,855,0,370.8,448.8
44,855,1,183.8,68.1
44,855,0,372.0,448.5
44,855,0,240.2,493.5
44,855,0,369.5,443.2
44,856,0,142.0,639.5
44,856,0,426.8,576.0
44,856,1,557.0,469.5
44,856,0,198.9,589.0
44,856,0,567.0,640.0
44,856,1,229.2,511.5
44,856,0,404.2,518.5
44,856,0,251.6,469.0
44,856,0,470.5,638.5
44,856,0,369.0,447.8
44,856,0,23.6,639.5
44,856,1,268.0,437.0
44,856,0,380.0,457.5
44,856,0,379.5,456.8
44,856,1,392.5,487.0
44,856,0,368.5,447.5
44,856,0,402.8,508.0
44,856,0,20.4,640.0
44,856,0,220.5,518.5
44,856,0,404.8,519.0
44,856,1,392.5,487.5
44,856,0,401.8,493.5
44,857,0,140.5,639.0
44,857,1,561.0,485.5
44,857,0,404.8,517.0
44,857,0,428.5,572.5
44,857,0,380.5,462.0
44,857,1,229.8,510.0
44,857,0,198.5,590.0
44,857,0,573.0,640.0
44,857,0,252.8,468.0
44,857,1,269.2,435.0
44,857,0,370.0,447.0
44,857,0,221.2,516.5
44,857,1,183.9,61.3
44,857,1,395.0,495.0
44,857,0,507.0,435.5
44,857,0,380.0,454.0
44,857,0,222.2,505.2
44,857,0,470.0,566.0
44,857,0,473.0,639.0
44,857,0,368.5,443.5
44,857,0,470.8,614.0
44,857,1,637.0,532.0
44,858,0,137.0,640.0
44,858,0,429.0,574.5
44,858,0,404.8,514.5
44,858,1,562.0,485.5
44,858,1,269.0,434.0
44,858,0,380.8,459.5
44,858,0,252.2,465.0
44,858,1,228.8,510.0
44,858,0,370.0,444.5
44,858,0,370.5,444.8
44,858,0,474.0,638.5
44,858,0,471.5,577.0
44,858,0,472.2,614.0
44,858,0,380.2,456.5
44,858,0,195.5,592.0
44,858,0,578.0,640.0
44,858,0,368.8,444.5
44,858,0,219.2,519.5
44,858,1,395.0,489.5
44,858,1,268.5,435.5
44,859,0,429.0,575.5
44,859,0,404.5,514.0
44,859,0,250.5,466.0
44,859,0,368.5,442.5
44,859,0,380.0,457.5
44,859,0,510.0,429.0
44,859,1,562.0,462.5
44,859,1,393.2,490.5
44,859,0,192.8,593.0
44,859,1,267.2,432.5
44,859,1,228.2,510.0
44,859,0,259.2,431.0
44,859,0,134.5,634.0
44,859,0,380.2,459.5
44,860,0,430.5,573.5
44,860,0,251.0,464.5
44,860,0,405.0,515.5
44,860,0,369.8,443.0
44,860,0,380.8,460.0
44,860,0,368.5,442.0
44,860,0,192.6,593.5
44,860,1,563.5,468.5
44,860,0,477.5,639.0
44,860,1,267.5,432.5
44,860,1,394.5,491.0
44,860,0,379.5,445.0
44,860,0,9.0,532.0
44,860,0,260.2,435.5
44,860,0,511.5,430.2
44,861,1,268.5,432.5
44,861,0,381.5,460.0
44,861,0,406.5,516.0
44,861,0,590.0,638.0
44,861,0,251.2,465.2
44,861,0,381.2,459.5
44,861,0,431.0,577.0
44,861,0,5.4,536.0
44,861,0,131.2,639.5
44,861,0,192.9,592.5
44,861,0,219.0,529.0
44,861,1,184.0,52.6
44,861,0,369.2,433.5
44,861,0,380.8,445.5
44,861,1,395.2,500.0
44,861,0,371.2,443.0
44,861,0,405.2,501.5
44,861,1,268.5,433.8
44,861,0,236.0,489.2
44,862,0,405.0,515.5
44,862,0,249.2,466.0
44,862,0,215.9,525.5
44,862,1,267.0,431.5
44,862,0,190.8,596.0
44,862,0,430.0,574.0
44,862,0,380.0,458.0
44,862,0,129.1,639.5
44,862,1,394.8,492.5
44,862,0,368.8,440.8
44,862,0,233.5,487.5
44,862,0,592.0,634.0
44,862,0,380.0,458.5
44,862,0,369.5,441.0
44,863,1,270.5,431.0
44,863,0,252.8,462.5
44,863,1,398.0,498.8
44,863,0,193.8,593.5
44,863,0,383.2,446.8
44,863,1,229.2,504.0
44,863,0,384.5,455.5
44,863,0,485.2,639.0
44,863,0,220.6,507.8
44,863,0,372.5,436.5
44,863,0,436.5,579.0
44,863,0,220.0,530.0
44,863,0,132.8,639.5
44,863,0,3.1,535.0
44,863,0,252.8,450.0
44,863,0,382.8,430.5
44,863,1,571.5,485.0
44,864,0,124.9,639.5
44,864,0,248.0,463.0
44,864,0,187.8,594.5
44,864,0,215.6,527.0
44,864,0,380.0,454.0
44,864,0,406.0,515.5
44,864,0,432.2,580.0
44,864,0,368.8,438.8
44,864,1,266.0,432.0
44,864,0,605.0,634.5
44,864,1,395.0,494.0
44,864,1,360.0,423.0
44,864,0,257.4,431.5
44,864,0,231.1,498.5
44,864,1,573.0,482.5
44,864,0,380.0,456.0
44,865,0,250.0,461.2
44,865,0,215.9,524.0
44,865,0,382.0,457.0
44,865,1,267.5,428.0
44,865,0,190.5,593.0
44,865,0,234.0,484.0
44,865,0,124.1,639.0
44,865,0,408.8,514.5
44,865,0,369.5,435.5
44,865,0,435.0,579.0
44,865,0,260.0,431.5
44,865,0,485.5,639.5
44,865,0,249.2,450.5
44,865,1,395.0,488.0
44,865,0,382.2,456.5
44,865,0,371.5,439.8
44,865,0,381.5,439.0
44,866,0,187.2,596.0
44,866,0,249.1,459.5
44,866,0,215.8,525.5
44,866,0,382.0,455.5
44,866,0,381.5,442.5
44,866,1,267.5,426.5
44,866,0,259.5,430.0
44,866,0,233.2,489.5
44,866,0,258.6,427.8
44,866,0,370.0,433.0
44,866,1,396.8,505.0
44,866,0,435.2,580.5
44,866,0,615.0,636.5
44,866,0,122.3,639.0
44,866,0,408.8,514.5
44,866,0,232.8,481.0
44,866,1,395.5,491.0
44,866,0,233.4,463.0
44,866,0,369.2,428.0
44,866,0,371.5,439.0
44,867,0,250.5,461.2
44,867,0,491.5,639.0
44,867,0,383.0,443.5
44,867,1,268.8,428.0
44,867,0,188.2,596.5
44,867,1,398.2,494.5
44,867,0,216.2,521.0
44,867,0,622.5,639.0
44,867,0,438.5,582.0
44,867,0,384.0,455.5
44,867,0,234.1,487.5
44,867,0,371.5,432.0
44,867,0,122.1,640.0
44,867,0,260.5,431.0
44,867,1,268.5,428.5
44,867,0,372.5,435.5
44,867,0,626.0,640.0
44,868,0,250.0,461.0
44,868,0,186.6,599.5
44,868,0,490.0,639.0
44,868,0,215.4,524.5
44,868,0,383.0,447.0
44,868,1,398.2,492.0
44,868,0,626.0,639.5
44,868,0,233.5,482.0
44,868,0,249.2,447.0
44,868,0,384.0,455.5
44,868,0,438.5,581.5
44,868,0,118.4,640.0
44,868,0,371.2,432.0
44,868,0,233.8,489.0
44,868,0,259.8,430.5
44,868,1,268.0,425.5
44,868,0,233.8,451.5
44,868,0,233.4,469.5
44,868,0,372.5,435.5
44,869,0,248.4,465.0
44,869,0,184.9,602.5
44,869,0,382.5,449.0
44,869,0,630.5,640.0
44,869,1,397.5,494.2
44,869,0,438.5,583.0
44,869,0,214.0,529.0
44,869,1,267.0,428.5
44,869,0,491.5,638.0
44,869,0,371.0,435.5
44,869,0,382.0,432.5
44,869,0,370.0,431.0
44,869,0,372.0,438.2
44,869,0,231.8,497.5
44,869,0,214.1,510.5
44,869,0,259.0,431.5
44,869,0,383.0,455.5
44,870,0,113.6,639.0
44,870,0,248.5,464.5
44,870,0,183.0,608.0
44,870,0,383.5,455.5
44,870,1,399.0,502.5
44,870,0,439.8,586.0
44,870,1,267.5,430.2
44,870,0,212.8,523.5
44,870,0,493.5,639.5
44,870,0,384.0,457.5
44,870,0,258.8,433.0
44,870,0,372.0,440.2
44,870,0,634.5,639.5
44,870,0,371.0,434.5
44,870,1,222.5,513.5
44,870,0,382.8,434.0
44,870,0,259.8,436.0
44,870,0,231.1,501.5
44,871,0,247.6,470.0
44,871,0,181.2,610.0
44,871,0,382.5,455.8
44,871,1,398.5,504.0
44,871,0,440.8,590.0
44,871,0,383.0,459.5
44,871,0,635.0,442.0
44,871,1,266.8,430.5
44,871,0,494.0,639.0
44,871,0,231.8,495.5
44,871,0,211.9,511.5
44,871,0,371.0,437.2
44,871,1,221.5,512.5
44,871,1,577.5,440.2
44,871,0,246.9,448.2
44,871,0,494.0,591.5
44,871,0,369.8,430.2
44,871,0,257.2,434.0
44,872,0,248.5,466.8
44,872,0,497.5,639.0
44,872,0,181.5,611.0
44,872,1,222.5,516.5
44,872,0,383.5,440.5
44,872,0,384.2,454.5
44,872,1,400.5,501.0
44,872,1,267.8,431.0
44,872,0,442.8,591.0
44,872,0,384.8,458.8
44,872,0,373.0,439.8
44,872,0,259.5,435.0
44,872,0,212.8,524.0
44,872,0,396.2,449.5
44,872,0,372.0,432.0
44,872,0,257.8,434.0
44,872,0,412.0,494.5
44,872,0,497.5,603.0
44,873,0,245.5,469.5
44,873,0,382.0,460.0
44,873,0,381.8,459.0
44,873,1,264.5,434.0
44,873,0,381.5,444.0
44,873,0,370.0,440.5
44,873,1,219.5,511.5
44,873,0,208.5,512.5
44,873,1,398.0,498.8
44,873,0,582.0,530.0
44,873,0,229.5,488.0
44,873,0,441.0,595.0
44,873,0,175.0,613.5
44,873,1,180.8,51.2
44,873,0,371.2,442.0
44,874,0,250.2,466.0
44,874,1,405.0,507.5
44,874,0,509.0,638.5
44,874,0,387.8,458.5
44,874,0,181.9,614.5
44,874,1,269.5,429.5
44,874,1,269.0,431.2
44,874,0,214.0,526.5
44,874,0,374.0,431.8
44,874,0,388.0,458.5
44,874,0,375.0,438.5
44,874,0,376.0,440.5
44,874,0,373.2,426.5
44,874,0,377.0,441.5
44,874,0,397.0,460.5
44,874,0,447.5,595.0
44,874,0,249.2,454.0
44,874,0,233.6,492.2
44,874,0,261.0,433.0
44,874,0,396.2,447.0
44,875,0,246.0,466.5
44,875,0,383.0,455.0
44,875,0,174.5,617.0
44,875,1,219.5,508.0
44,875,0,504.5,638.5
44,875,1,265.0,432.0
44,875,1,400.0,503.0
44,875,0,384.0,459.0
44,875,0,245.6,451.5
44,875,0,372.5,439.0
44,875,0,99.2,640.0
44,875,0,209.0,508.5
44,875,0,229.5,483.5
44,875,0,371.0,434.8
44,875,0,396.5,461.0
44,875,0,444.0,595.5
44,875,0,412.5,505.5
44,875,0,363.8,427.5
44,875,0,395.2,479.2
44,876,1,405.5,506.5
44,876,0,248.5,464.5
44,876,0,387.5,453.0
44,876,0,177.8,615.0
44,876,1,404.0,503.5
44,876,0,211.5,512.0
44,876,1,268.5,429.0
44,876,0,259.8,432.8
44,876,0,373.8,436.8
44,876,1,268.0,429.5
44,876,0,376.0,439.0
44,876,1,221.5,512.0
44,876,0,99.0,640.0
44,876,0,397.2,456.5
44,876,0,388.0,457.2
44,876,0,373.0,427.0
44,876,0,417.8,522.5
44,876,0,396.8,444.2
44,876,0,449.2,598.5
44,877,1,405.2,510.5
44,877,0,247.1,468.5
44,877,0,387.5,457.5
44,877,0,173.5,618.0
44,877,1,220.0,511.8
44,877,0,208.9,511.2
44,877,1,267.2,431.8
44,877,0,397.0,454.0
44,877,1,404.0,507.2
44,877,0,373.0,428.0
44,877,0,230.4,486.2
44,877,0,374.0,436.5
44,877,0,258.5,435.0
44,877,0,387.5,459.2
44,877,0,515.0,638.0
44,878,0,248.8,476.8
44,878,0,389.0,451.0
44,878,1,269.0,434.5
44,878,0,523.0,638.0
44,878,0,421.8,538.0
44,878,0,377.5,445.5
44,878,0,455.8,615.0
44,878,0,376.2,439.5
44,878,1,220.6,524.0
44,878,0,209.8,522.0
44,878,1,598.0,494.0
44,878,1,408.2,513.0
44,878,0,259.8,439.5
44,878,0,389.8,460.0
44,878,0,420.5,510.5
44,878,0,172.5,634.0
44,878,1,311.8,385.0
44,879,1,216.2,531.0
44,879,1,406.5,522.0
44,879,0,245.2,479.5
44,879,0,525.0,639.0
44,879,0,387.5,464.0
44,879,0,454.0,620.0
44,879,0,420.0,541.0
44,879,0,387.0,459.0
44,879,1,265.5,439.8
44,879,0,167.8,637.0
44,879,0,375.5,448.8
44,879,0,376.5,450.0
44,879,0,374.5,446.5
44,879,0,375.5,447.5
44,879,1,597.0,503.8
44,879,1,180.1,54.0
44,879,0,373.5,442.8
44,879,0,397.0,462.0
44,879,0,205.6,523.0
44,880,1,214.0,530.5
44,880,1,406.0,521.0
44,880,0,386.0,453.0
44,880,0,454.2,620.5
44,880,0,526.0,640.0
44,880,0,243.5,480.5
44,880,1,264.0,439.0
44,880,0,374.0,446.2
44,880,0,396.8,441.2
44,880,0,387.0,455.5
44,880,0,375.0,447.0
44,880,0,202.5,517.0
44,880,0,420.5,541.0
44,880,0,506.2,432.8
44,881,0,391.0,456.0
44,881,0,246.6,476.0
44,881,1,216.4,532.0
44,881,0,543.0,639.0
44,881,0,463.0,623.0
44,881,1,267.5,434.0
44,881,0,426.0,541.5
44,881,0,391.5,466.5
44,881,0,205.0,522.5
44,881,1,369.0,433.5
44,881,0,379.0,445.5
44,881,0,377.5,439.0
44,881,1,311.5,384.0
44,881,0,392.2,467.8
44,881,0,246.2,464.5
44,881,0,257.5,437.5
44,881,1,409.0,513.5
44,881,0,390.0,438.0
44,881,0,164.2,637.5
44,882,0,244.2,485.5
44,882,1,213.5,539.0
44,882,0,390.0,458.0
44,882,0,199.5,554.5
44,882,0,425.5,548.5
44,882,0,158.5,639.0
44,882,0,376.5,446.5
44,882,1,265.8,443.0
44,882,0,378.0,449.5
44,882,0,522.0,438.5
44,883,0,389.5,458.5
44,883,0,242.8,480.5
44,883,0,376.0,450.5
44,883,0,425.8,553.0
44,883,0,377.8,452.5
44,883,0,390.5,459.0
44,883,0,198.6,558.0
44,883,1,211.8,542.0
44,883,0,556.5,640.0
44,883,0,155.0,639.0
44,883,1,9.8,527.5
44,883,0,388.8,443.0
44,883,0,400.2,432.8
44,883,1,264.5,441.5
44,884,0,391.2,463.5
44,884,0,243.2,487.5
44,884,0,392.2,468.5
44,884,0,153.8,639.0
44,884,1,265.2,446.8
44,884,1,6.3,521.5
44,884,0,197.8,566.5
44,884,0,565.0,639.0
44,884,1,211.0,547.0
44,884,0,177.5,489.0
44,884,1,369.0,440.0
44,884,0,405.0,473.5
44,884,0,393.0,473.5
44,884,0,380.0,457.0
44,884,0,377.5,446.8
44,885,0,394.5,468.5
44,885,0,150.5,639.5
44,885,0,407.0,469.5
44,885,1,266.5,442.0
44,885,0,381.0,454.0
44,885,0,411.5,509.0
44,885,0,243.8,486.8
44,885,1,211.0,545.0
44,885,1,370.5,441.0
44,885,0,197.2,565.5
44,885,1,624.0,523.0
44,885,0,577.0,640.0
44,885,0,380.0,449.5
44,885,0,630.5,614.0
44,885,0,431.5,520.0
44,885,0,176.0,488.0
44,886,0,391.8,477.5
44,886,0,391.0,477.0
44,886,1,263.5,448.5
44,886,0,239.5,492.8
44,886,1,205.5,551.0
44,886,0,581.5,640.0
44,886,0,549.5,463.5
44,886,0,377.5,456.5
44,886,0,253.2,450.5
44,886,0,379.0,462.5
44,886,0,562.0,484.0
44,886,1,367.5,440.5
44,886,1,623.0,523.5
44,887,0,394.0,472.0
44,887,0,239.5,496.5
44,887,0,594.0,640.0
44,887,1,263.5,449.5
44,887,0,407.0,467.0
44,887,1,204.8,555.5
44,887,0,559.0,464.5
44,887,0,412.0,534.0
44,887,0,393.2,479.0
44,887,0,380.2,461.2
44,887,0,191.0,533.0
44,887,0,13.4,628.0
44,887,0,378.8,452.0
44,887,0,253.2,457.0
44,887,1,369.0,445.0
44,887,0,434.5,567.5
44,887,0,166.0,500.0
44,887,0,481.0,639.0
44,888,0,395.0,470.0
44,888,1,204.5,555.5
44,888,1,264.0,447.8
44,888,0,603.0,640.0
44,888,0,239.5,498.0
44,888,0,189.8,532.0
44,888,0,407.5,454.5
44,888,0,381.5,457.8
44,888,1,635.5,484.0
44,888,1,635.0,482.2
44,888,1,370.2,444.0
44,888,0,436.8,564.0
44,888,0,371.8,444.5
44,888,0,382.5,457.5
44,888,1,182.0,45.2
44,888,0,253.2,457.5
44,888,0,379.5,450.0
44,889,1,202.4,559.0
44,889,0,381.8,458.0
44,889,0,395.5,470.2
44,889,0,238.8,495.0
44,889,1,420.5,543.0
44,889,1,263.5,447.0
44,889,1,370.8,443.5
44,889,0,437.8,566.5
44,889,0,371.5,443.0
44,889,0,253.0,455.0
44,889,0,187.0,527.0
44,889,0,380.0,447.0
44,889,0,126.4,638.5
44,890,0,397.2,474.0
44,890,0,441.5,578.5
44,890,1,201.2,563.0
44,890,0,185.0,597.5
44,890,0,381.5,446.5
44,890,0,239.0,496.2
44,890,1,264.5,449.5
44,890,0,238.0,497.0
44,890,0,16.6,552.5
44,890,0,383.0,457.5
44,890,0,126.2,638.5
44,890,0,253.1,459.0
44,890,0,238.9,480.0
44,890,0,588.5,475.5
44,890,0,412.0,481.0
44,890,1,372.2,443.0
44,890,1,180.8,48.8
44,890,0,396.8,446.2
44,891,0,444.0,579.5
44,891,0,119.8,640.0
44,891,0,182.0,590.0
44,891,0,381.8,442.5
44,891,0,398.5,472.5
44,891,1,199.8,565.5
44,891,0,601.0,470.0
44,891,0,238.2,493.8
44,891,1,264.5,443.0
44,891,0,382.8,451.0
44,891,0,252.8,457.0
44,891,0,399.8,472.8
44,891,0,384.5,457.0
44,891,0,397.5,456.0
44,891,1,311.8,388.0
44,891,0,413.5,475.0
44,891,0,215.5,534.5
44,891,0,385.5,457.0
44,891,1,371.5,438.5
44,892,1,197.8,561.5
44,892,0,617.0,474.2
44,892,0,178.4,593.0
44,892,0,400.5,470.0
44,892,0,113.5,639.5
44,892,0,446.5,571.0
44,892,0,383.0,445.0
44,892,0,237.4,496.0
44,892,0,385.0,456.0
44,892,0,252.5,461.0
44,892,1,264.0,440.0
44,892,0,632.5,487.0
44,892,0,386.0,457.0
44,892,1,426.5,547.0
44,892,1,311.5,384.5
44,892,1,262.8,437.0
44,892,0,262.0,448.8
44,892,0,213.4,488.0
44,892,0,399.0,462.0
44,892,0,415.0,464.0
44,893,0,176.0,593.5
44,893,0,400.5,470.2
44,893,1,263.5,438.0
44,893,0,251.8,445.0
44,893,1,430.5,550.5
44,893,1,195.8,563.5
44,893,0,402.0,468.0
44,893,0,449.2,586.5
44,893,0,236.8,483.8
44,893,0,385.5,454.0
44,893,0,629.5,481.2
44,893,1,262.5,433.8
44,894,0,101.3,640.0
44,894,0,173.0,600.0
44,894,0,402.0,473.5
44,894,1,263.5,438.5
44,894,1,192.8,565.5
44,894,1,433.0,550.0
44,894,0,402.5,473.0
44,894,0,251.0,453.5
44,894,0,386.0,453.8
44,894,0,235.8,490.0
44,894,1,374.8,436.0
44,894,0,451.0,585.5
44,894,1,375.5,436.8
44,894,0,209.4,509.5
44,895,0,403.5,477.8
44,895,1,263.5,440.5
44,895,1,435.0,559.5
44,895,0,235.4,495.2
44,895,0,453.5,591.0
44,895,1,192.6,571.0
44,895,0,251.6,461.5
44,895,0,404.0,484.0
44,895,0,171.6,605.0
44,895,1,375.0,437.5
44,895,0,97.7,639.5
44,895,1,262.5,435.5
44,895,0,386.0,452.0
44,895,1,312.5,383.5
44,895,0,208.5,490.0
44,895,0,387.8,457.5
44,896,1,436.8,563.0
44,896,0,404.0,473.5
44,896,0,457.0,594.5
44,896,0,249.5,463.0
44,896,1,263.0,439.5
44,896,0,233.6,495.5
44,896,0,387.5,459.5
44,896,0,167.0,616.0
44,896,1,312.5,385.2
44,896,0,404.5,481.8
44,896,1,188.8,576.5
44,896,1,375.0,438.5
44,896,0,386.0,449.5
44,896,0,421.2,468.5
44,897,1,438.5,565.5
44,897,1,187.5,577.5
44,897,0,405.0,468.0
44,897,1,375.5,439.5
44,897,0,164.5,619.0
44,897,0,460.0,578.0
44,897,1,263.5,439.8
44,897,0,249.4,457.5
44,897,0,388.0,458.0
44,897,0,233.2,495.5
44,897,0,422.2,458.5
44,897,1,312.0,383.0
44,897,0,71.8,639.5
44,897,0,387.0,449.0
44,897,0,53.0,515.5
44,898,1,183.5,577.5
44,898,1,439.5,565.0
44,898,0,405.0,478.0
44,898,0,43.4,639.5
44,898,1,374.5,432.0
44,898,1,261.0,438.0
44,898,0,388.2,457.0
44,898,0,247.2,444.5
44,898,0,230.5,489.0
44,898,0,202.0,496.0
44,898,0,386.5,452.0
44,898,0,202.9,535.0
44,898,0,422.5,455.0
44,898,0,460.5,589.0
44,899,1,180.8,583.5
44,899,1,442.5,570.5
44,899,0,388.5,457.0
44,899,0,407.0,487.2
44,899,1,375.5,435.2
44,899,1,260.5,433.5
44,899,0,155.9,630.0
44,899,0,247.2,452.5
44,899,0,229.5,497.0
44,899,0,406.0,469.5
44,899,0,201.4,542.0
44,899,0,627.0,639.0
44,900,1,177.2,584.5
44,900,0,406.5,479.0
44,900,1,259.2,433.0
44,900,1,375.0,436.5
44,900,0,198.0,547.0
44,900,0,388.2,457.0
44,900,1,443.8,575.0
44,900,0,426.2,461.0
44,900,0,151.2,633.0
44,900,0,227.5,498.0
44,900,0,387.0,451.2
44,900,0,467.5,593.0
44,900,0,245.2,452.0
44,900,0,34.6,639.5
44,901,1,176.2,588.0
44,901,1,260.0,434.0
44,901,0,246.0,453.5
44,901,0,429.5,464.0
44,901,0,410.0,480.5
44,901,0,390.5,459.8
44,901,0,8.8,522.5
44,901,0,474.0,629.0
44,901,0,197.5,550.0
44,901,0,150.0,638.0
44,901,0,389.5,447.8
44,901,1,376.5,437.5
44,901,1,492.0,419.0
44,901,0,30.4,640.0
44,901,0,228.0,499.5
44,901,1,377.5,440.5
44,901,0,380.2,443.0
44,902,1,171.4,593.0
44,902,0,390.0,457.5
44,902,0,20.0,494.0
44,902,1,259.0,434.0
44,902,0,409.8,481.5
44,902,0,36.0,512.0
44,902,0,476.0,632.0
44,902,0,389.5,445.5
44,902,0,431.0,465.5
44,902,0,225.5,499.5
44,902,1,375.8,436.2
44,902,0,244.5,458.5
44,902,0,388.5,435.8
44,902,1,448.5,573.0
44,903,1,169.5,601.0
44,903,1,258.8,436.5
44,903,0,391.5,461.5
44,903,0,411.5,480.0
44,903,0,243.6,448.2
44,903,0,140.0,637.0
44,903,0,390.0,443.5
44,903,0,392.8,463.0
44,903,0,225.1,505.8
44,903,0,433.0,468.5
44,903,1,378.0,438.0
44,903,1,452.5,588.0
44,903,0,389.0,430.0
44,903,0,393.5,462.5
44,904,0,390.0,463.0
44,904,1,163.5,609.0
44,904,0,409.8,486.5
44,904,1,375.5,438.5
44,904,0,389.0,449.2
44,904,1,256.2,438.5
44,904,0,432.0,474.0
44,904,0,239.2,462.0
44,904,0,479.0,638.0
44,904,0,220.8,506.5
44,904,1,159.1,384.0
44,904,1,308.0,379.0
44,904,1,255.0,440.5
44,904,1,253.6,442.0
44,904,0,410.5,491.0
44,905,0,441.8,475.5
44,905,0,241.6,455.5
44,905,1,258.5,442.8
44,905,0,394.5,460.5
44,905,0,185.2,572.0
44,905,0,417.5,489.8
44,905,1,463.0,616.0
44,905,1,312.5,381.2
44,905,1,155.0,325.5
44,905,0,417.8,492.0
44,905,0,610.5,455.5
44,905,0,384.5,449.5
44,905,1,159.5,623.5
44,905,0,221.6,511.8
44,905,1,462.2,610.0
44,906,0,393.8,467.5
44,906,1,155.5,628.5
44,906,0,439.0,474.2
44,906,0,415.0,489.5
44,906,0,239.0,468.0
44,906,0,182.0,579.5
44,906,0,218.8,522.5
44,906,1,378.5,445.2
44,906,1,256.5,442.2
44,906,0,392.5,457.5
44,906,1,151.6,326.5
44,906,1,460.5,614.0
44,906,1,461.2,616.0
44,906,1,500.0,430.8
44,906,1,378.8,443.2
44,906,0,395.0,472.0
44,907,1,154.8,634.0
44,907,0,393.5,473.5
44,907,0,414.0,492.8
44,907,0,217.8,524.5
44,907,0,181.2,583.0
44,907,0,238.0,460.5
44,907,0,439.5,478.5
44,907,0,571.0,537.5
44,907,1,378.5,448.8
44,907,1,309.2,386.5
44,907,1,461.5,621.0
44,907,1,255.2,446.5
44,907,1,462.0,621.0
44,907,0,392.0,455.5
44,907,0,629.0,639.5
44,908,1,156.0,633.0
44,908,1,464.5,622.0
44,908,1,257.0,448.0
44,908,0,219.5,524.0
44,908,0,183.0,583.0
44,908,0,444.0,486.0
44,908,0,575.0,490.0
44,908,0,417.5,500.8
44,908,0,395.2,471.0
44,908,0,615.5,494.5
44,908,0,239.8,471.5
44,908,0,417.5,496.2
44,908,0,384.0,456.2
44,908,0,636.0,640.0
44,908,0,555.0,457.0
44,909,1,152.4,639.0
44,909,0,394.0,469.8
44,909,0,216.8,525.5
44,909,0,416.5,505.0
44,909,0,237.9,461.8
44,909,1,256.2,446.5
44,909,0,443.5,492.0
44,909,0,417.5,504.0
44,909,1,464.5,627.0
44,910,1,148.9,640.0
44,910,0,395.0,476.5
44,910,0,215.5,531.0
44,910,0,419.0,514.0
44,910,0,236.8,454.2
44,910,1,255.0,449.0
44,910,0,592.0,566.0
44,910,1,379.8,454.5
44,910,1,469.5,640.0
44,910,1,468.5,638.0
44,910,0,446.5,506.5
44,911,1,144.9,639.5
44,911,0,214.6,536.0
44,911,0,396.5,475.0
44,911,0,420.0,509.0
44,911,0,236.6,465.0
44,911,0,609.0,576.0
44,911,1,255.1,452.0
44,911,0,625.0,506.5
44,911,0,173.8,595.0
44,911,0,396.0,463.5
44,911,0,384.5,460.5
44,911,1,474.0,640.0
44,912,1,140.6,639.0
44,912,0,624.0,586.0
44,912,0,421.0,518.0
44,912,0,213.0,537.0
44,912,0,397.8,478.5
44,912,0,236.0,483.0
44,912,1,254.2,451.0
44,912,0,397.5,467.5
44,912,1,475.5,604.0
44,912,0,454.0,550.5
44,912,0,171.0,604.0
44,912,1,507.2,438.5
44,912,1,235.6,482.5
44,913,0,206.9,541.5
44,913,0,233.0,488.5
44,913,1,123.9,639.0
44,913,1,252.5,451.8
44,913,1,490.8,640.0
44,913,0,428.8,501.5
44,913,0,400.5,469.0
44,913,1,119.6,402.0
44,913,0,463.5,547.0
44,913,1,386.0,450.0
44,913,0,401.8,478.5
44,914,1,120.8,640.0
44,914,0,204.5,541.0
44,914,0,231.1,477.0
44,914,0,427.0,524.0
44,914,0,399.5,468.5
44,914,1,251.2,444.0
44,914,0,428.2,517.0
44,914,1,382.2,447.0
44,914,1,490.5,640.0
44,914,0,463.0,553.0
44,914,1,115.9,408.0
44,914,0,245.5,445.0
44,914,1,490.0,619.0
44,915,1,111.9,640.0
44,915,0,202.0,548.0
44,915,0,151.2,613.0
44,915,1,251.0,456.0
44,915,1,500.0,639.5
44,915,0,229.5,492.5
44,915,0,402.2,487.8
44,915,0,429.8,531.0
44,915,0,470.5,553.0
44,915,0,88.5,172.5
44,915,0,109.2,165.0
44,916,0,141.2,635.0
44,916,0,228.5,500.5
44,916,0,408.5,492.0
44,916,0,198.9,559.0
44,916,1,251.5,462.5
44,916,0,437.0,539.0
44,916,0,483.2,596.0
44,916,0,392.5,470.2
44,916,1,389.2,465.5
44,916,1,312.5,387.5
44,916,1,518.5,575.0
44,916,0,89.8,155.8
44,916,1,97.0,640.0
44,916,1,519.0,628.0
44,916,0,406.5,477.5
44,917,1,88.4,639.0
44,917,0,136.2,634.0
44,917,1,249.0,461.5
44,917,0,407.5,493.5
44,917,0,437.8,538.0
44,917,0,586.5,639.5
44,917,0,486.5,611.0
44,917,0,226.0,497.2
44,917,0,89.2,149.5
44,917,0,406.0,480.2
44,917,1,522.0,640.0
44,917,0,392.5,469.5
44,917,0,195.5,557.0
44,918,1,82.2,639.5
44,918,0,133.5,638.0
44,918,0,442.8,550.0
44,918,0,495.5,616.0
44,918,1,250.0,463.5
44,918,0,411.8,496.2
44,918,1,76.1,311.0
44,918,1,533.0,639.5
44,918,0,629.5,639.0
44,918,1,389.8,461.8
44,918,0,194.9,561.5
44,918,0,396.2,471.5
44,918,0,6.2,639.5
44,918,0,226.6,499.5
44,919,0,443.5,554.0
44,919,1,72.2,639.5
44,919,1,247.8,466.0
44,919,0,411.5,496.5
44,919,0,126.8,639.0
44,919,0,497.5,622.0
44,919,1,389.2,463.0
44,919,0,495.5,564.5
44,919,1,535.0,640.0
44,919,1,64.6,323.0
44,920,1,63.4,638.0
44,920,0,121.6,638.0
44,920,0,413.0,500.0
44,920,0,446.0,554.0
44,920,1,246.8,464.0
44,920,1,545.0,640.0
44,920,0,503.0,626.0
44,920,0,188.2,571.0
44,920,1,389.5,463.0
44,920,0,507.5,632.0
44,920,1,545.0,640.0
44,920,0,621.0,640.0
44,920,0,411.0,490.5
44,920,0,396.8,471.2
44,920,0,608.5,464.0
44,920,0,222.0,507.8
44,920,1,56.4,416.5
44,921,1,52.8,640.0
44,921,0,510.5,636.0
44,921,0,186.4,576.0
44,921,1,47.5,311.8
44,921,1,248.0,465.5
44,921,1,557.0,640.0
44,921,1,392.2,464.0
44,921,0,113.0,637.5
44,921,0,450.0,561.5
44,921,0,414.2,488.0
44,921,0,85.8,141.9
44,921,0,221.9,509.8
44,922,1,42.6,640.0
44,922,0,108.5,638.0
44,922,1,393.2,463.5
44,922,0,452.8,563.5
44,922,1,247.2,465.5
44,922,0,183.8,580.0
44,922,0,418.0,505.5
44,922,0,220.2,508.5
44,922,1,566.0,640.0
44,922,1,40.1,481.5
44,922,1,37.6,321.0
44,922,0,238.9,464.0
44,922,1,565.0,639.0
44,922,0,515.9,638.0
44,922,1,564.0,640.0
44,923,0,102.8,639.0
44,923,1,245.0,467.2
44,923,0,181.5,586.5
44,923,1,391.8,462.5
44,923,0,218.6,512.5
44,923,0,453.2,566.0
44,923,1,23.7,502.2
44,923,0,417.5,504.5
44,923,0,454.0,527.0
44,923,1,33.3,639.5
44,923,1,569.0,640.0
44,923,0,415.0,486.2
44,923,1,21.6,328.8
44,923,0,519.0,631.0
44,923,0,237.5,467.0
44,924,0,174.2,594.0
44,924,0,528.0,634.5
44,924,0,419.2,509.8
44,924,1,9.9,640.0
44,924,1,392.0,466.5
44,924,0,214.2,512.0
44,924,1,243.0,476.2
44,924,1,584.5,640.0
44,924,0,233.8,472.2
44,924,0,456.5,574.0
44,924,0,88.9,639.5
44,924,0,10.8,640.0
44,924,0,234.5,485.0
44,924,1,4.2,296.2
44,925,1,240.2,485.0
44,925,0,540.0,640.0
44,925,0,167.4,604.0
44,925,0,422.0,523.0
44,925,0,463.2,590.5
44,925,1,393.8,476.5
44,925,1,610.0,640.0
44,925,0,210.2,521.5
44,925,1,311.2,390.0
44,925,0,74.0,640.0
44,925,0,5.0,575.0
44,926,0,466.0,604.0
44,926,1,393.5,481.2
44,926,0,422.5,530.5
44,926,1,628.5,640.0
44,926,1,236.8,483.0
44,926,0,206.5,534.5
44,926,0,547.0,640.0
44,926,1,624.8,640.0
44,926,1,419.5,76.4
44,927,1,239.2,491.0
44,927,1,400.5,494.0
44,927,0,481.0,605.0
44,927,1,80.4,494.0
44,927,0,206.2,547.0
44,927,0,42.4,640.0
44,927,0,156.8,633.0
44,927,0,430.8,544.5
44,927,1,75.1,42.0
44,927,0,104.9,156.2
44,928,0,146.6,640.0
44,928,0,434.0,551.5
44,928,0,200.5,554.5
44,928,0,485.2,616.0
44,928,1,235.5,494.5
44,928,1,400.0,497.0
44,928,0,12.2,639.5
44,928,0,16.1,639.5
44,929,0,137.5,638.0
44,929,1,233.5,498.5
44,929,0,437.0,551.0
44,929,1,400.5,497.0
44,929,0,196.0,560.0
44,929,0,492.2,639.5
44,929,0,100.9,135.8
44,929,1,401.0,496.0
44,930,1,231.2,498.5
44,930,1,402.0,500.0
44,930,0,131.1,639.5
44,930,0,502.0,638.0
44,930,0,442.2,565.5
44,931,1,233.5,509.2
44,931,1,407.0,507.5
44,931,0,192.5,585.0
44,931,0,126.8,638.0
44,931,0,446.5,575.0
44,932,0,449.0,595.0
44,932,0,109.8,640.0
44,932,1,405.8,520.0
44,932,1,228.4,525.5
44,932,0,182.9,609.0
44,932,0,216.0,548.5
44,933,0,175.6,615.0
44,933,0,95.6,640.0
44,933,1,409.0,530.0
44,933,1,594.0,521.0
44,933,0,10.2,481.0
44,933,0,455.8,604.0
44,934,0,177.8,615.0
44,934,1,412.0,532.0
44,934,0,459.5,603.0
44,934,0,97.8,639.0
44,934,0,538.0,637.0
44,934,1,227.1,528.0
44,934,1,598.0,524.5
44,935,0,175.0,615.0
44,935,1,411.5,530.0
44,935,0,538.0,638.0
44,935,0,459.0,605.5
44,935,0,93.4,640.0
44,935,1,598.5,522.5
44,935,0,175.8,546.5
44,936,0,175.8,618.0
44,936,0,463.5,614.0
44,936,0,95.3,640.0
44,936,1,604.0,522.0
44,936,0,546.0,637.5
44,936,1,227.1,523.0
44,937,1,413.0,531.5
44,937,0,465.0,618.5
44,937,0,167.9,630.5
44,937,1,220.4,532.0
44,938,1,219.4,537.0
44,938,0,161.2,633.0
44,938,0,57.1,639.5
44,938,0,465.5,520.0
44,939,0,161.0,633.0
44,939,1,219.9,543.5
44,939,1,418.8,549.0
44,939,0,474.5,630.5
44,940,0,158.0,634.0
44,940,1,419.0,551.0
44,940,1,218.5,550.0
44,941,1,214.5,555.0
44,941,0,151.2,639.0
44,941,0,71.6,199.2
44,941,1,417.2,551.0
44,941,0,37.2,639.5
44,941,1,12.0,563.5
44,941,1,216.6,89.6
44,941,0,477.0,637.5
44,941,0,93.6,202.2
44,942,0,149.0,638.0
44,942,1,213.4,554.0
44,942,1,417.5,552.5
44,942,1,9.9,581.5
44,942,0,477.5,635.0
44,942,1,213.8,596.5
44,943,0,147.2,632.5
44,943,1,212.8,556.0
44,943,1,419.0,551.5
44,943,0,479.5,633.0
44,943,0,14.3,640.0
44,943,1,6.9,573.5
44,944,0,143.2,635.5
44,944,1,418.8,552.0
44,944,1,210.8,555.5
44,944,0,70.9,183.2
44,944,1,5.0,640.0
44,944,0,93.9,152.4
44,944,1,4.3,591.5
44,945,1,209.5,553.0
44,945,0,140.5,636.5
44,945,1,420.0,551.5
44,945,0,484.0,638.0
44,946,1,210.2,552.0
44,946,0,139.8,637.0
44,946,1,422.2,545.0
44,946,0,5.4,223.6
44,946,0,93.4,154.8
44,947,0,134.8,637.0
44,947,1,422.5,539.0
44,947,1,207.8,549.5
44,947,1,417.0,293.0
44,947,1,205.8,550.5
44,948,1,422.0,535.0
44,948,1,205.0,548.5
44,948,0,131.0,635.0
44,948,0,494.0,638.0
44,948,1,417.0,287.8
44,948,1,225.4,54.6
44,949,1,424.8,538.5
44,949,1,205.8,548.0
44,949,0,129.0,631.0
44,949,1,424.8,513.0
44,950,1,429.5,550.0
44,950,0,128.4,638.0
44,950,1,207.2,551.5
44,950,0,502.5,639.5
44,950,1,425.5,294.2
44,951,0,124.5,637.0
44,951,1,428.0,554.0
44,951,1,204.0,555.5
44,951,0,502.5,639.5
44,951,1,424.5,295.8
44,952,1,429.0,558.5
44,952,0,118.9,639.0
44,952,0,505.8,639.0
44,952,1,202.5,577.0
44,953,1,431.0,558.5
44,953,0,115.6,636.5
44,953,1,201.0,564.0
44,953,0,609.0,520.0
44,953,1,424.0,291.8
44,953,1,426.5,291.5
44,954,1,431.5,566.0
44,954,0,106.6,639.5
44,954,1,198.0,574.0
44,954,1,426.5,293.2
44,954,1,224.8,60.1
44,954,1,240.6,75.1
44,955,1,431.0,567.0
44,955,0,99.8,639.0
44,955,1,194.0,579.5
44,955,0,453.0,601.5
44,955,0,515.5,639.5
44,956,1,432.8,570.5
44,956,0,94.8,640.0
44,956,0,520.0,639.0
44,956,0,454.5,602.5
44,956,1,427.5,293.5
44,957,1,435.5,574.5
44,957,0,458.0,607.0
44,957,0,92.4,639.5
44,958,0,89.1,640.0
44,958,0,528.5,640.0
44,958,1,437.0,580.0
44,958,0,461.2,608.5
44,958,0,460.0,569.5
44,958,1,65.2,193.1
44,959,0,82.8,639.5
44,959,1,436.0,577.0
44,959,0,528.0,639.5
44,959,0,459.5,614.5
44,959,1,65.6,202.4
44,959,1,187.9,580.5
44,959,1,432.8,289.0
44,959,1,188.0,614.0
44,960,0,79.8,639.5
44,960,1,440.5,573.5
44,960,0,540.5,639.5
44,960,1,189.4,618.5
44,960,1,438.0,288.8
44,961,0,74.5,640.0
44,961,1,440.5,575.0
44,961,0,544.0,639.0
44,961,1,187.2,522.5
44,961,1,187.2,582.5
44,962,0,66.3,639.5
44,962,1,442.5,577.5
44,962,0,549.0,639.5
44,962,1,185.5,593.5
44,963,0,553.0,640.0
44,963,1,443.2,578.0
44,963,0,57.9,639.5
44,963,1,183.0,591.0
44,963,1,236.1,404.8
44,963,0,470.0,615.5
44,964,0,51.8,640.0
44,964,1,181.4,592.5
44,964,0,560.0,638.5
44,964,1,182.2,593.5
44,964,1,444.0,521.5
44,964,1,446.5,579.0
44,964,1,63.4,199.8
44,965,1,179.2,602.0
44,965,0,570.0,639.5
44,965,0,619.0,581.0
44,965,1,180.0,598.5
44,965,0,34.5,640.0
44,965,1,443.8,283.0
44,965,0,478.0,640.0
44,965,1,450.0,596.5
44,965,1,449.2,599.0
44,966,1,177.0,608.5
44,966,1,451.0,599.0
44,966,1,451.0,599.0
44,966,0,621.0,596.0
44,966,0,575.0,639.0
44,966,0,27.1,640.0
44,967,1,451.8,601.0
44,967,1,174.8,615.0
44,967,0,602.0,639.5
44,967,1,452.0,603.5
44,967,0,622.0,603.0
44,967,0,481.2,640.0
44,968,1,176.0,620.0
44,968,1,456.2,612.0
44,968,0,591.0,640.0
44,968,0,486.5,640.0
44,968,1,450.5,301.5
44,968,0,21.2,640.0
44,968,1,454.5,542.5
44,969,1,458.0,616.0
44,969,1,171.9,623.5
44,969,0,612.0,639.0
44,969,0,12.1,639.5
44,969,0,489.0,637.5
44,969,1,455.8,540.0
44,970,1,459.0,630.5
44,970,1,459.8,626.0
44,970,1,168.8,627.0
44,971,1,459.5,636.5
44,971,1,461.8,633.0
44,971,1,166.5,631.0
44,972,1,463.5,640.0
44,972,1,465.5,640.0
44,973,1,469.5,639.0
44,973,1,466.2,640.0
44,973,0,633.0,640.0
44,973,1,163.4,626.0
44,973,1,164.0,640.0
44,974,1,472.8,639.5
44,974,1,469.5,640.0
44,975,1,475.0,639.0
44,975,1,466.5,319.8
44,975,1,156.1,619.0
44,975,1,61.6,206.0
44,975,1,505.0,115.8
44,975,0,515.5,639.0
44,975,1,475.0,640.0
44,975,1,468.5,394.0
44,976,1,476.5,639.0
44,976,1,470.5,414.0
44,976,1,504.8,110.7
44,977,1,146.4,640.0
44,977,1,472.5,332.0
44,977,1,479.0,639.0
44,978,1,142.9,640.0
44,978,1,477.0,418.2
44,978,0,527.0,640.0
44,978,1,482.2,639.0
44,978,1,476.0,330.0
44,978,1,225.2,54.9
44,979,1,142.2,640.0
44,979,0,536.0,639.5
44,979,0,580.0,572.0
44,979,1,486.2,639.0
44,979,1,478.8,333.5
44,980,1,481.0,329.0
44,980,1,482.5,419.0
44,980,1,487.0,639.0
44,980,1,136.0,640.0
44,981,1,490.2,639.0
44,981,0,540.0,639.5
44,981,1,485.5,334.8
44,981,1,485.5,433.0
44,981,0,73.6,639.0
44,981,1,135.8,640.0
44,982,1,130.7,640.0
44,982,1,493.0,639.0
44,982,1,485.0,334.5
44,982,1,486.0,427.5
44,982,1,130.5,640.0
44,983,1,115.8,640.0
44,983,1,500.5,640.0
44,983,1,498.0,430.5
44,983,1,117.1,640.0
44,983,1,210.4,60.3
44,983,1,503.5,640.0
44,1626,1,522.0,640.0
44,1626,0,238.1,542.5
44,1626,1,170.8,639.0
44,1626,0,261.0,498.0
44,1626,0,425.2,493.8
44,1626,0,490.0,595.0
44,1626,1,405.0,457.0
44,1626,1,277.0,464.0
44,1626,0,397.5,444.5
44,1626,0,289.0,437.5
44,1626,0,237.9,514.0
44,1626,1,377.5,406.0
44,1627,1,523.0,639.5
44,1627,1,165.0,640.0
44,1627,0,423.8,493.5
44,1627,0,258.0,480.5
44,1627,1,23.1,521.0
44,1627,1,375.0,404.0
44,1627,0,490.0,598.0
44,1627,1,273.0,457.5
44,1627,0,397.5,445.5
44,1627,0,204.4,522.5
44,1627,0,447.5,460.0
44,1627,0,397.2,445.5
44,1627,1,278.5,448.5
44,1627,0,390.0,414.8
44,1627,1,401.5,449.0
44,1627,1,276.8,457.2
44,1627,0,397.8,426.5
44,1627,0,234.8,497.5
44,1627,0,423.0,476.0
44,1628,1,531.5,640.0
44,1628,0,257.6,471.0
44,1628,0,233.2,543.5
44,1628,1,273.5,453.5
44,1628,0,495.2,585.0
44,1628,0,452.5,546.5
44,1628,1,275.2,454.0
44,1628,0,426.2,494.5
44,1628,0,386.5,416.5
44,1628,0,391.8,424.0
44,1628,1,404.8,457.8
44,1628,0,398.5,445.2
44,1628,1,278.2,446.0
44,1628,0,286.0,418.5
44,1629,1,532.0,640.0
44,1629,1,154.9,640.0
44,1629,0,230.8,545.0
44,1629,0,122.5,640.0
44,1629,0,495.2,593.5
44,1629,0,255.1,460.0
44,1629,1,271.5,453.5
44,1629,0,30.5,594.0
44,1629,0,285.0,433.5
44,1629,0,390.8,426.0
44,1629,1,375.2,403.5
44,1629,0,284.5,435.0
44,1629,1,402.0,450.0
44,1629,0,397.8,448.0
44,1629,0,424.0,446.2
44,1629,0,285.2,422.5
44,1629,0,197.6,546.5
44,1629,0,398.0,429.0
44,1629,0,390.0,415.5
44,1629,0,289.5,419.8
44,1629,0,409.0,449.0
44,1629,0,289.5,418.8
44,1629,0,450.5,465.2
44,1630,1,153.8,640.0
44,1630,1,538.0,640.0
44,1630,0,502.0,596.0
44,1630,0,231.8,538.0
44,1630,0,256.5,458.0
44,1630,0,21.8,595.0
44,1630,1,273.0,452.2
44,1630,1,406.0,453.8
44,1630,0,118.9,640.0
44,1630,0,454.0,460.5
44,1630,0,454.5,547.5
44,1630,0,427.5,492.5
44,1630,0,286.0,427.5
44,1630,1,275.5,450.0
44,1630,0,285.5,430.5
44,1630,0,197.5,559.0
44,1630,0,392.5,425.5
44,1630,0,285.8,416.0
44,1630,1,377.5,400.0
44,1631,0,502.0,607.5
44,1631,1,541.0,640.0
44,1631,1,151.5,640.0
44,1631,0,230.6,538.5
44,1631,0,114.9,639.0
44,1631,1,271.5,450.5
44,1631,0,392.0,410.8
44,1631,1,148.2,418.5
44,1631,1,405.5,451.5
44,1631,0,254.9,456.8
44,1631,0,619.0,639.0
44,1631,0,455.8,546.5
44,1631,0,285.5,426.8
44,1631,0,285.0,428.0
44,1631,0,196.5,518.5
44,1631,0,386.5,408.0
44,1631,0,454.0,451.8
44,1631,0,428.0,493.5
44,1631,1,376.8,398.0
44,1631,0,617.0,640.0
44,1632,1,144.5,639.5
44,1632,0,251.9,488.5
44,1632,0,453.5,439.5
44,1632,1,374.8,392.8
44,1632,1,543.5,640.0
44,1632,1,269.2,452.0
44,1632,0,390.5,420.0
44,1632,0,425.5,434.0
44,1632,0,504.5,538.0
44,1632,0,105.2,639.0
44,1632,0,454.0,523.0
44,1632,0,226.8,535.0
44,1632,0,252.5,459.5
44,1632,0,503.0,580.0
44,1633,1,140.8,639.5
44,1633,1,548.0,640.0
44,1633,0,98.5,640.0
44,1633,0,251.6,487.5
44,1633,0,509.0,536.5
44,1633,1,375.2,389.0
44,1633,1,269.0,450.5
44,1633,0,252.0,457.8
44,1633,0,398.0,437.0
44,1633,0,390.5,406.5
44,1633,1,138.9,417.0
44,1633,0,90.4,640.0
44,1633,1,405.0,448.5
44,1633,0,390.8,416.8
44,1634,1,133.8,640.0
44,1634,1,557.0,640.0
44,1634,0,250.4,495.0
44,1634,1,405.0,452.0
44,1634,1,268.0,454.0
44,1634,0,89.1,640.0
44,1634,1,130.5,424.0
44,1634,1,375.5,392.5
44,1634,0,458.0,451.5
44,1634,0,398.5,440.2
44,1635,1,561.0,639.0
44,1635,1,266.2,458.0
44,1635,1,405.2,454.0
44,1635,0,220.4,552.5
44,1635,0,79.8,640.0
44,1635,0,458.8,451.5
44,1635,1,374.8,395.5
44,1635,0,398.5,443.5
44,1635,0,390.5,406.5
44,1635,0,248.8,474.5
44,1635,1,126.2,426.0
44,1635,1,126.8,639.0
44,1635,0,281.0,408.8
44,1636,1,568.0,639.0
44,1636,0,180.8,586.5
44,1636,0,78.2,640.0
44,1636,1,408.0,452.5
44,1636,0,250.4,498.5
44,1636,0,393.0,411.0
44,1636,1,268.5,457.5
44,1636,1,376.5,397.5
44,1636,1,128.8,640.0
44,1636,0,250.6,471.8
44,1636,0,393.2,416.5
44,1636,0,387.0,407.8
44,1636,0,462.5,460.5
44,1636,1,569.5,416.5
44,1636,0,34.4,501.0
44,1636,0,634.5,463.0
44,1636,0,412.5,448.8
44,1637,1,568.0,639.0
44,1637,0,69.0,640.0
44,1637,1,406.0,456.2
44,1637,1,120.4,426.0
44,1637,0,218.4,554.5
44,1637,1,120.9,640.0
44,1637,1,265.5,458.2
44,1637,0,30.3,503.0
44,1637,0,247.6,501.8
44,1637,0,461.0,448.5
44,1637,1,375.2,394.2
44,1637,0,391.5,412.0
44,1637,0,176.5,634.0
44,1637,0,280.5,409.5
44,1637,0,390.5,409.2
44,1637,0,177.0,584.5
44,1637,0,272.8,435.0
44,1637,0,399.0,445.5
44,1637,0,281.0,428.0
44,1637,0,412.5,445.5
44,1638,1,577.0,639.0
44,1638,1,118.6,640.0
44,1638,0,176.0,595.0
44,1638,0,219.4,559.5
44,1638,1,267.5,456.5
44,1638,0,527.0,635.0
44,1638,1,115.8,425.5
44,1638,1,408.5,460.5
44,1638,0,393.5,415.2
44,1638,0,282.0,426.5
44,1638,0,249.1,469.8
44,1638,0,21.7,497.2
44,1638,0,465.0,449.5
44,1638,0,394.0,426.8
44,1638,0,281.8,430.5
44,1638,1,377.0,398.0
44,1638,1,408.5,457.0
44,1638,0,468.2,566.5
44,1639,1,581.0,639.5
44,1639,1,115.0,640.0
44,1639,1,409.8,460.5
44,1639,0,528.0,639.0
44,1639,1,266.0,460.2
44,1639,0,393.2,414.0
44,1639,0,58.4,639.5
44,1639,0,218.0,562.0
44,1639,0,248.0,493.0
44,1639,0,173.9,604.5
44,1639,0,281.5,428.0
44,1639,0,465.5,453.5
44,1639,1,376.0,401.5
44,1639,0,281.2,432.0
44,1639,0,274.0,431.5
44,1640,1,263.8,459.8
44,1640,1,409.0,459.0
44,1640,0,213.1,565.5
44,1640,1,100.9,640.0
44,1640,0,536.0,622.0
44,1640,1,99.1,441.5
44,1640,0,279.8,419.0
44,1640,0,393.0,426.5
44,1640,0,392.5,421.0
44,1640,1,603.0,640.0
44,1640,0,165.5,604.5
44,1640,1,375.5,398.5
44,1640,0,538.0,566.0
44,1640,0,244.5,471.5
44,1640,0,468.5,460.0
44,1640,0,386.2,405.8
44,1640,0,9.8,522.0
44,1640,0,165.2,560.0
44,1640,1,594.0,640.0
44,1640,0,33.4,640.0
44,1640,0,279.5,428.5
44,1640,1,8.8,640.0
44,1640,0,285.5,414.0
44,1640,0,278.8,414.5
44,1641,1,263.5,462.0
44,1641,0,213.1,567.5
44,1641,1,99.8,640.0
44,1641,1,408.5,462.2
44,1641,0,393.0,420.5
44,1641,0,538.0,639.0
44,1641,0,279.8,422.5
44,1641,1,598.0,640.0
44,1641,0,165.2,611.0
44,1641,0,279.5,428.8
44,1641,1,604.0,640.0
44,1641,1,409.0,461.0
44,1641,1,599.0,640.0
44,1641,0,386.2,407.0
44,1641,0,244.5,475.0
44,1641,0,165.0,567.0
44,1641,0,393.0,429.5
44,1641,1,95.9,435.5
44,1641,1,375.5,399.0
44,1641,0,285.5,415.0
44,1641,0,278.8,415.0
44,1641,0,471.2,577.5
44,1641,0,387.0,404.8
44,1642,1,100.1,639.5
44,1642,0,214.9,568.0
44,1642,1,265.2,461.5
44,1642,1,98.0,434.0
44,1642,0,165.8,609.0
44,1642,0,394.5,415.5
44,1642,1,613.0,640.0
44,1642,0,281.0,417.5
44,1642,1,411.8,458.0
44,1642,0,246.1,503.2
44,1642,0,273.0,428.5
44,1642,1,411.0,460.0
44,1642,1,377.5,400.5
44,1642,0,416.8,448.5
44,1642,0,281.2,429.2
44,1642,0,472.5,459.0
44,1642,0,14.2,552.0
44,1642,0,474.5,576.0
44,1643,1,92.8,639.5
44,1643,1,617.0,640.0
44,1643,1,265.0,460.5
44,1643,0,212.2,571.0
44,1643,0,473.8,457.5
44,1643,1,90.5,438.5
44,1643,1,412.2,458.0
44,1643,0,394.5,412.5
44,1643,0,162.5,547.0
44,1643,0,280.5,418.5
44,1643,1,377.0,397.5
44,1643,0,281.0,430.5
44,1643,0,162.0,600.5
44,1643,0,272.5,433.5
44,1643,0,417.5,445.0
44,1643,0,388.5,405.5
44,1643,0,245.0,481.0
44,1643,0,439.0,515.5
44,1643,0,404.0,415.5
44,1644,1,83.6,639.5
44,1644,0,208.4,573.5
44,1644,1,262.8,456.0
44,1644,0,158.8,630.0
44,1644,1,619.0,640.0
44,1644,0,393.5,410.0
44,1644,0,474.2,456.5
44,1644,1,79.0,310.2
44,1644,1,411.2,458.8
44,1644,0,416.5,454.0
44,1644,0,438.5,510.5
44,1644,1,618.0,635.0
44,1644,0,278.5,415.5
44,1644,1,292.0,405.5
44,1644,1,376.5,397.0
44,1644,1,82.4,445.2
44,1644,0,394.0,418.5
44,1644,0,393.5,429.0
44,1644,0,286.0,412.2
44,1644,0,278.5,427.0
44,1645,1,81.0,640.0
44,1645,1,264.0,459.5
44,1645,0,209.6,575.5
44,1645,1,74.2,314.8
44,1645,1,623.0,640.0
44,1645,1,78.8,448.0
44,1645,1,623.0,527.0
44,1645,0,280.5,425.0
44,1645,0,477.5,458.5
44,1645,0,396.2,424.5
44,1645,0,158.0,630.0
44,1645,1,618.5,631.0
44,1645,0,389.5,406.0
44,1645,0,396.2,408.8
44,1645,1,411.8,455.5
44,1645,0,157.6,547.0
44,1646,1,261.5,463.0
44,1646,1,73.6,640.0
44,1646,1,626.5,640.0
44,1646,0,394.0,417.0
44,1646,0,206.6,582.5
44,1646,0,278.5,422.5
44,1646,0,152.8,631.5
44,1646,1,68.3,315.2
44,1646,0,389.0,409.8
44,1646,1,71.7,457.0
44,1646,0,394.0,429.8
44,1646,0,477.0,461.5
44,1646,1,412.0,457.8
44,1646,0,278.5,431.0
44,1646,1,376.0,399.2
44,1646,0,418.0,452.0
44,1646,0,440.0,510.5
44,1646,0,559.0,640.0
44,1646,0,388.0,411.5
44,1646,0,403.0,448.5
44,1646,0,285.5,415.8
44,1647,1,262.0,466.5
44,1647,0,146.8,635.0
44,1647,0,204.5,583.0
44,1647,1,633.5,491.0
44,1647,1,631.0,639.5
44,1647,1,62.6,312.5
44,1647,0,442.8,513.0
44,1647,0,279.5,416.0
44,1647,0,396.0,421.5
44,1647,1,66.3,465.0
44,1647,1,631.0,640.0
44,1647,0,404.5,449.5
44,1647,0,389.5,411.8
44,1647,0,480.2,463.0
44,1647,0,405.5,439.0
44,1647,0,278.8,414.0
44,1647,1,378.0,399.0
44,1647,0,285.8,414.0
44,1647,1,412.2,458.5
44,1647,0,240.8,477.0
44,1647,1,631.0,639.5
44,1648,1,57.7,467.0
44,1648,1,262.2,468.0
44,1648,0,145.8,632.5
44,1648,0,483.5,465.2
44,1648,0,204.8,588.0
44,1648,0,421.2,459.2
44,1648,0,279.5,422.8
44,1648,0,397.0,426.0
44,1648,1,378.8,400.0
44,1648,0,240.9,477.2
44,1648,1,293.0,409.5
44,1648,0,397.2,434.5
44,1648,1,62.1,640.0
44,1648,0,390.0,406.0
44,1648,0,286.0,419.5
44,1648,0,406.5,452.5
44,1649,1,50.6,640.0
44,1649,0,143.5,637.0
44,1649,1,261.5,470.5
44,1649,0,202.1,592.0
44,1649,1,49.4,475.0
44,1649,0,397.0,425.5
44,1649,0,279.0,420.5
44,1649,0,485.0,462.0
44,1649,0,397.5,429.2
44,1649,0,421.5,460.2
44,1649,0,279.5,434.0
44,1649,0,239.8,481.5
44,1649,1,379.5,400.5
44,1649,1,600.0,437.0
44,1649,0,420.2,464.5
44,1649,1,44.6,323.5
44,1649,0,390.0,404.0
44,1649,0,406.8,453.5
44,1649,1,52.1,640.0
44,1650,1,36.8,474.0
44,1650,0,277.5,428.5
44,1650,1,260.2,468.0
44,1650,0,199.8,597.0
44,1650,0,136.1,638.0
44,1650,0,421.8,459.0
44,1650,1,41.1,639.5
44,1650,0,489.5,596.0
44,1650,0,396.5,428.5
44,1650,1,378.0,398.5
44,1650,0,237.5,484.5
44,1650,0,397.0,433.0
44,1650,1,292.5,407.5
44,1650,0,406.5,452.0
44,1650,0,269.5,445.2
44,1650,0,634.0,427.5
44,1650,0,285.0,418.5
44,1650,0,420.5,461.5
44,1651,0,422.0,461.8
44,1651,1,258.4,470.0
44,1651,0,396.5,426.2
44,1651,0,276.8,430.0
44,1651,0,126.6,638.5
44,1651,0,195.9,601.0
44,1651,1,377.5,402.0
44,1651,1,26.1,639.5
44,1651,1,23.5,486.5
44,1651,0,406.5,454.0
44,1651,0,489.2,469.0
44,1651,0,389.5,410.5
44,1651,1,24.0,562.5
44,1651,0,529.0,433.5
44,1651,0,420.8,465.5
44,1651,0,235.0,523.0
44,1651,0,491.5,595.5
44,1651,1,26.0,639.0
44,1652,1,16.4,640.0
44,1652,0,121.1,639.0
44,1652,0,421.8,463.5
44,1652,0,265.0,447.0
44,1652,1,12.9,309.0
44,1652,0,395.5,419.8
44,1652,0,491.5,603.0
44,1652,0,395.0,435.0
44,1652,1,15.2,476.5
44,1652,1,413.0,465.0
44,1652,0,388.2,402.5
44,1652,0,233.2,518.5
44,1652,0,281.5,418.0
44,1652,1,410.8,463.0
44,1652,0,233.5,484.8
44,1652,0,405.2,456.0
44,1652,0,490.0,479.5
44,1652,1,376.5,401.8
44,1652,0,406.0,445.5
44,1653,0,119.5,637.5
44,1653,1,12.7,640.0
44,1653,0,397.0,420.0
44,1653,1,11.9,490.0
44,1653,0,389.0,420.0
44,1653,0,276.5,426.8
44,1653,1,257.5,471.0
44,1653,1,377.8,407.5
44,1653,0,494.5,481.2
44,1653,0,496.5,619.5
44,1653,0,450.2,531.5
44,1653,0,282.0,419.2
44,1653,0,397.5,437.0
44,1653,0,233.8,533.5
44,1653,0,276.0,438.5
44,1653,0,410.5,469.0
44,1654,0,115.2,640.0
44,1654,0,389.2,408.5
44,1654,0,499.5,621.5
44,1654,0,397.5,426.0
44,1654,0,276.5,425.0
44,1654,0,232.1,535.0
44,1654,0,451.2,535.0
44,1654,1,378.0,407.8
44,1654,0,389.5,419.5
44,1654,0,425.5,471.8
44,1654,0,267.2,454.0
44,1654,1,257.0,473.5
44,1654,0,398.0,441.2
44,1654,0,543.5,449.0
44,1654,0,281.8,419.5
44,1654,0,499.0,498.5
44,1654,1,6.6,316.0
44,1654,0,425.5,436.8
44,1655,0,409.0,438.5
44,1655,0,397.5,423.0
44,1655,0,188.8,616.0
44,1655,0,389.2,407.5
44,1655,0,426.5,474.5
44,1655,0,275.5,421.8
44,1655,0,452.5,534.0
44,1655,0,265.5,457.5
44,1655,0,408.5,465.5
44,1655,0,389.8,413.8
44,1655,0,231.4,538.5
44,1655,0,501.8,609.0
44,1655,1,379.0,407.0
44,1655,1,578.0,447.5
44,1655,0,426.2,442.5
44,1655,0,562.0,439.5
44,1655,0,281.5,420.2
44,1655,0,409.5,463.5
44,1655,0,398.2,440.2
44,1656,0,397.5,423.0
44,1656,0,505.5,531.0
44,1656,0,183.8,624.5
44,1656,0,88.3,638.0
44,1656,0,228.6,541.5
44,1656,0,409.0,419.2
44,1656,0,454.5,538.0
44,1656,0,389.2,408.8
44,1656,0,274.0,429.2
44,1656,0,567.0,444.8
44,1656,1,378.0,408.0
44,1656,0,274.2,446.2
44,1656,0,408.5,465.5
44,1656,0,557.0,459.2
44,1656,0,281.0,421.5
44,1656,1,254.2,485.2
44,1656,0,426.8,475.0
44,1656,0,409.5,459.2
44,1657,0,88.2,639.0
44,1657,0,397.8,420.5
44,1657,0,389.0,405.0
44,1657,0,179.0,636.5
44,1657,0,409.0,425.5
44,1657,0,455.5,544.0
44,1657,1,377.8,406.8
44,1657,0,409.0,464.5
44,1657,0,280.5,421.5
44,1657,0,263.5,448.8
44,1657,0,409.0,464.0
44,1657,0,273.0,424.5
44,1657,0,389.5,419.5
44,1657,1,252.8,487.5
44,1657,0,410.0,464.5
44,1657,0,427.5,473.5
44,1657,1,379.0,408.0
44,1657,0,509.5,619.5
44,1657,1,422.0,478.0
44,1658,0,79.0,640.0
44,1658,0,457.0,543.5
44,1658,0,389.0,413.5
44,1658,0,176.0,637.0
44,1658,0,397.2,418.5
44,1658,0,408.5,465.5
44,1658,0,408.8,432.2
44,1658,1,377.5,405.5
44,1658,1,251.8,486.5
44,1658,0,261.5,451.2
44,1658,0,408.5,465.2
44,1658,0,409.2,422.0
44,1658,0,271.5,426.5
44,1658,0,427.5,480.2
44,1658,0,565.0,460.5
44,1658,1,379.0,406.2
44,1658,0,410.0,469.5
44,1659,0,70.1,640.0
44,1659,0,388.8,425.0
44,1659,0,396.5,427.5
44,1659,0,456.8,554.0
44,1659,0,270.0,447.0
44,1659,1,250.5,487.5
44,1659,0,408.8,427.0
44,1659,0,220.9,556.5
44,1659,1,286.2,416.5
44,1659,0,221.5,511.5
44,1659,0,269.5,451.0
44,1659,1,376.0,407.5
44,1659,0,427.2,481.5
44,1659,0,261.0,470.0
44,1659,0,397.0,438.0
44,1659,0,389.0,421.0
44,1660,0,60.4,639.5
44,1660,0,456.2,560.0
44,1660,1,246.2,499.5
44,1660,1,374.0,416.5
44,1660,0,394.8,429.5
44,1660,0,166.2,638.0
44,1660,0,216.1,566.5
44,1660,0,385.5,420.0
44,1660,0,267.0,439.5
44,1660,0,406.8,477.2
44,1660,1,415.5,487.0
44,1660,0,274.2,427.0
44,1661,0,453.0,562.5
44,1661,0,210.0,571.0
44,1661,0,391.5,429.5
44,1661,1,240.6,496.5
44,1661,0,36.7,639.5
44,1661,0,156.6,639.0
44,1661,1,370.0,416.5
44,1661,0,382.0,418.5
44,1661,0,621.0,477.0
44,1661,0,262.5,440.0
44,1661,0,262.0,462.8
44,1661,0,403.5,433.0
44,1661,0,403.5,442.0
44,1661,0,402.5,478.5
44,1661,0,383.0,419.5
44,1661,0,270.0,421.5
44,1661,0,556.0,487.5
44,1662,0,29.6,640.0
44,1662,0,450.5,567.0
44,1662,0,388.2,433.2
44,1662,1,410.5,496.2
44,1662,0,258.5,439.2
44,1662,0,148.8,635.0
44,1662,0,379.8,421.0
44,1662,1,237.5,500.0
44,1662,1,367.0,417.0
44,1662,0,204.5,574.5
44,1662,0,420.5,492.2
44,1662,0,266.0,434.8
44,1662,1,276.0,428.5
44,1662,0,556.0,490.0
44,1662,0,511.0,539.5
44,1662,1,411.2,493.5
44,1663,1,408.0,499.0
44,1663,0,451.2,571.0
44,1663,1,234.0,504.5
44,1663,1,410.0,500.5
44,1663,0,200.2,579.5
44,1663,0,386.5,433.0
44,1663,0,263.5,431.0
44,1663,0,376.8,421.0
44,1663,1,273.0,426.0
44,1663,0,141.2,639.0
44,1663,1,365.5,417.0
44,1663,0,514.9,551.0
44,1663,1,245.0,482.5
44,1663,0,419.0,488.0
44,1663,0,419.5,442.5
44,1664,1,229.8,510.5
44,1664,1,406.5,500.0
44,1664,1,361.2,419.0
44,1664,0,450.2,571.0
44,1664,1,270.0,428.0
44,1664,0,252.2,464.0
44,1664,0,396.5,481.5
44,1664,0,396.5,465.0
44,1664,0,374.5,421.0
44,1664,0,516.0,554.0
44,1664,0,373.5,418.8
44,1664,0,384.0,447.0
44,1664,0,240.5,473.0
44,1664,1,407.5,501.5
44,1664,0,618.0,497.5
44,1664,0,261.0,439.5
44,1664,0,135.2,636.5
44,1664,0,516.0,640.0
44,1664,1,269.5,428.2
44,1664,0,397.0,483.5
44,1664,0,397.2,452.2
44,1665,1,361.2,418.5
44,1665,1,405.5,498.0
44,1665,0,373.0,417.0
44,1665,0,250.6,441.5
44,1665,1,228.2,512.5
44,1665,0,450.2,573.5
44,1665,0,383.2,430.0
44,1665,0,395.5,482.0
44,1665,1,269.0,427.5
44,1665,0,259.5,436.5
44,1665,0,396.5,441.0
44,1665,1,268.8,428.0
44,1665,0,258.8,430.5
44,1665,1,362.5,419.0
44,1665,0,518.0,554.5
44,1666,0,453.5,576.5
44,1666,1,408.5,503.0
44,1666,1,228.4,516.0
44,1666,1,46.3,491.5
44,1666,0,251.8,451.5
44,1666,1,409.5,502.0
44,1666,0,384.8,436.5
44,1666,1,269.5,431.0
44,1666,0,375.0,418.5
44,1666,1,362.5,416.5
44,1666,0,385.5,445.0
44,1666,0,524.0,571.5
44,1666,0,260.5,441.0
44,1666,0,190.2,591.0
44,1666,0,398.5,485.0
44,1666,0,251.5,467.0
44,1666,0,398.5,438.8
44,1667,1,405.2,501.8
44,1667,1,360.0,419.0
44,1667,0,383.0,430.5
44,1667,0,452.0,578.0
44,1667,0,186.0,593.0
44,1667,0,395.2,482.5
44,1667,0,248.2,456.8
44,1667,0,257.2,441.5
44,1667,0,372.8,420.5
44,1667,0,582.0,500.0
44,1667,1,224.5,506.5
44,1667,1,42.2,487.0
44,1667,0,257.2,443.5
44,1667,1,580.0,499.5
44,1667,0,396.5,432.0
44,1667,0,523.0,560.0
44,1668,0,455.5,581.0
44,1668,0,185.8,595.0
44,1668,1,408.5,507.0
44,1668,0,385.0,433.5
44,1668,0,249.5,459.8
44,1668,1,362.2,420.0
44,1668,0,259.0,440.5
44,1668,0,375.0,422.2
44,1668,0,385.8,442.5
44,1668,0,116.1,638.0
44,1668,0,222.0,516.5
44,1668,1,225.5,511.0
44,1668,0,257.9,434.0
44,1668,0,530.0,565.0
44,1668,1,268.0,429.0
44,1668,0,421.5,509.5
44,1668,0,420.5,502.5
44,1668,1,268.5,429.5
44,1668,1,409.5,504.0
44,1669,0,453.0,585.5
44,1669,0,380.5,439.0
44,1669,1,404.5,507.0
44,1669,1,358.5,422.2
44,1669,0,245.8,471.5
44,1669,0,232.9,490.0
44,1669,0,372.0,437.5
44,1669,0,180.0,597.0
44,1669,0,394.2,488.2
44,1669,0,381.2,448.5
44,1669,0,109.5,638.0
44,1669,0,254.1,443.8
44,1669,0,394.5,488.0
44,1669,1,264.0,429.8
44,1669,0,395.0,452.2
44,1670,0,381.5,437.5
44,1670,1,405.2,511.0
44,1670,0,178.4,603.5
44,1670,0,454.0,595.5
44,1670,0,372.5,435.0
44,1670,1,359.0,424.5
44,1670,0,232.5,489.0
44,1670,0,244.9,473.0
44,1670,0,103.9,640.0
44,1670,0,57.2,454.2
44,1670,0,395.0,493.5
44,1670,0,253.4,445.8
44,1670,0,536.0,640.0
44,1670,0,14.4,470.5
44,1670,1,31.1,451.0
44,1670,1,584.5,509.2
44,1670,0,84.5,449.5
44,1670,0,537.0,591.5
44,1670,0,382.5,440.5
44,1670,0,396.0,445.0
44,1670,1,219.8,524.0
44,1670,0,395.5,496.5
44,1670,0,245.0,475.0
44,1670,0,245.5,455.5
44,1670,0,633.0,550.0
44,1670,0,417.8,526.5
44,1671,1,406.0,517.5
44,1671,0,381.2,444.0
44,1671,0,178.0,603.5
44,1671,0,457.0,597.5
44,1671,0,372.0,445.0
44,1671,0,232.2,495.5
44,1671,0,244.8,478.5
44,1671,1,359.2,427.5
44,1671,1,29.4,503.5
44,1671,0,420.8,528.5
44,1671,0,396.2,497.8
44,1671,0,253.5,448.0
44,1671,0,382.2,451.0
44,1671,0,396.5,500.0
44,1671,0,396.5,492.0
44,1671,0,396.5,455.5
44,1671,1,263.8,429.0
44,1671,0,245.0,455.5
44,1671,0,244.2,476.0
44,1671,0,103.6,638.0
44,1671,1,220.0,524.0
44,1672,1,407.0,519.5
44,1672,0,381.5,444.0
44,1672,0,175.2,608.0
44,1672,0,253.2,450.8
44,1672,0,372.5,446.2
44,1672,0,244.0,461.0
44,1672,0,458.5,605.0
44,1672,1,218.8,526.5
44,1672,1,26.2,479.0
44,1672,0,383.0,444.8
44,1672,0,231.4,488.5
44,1672,1,359.2,426.5
44,1672,0,397.5,458.8
44,1672,0,422.0,540.5
44,1672,0,253.2,451.0
44,1672,1,501.8,440.0
44,1672,0,243.5,473.0
44,1672,0,96.0,640.0
44,1672,0,397.2,489.2
44,1673,0,381.5,443.8
44,1673,1,407.0,520.0
44,1673,0,242.2,470.8
44,1673,0,173.0,615.0
44,1673,1,261.8,438.0
44,1673,0,372.0,446.2
44,1673,0,91.2,640.0
44,1673,1,358.5,429.0
44,1673,1,216.4,527.5
44,1673,0,252.0,448.5
44,1673,0,229.8,502.5
44,1673,0,460.0,606.0
44,1673,0,422.2,519.5
44,1673,0,242.0,452.2
44,1673,0,590.0,510.2
44,1673,0,397.2,460.5
44,1673,0,398.0,455.2
44,1673,1,216.8,521.5
44,1673,0,252.2,448.5
44,1673,1,21.0,501.0
44,1673,0,397.2,498.0
44,1674,0,171.2,616.5
44,1674,0,243.0,455.0
44,1674,0,373.0,438.8
44,1674,0,423.5,540.0
44,1674,0,383.5,445.0
44,1674,0,462.0,608.5
44,1674,0,252.9,452.5
44,1674,1,216.8,530.0
44,1674,1,262.5,438.5
44,1674,1,359.5,429.5
44,1674,1,408.2,523.0
44,1674,0,635.0,604.5
44,1674,0,230.1,503.0
44,1674,0,422.8,517.0
44,1674,1,217.2,522.0
44,1674,0,398.8,487.0
44,1675,0,381.5,440.5
44,1675,1,407.5,524.5
44,1675,0,167.5,624.0
44,1675,1,214.0,534.5
44,1675,0,372.0,433.0
44,1675,0,422.8,528.5
44,1675,0,250.2,453.8
44,1675,0,462.0,615.5
44,1675,0,77.6,639.5
44,1675,0,250.5,455.5
44,1675,1,214.0,532.5
44,1675,0,397.0,508.5
44,1675,0,397.5,459.2
44,1675,1,359.0,429.5
44,1675,1,260.5,438.5
44,1675,0,240.5,471.0
44,1675,0,249.6,447.5
44,1675,0,239.8,459.2
44,1675,0,396.5,505.8
44,1675,0,398.0,450.2
44,1675,0,250.1,457.0
44,1676,0,381.8,446.0
44,1676,1,408.0,527.5
44,1676,0,372.2,437.8
44,1676,0,238.8,454.5
44,1676,0,249.2,452.0
44,1676,0,163.2,633.0
44,1676,1,358.8,432.0
44,1676,0,423.8,532.0
44,1676,0,238.9,475.5
44,1676,0,464.5,620.0
44,1676,0,382.5,448.8
44,1676,1,260.2,440.0
44,1676,1,212.0,538.0
44,1676,0,463.5,532.5
44,1676,0,468.8,411.5
44,1676,0,249.2,459.5
44,1676,0,398.8,465.0
44,1676,0,238.8,485.5
44,1677,0,382.0,444.2
44,1677,0,465.8,532.0
44,1677,0,372.0,437.2
44,1677,1,409.0,524.0
44,1677,1,5.3,543.5
44,1677,0,238.2,459.0
44,1677,0,248.5,454.5
44,1677,1,358.5,431.5
44,1677,1,210.8,537.0
44,1677,0,424.8,512.0
44,1677,0,238.0,482.0
44,1677,1,260.5,437.0
44,1677,0,249.0,457.5
44,1677,0,467.0,626.0
44,1677,0,399.0,456.5
44,1677,0,237.9,485.5
44,1677,0,161.2,635.0
44,1677,0,238.0,485.5
44,1678,0,381.5,439.8
44,1678,1,207.9,535.0
44,1678,0,157.1,634.5
44,1678,0,468.8,611.0
44,1678,0,382.8,440.5
44,1678,0,247.4,449.0
44,1678,0,371.5,434.2
44,1678,0,237.0,468.5
44,1678,1,409.0,524.5
44,1678,0,425.0,530.5
44,1678,1,258.8,434.5
44,1678,1,357.5,427.0
44,1678,1,208.1,529.0
44,1678,0,246.8,437.0
44,1678,0,236.8,481.0
44,1678,0,236.8,481.5
44,1678,0,247.2,454.2
44,1678,0,398.0,504.5
44,1679,0,380.5,439.8
44,1679,0,235.0,475.2
44,1679,1,206.0,535.5
44,1679,0,370.5,428.0
44,1679,0,152.5,637.0
44,1679,1,408.5,521.5
44,1679,0,245.5,452.0
44,1679,0,382.0,441.5
44,1679,0,469.2,614.5
44,1679,1,357.0,424.8
44,1679,1,257.0,428.5
44,1679,0,425.0,518.0
44,1679,1,206.2,527.5
44,1679,0,397.8,503.5
44,1680,0,380.8,440.0
44,1680,0,234.2,478.0
44,1680,0,470.0,610.0
44,1680,1,204.4,536.0
44,1680,0,150.6,637.5
44,1680,1,408.8,526.5
44,1680,0,245.0,453.5
44,1680,0,370.0,427.0
44,1680,0,382.0,440.5
44,1680,0,397.5,505.5
44,1680,0,233.4,454.8
44,1680,1,357.5,427.5
44,1680,1,256.5,433.0
44,1680,0,399.0,452.0
44,1680,0,218.8,484.0
44,1680,0,425.0,535.0
44,1680,1,29.1,209.0
44,1680,0,398.5,468.0
44,1681,0,381.8,440.2
44,1681,0,234.0,483.0
44,1681,0,245.0,457.5
44,1681,0,382.8,440.0
44,1681,1,357.8,429.8
44,1681,1,411.2,529.5
44,1681,0,370.8,433.0
44,1681,0,473.0,627.0
44,1681,1,256.8,440.0
44,1681,0,233.5,468.2
44,1681,0,218.4,490.0
44,1681,0,426.8,540.5
44,1681,0,399.0,458.8
44,1682,0,380.5,445.5
44,1682,0,231.1,483.0
44,1682,0,242.5,455.5
44,1682,0,215.5,488.5
44,1682,1,408.5,528.0
44,1682,0,216.6,505.5
44,1682,1,355.5,428.0
44,1682,1,200.0,547.5
44,1682,1,254.2,438.5
44,1682,0,471.5,633.0
44,1682,0,241.5,444.5
44,1682,0,381.5,452.5
44,1682,0,368.5,437.0
44,1682,0,397.5,503.5
44,1682,0,243.0,459.2
44,1682,0,397.0,509.5
44,1682,0,396.5,508.0
44,1682,0,13.3,640.0
44,1682,0,188.2,536.0
44,1683,0,232.2,488.5
44,1683,0,382.0,443.2
44,1683,0,217.5,519.5
44,1683,0,244.4,461.5
44,1683,1,358.5,431.2
44,1683,0,371.8,438.5
44,1683,1,412.0,534.0
44,1683,1,198.6,548.0
44,1683,0,188.4,540.5
44,1683,1,256.4,437.5
44,1683,0,399.5,462.5
44,1683,0,383.5,441.5
44,1683,1,149.8,434.5
44,1683,1,200.6,548.5
44,1683,0,142.0,639.5
44,1683,0,476.5,637.5
44,1683,0,243.2,450.5
44,1683,0,400.5,464.8
44,1683,1,201.5,547.5
44,1684,1,196.9,548.0
44,1684,0,379.8,446.2
44,1684,0,136.3,638.0
44,1684,0,228.6,487.2
44,1684,1,353.5,429.0
44,1684,1,408.5,532.5
44,1684,0,213.8,519.5
44,1684,0,184.6,550.0
44,1684,1,252.2,437.5
44,1684,0,70.5,477.0
44,1684,0,397.5,467.0
44,1684,0,380.5,460.0
44,1684,0,397.0,511.5
44,1684,0,10.1,548.5
44,1684,1,197.6,545.0
44,1684,0,368.5,450.0
44,1684,0,212.5,507.8
44,1684,0,396.5,510.2
44,1684,0,510.8,467.5
44,1685,0,381.5,445.5
44,1685,0,229.5,492.5
44,1685,1,197.0,551.5
44,1685,1,197.0,552.0
44,1685,0,213.5,504.5
44,1685,0,240.5,463.5
44,1685,0,134.7,637.0
44,1685,1,412.0,537.0
44,1685,1,197.8,551.5
44,1685,0,583.0,441.8
44,1685,0,241.0,463.5
44,1685,1,355.5,428.5
44,1685,0,399.2,463.5
44,1685,0,370.0,435.5
44,1685,1,253.2,437.5
44,1685,0,541.0,451.2
44,1685,0,214.5,520.5
44,1685,0,184.8,551.0
44,1685,0,382.5,448.5
44,1685,1,145.5,434.2
44,1686,0,380.5,446.5
44,1686,1,411.5,540.0
44,1686,0,227.5,493.0
44,1686,1,353.5,434.0
44,1686,1,251.5,444.5
44,1686,0,381.5,451.8
44,1686,0,359.5,435.5
44,1686,0,584.0,438.5
44,1686,0,626.0,638.5
44,1686,0,368.5,443.2
44,1686,0,571.5,427.5
44,1686,0,238.2,443.5
44,1686,0,542.0,462.2
44,1687,0,381.5,445.2
44,1687,0,228.2,491.5
44,1687,1,412.0,534.0
44,1687,0,400.5,463.0
44,1687,0,370.5,440.0
44,1687,1,252.5,445.0
44,1687,0,211.0,489.5
44,1687,0,469.0,417.0
44,1687,0,128.9,636.0
44,1687,1,355.5,430.0
44,1687,0,383.5,445.5
44,1687,0,631.5,639.0
44,1687,1,251.5,447.0
44,1688,1,411.0,540.5
44,1688,0,380.5,445.5
44,1688,0,225.5,494.0
44,1688,1,353.2,431.2
44,1688,0,63.4,467.2
44,1688,0,237.4,461.5
44,1688,0,125.2,638.0
44,1688,1,250.8,437.0
44,1688,0,36.5,485.5
44,1688,1,411.0,531.0
44,1688,0,547.5,457.0
44,1688,0,525.0,476.5
44,1688,1,622.0,530.0
44,1688,0,237.8,462.0
44,1688,0,92.1,451.5
44,1689,0,381.8,445.0
44,1689,0,226.8,491.5
44,1689,1,412.0,534.0
44,1689,0,32.7,486.0
44,1689,0,401.0,463.2
44,1689,0,124.2,638.5
44,1689,0,369.8,432.5
44,1689,0,63.6,462.5
44,1689,0,209.2,505.0
44,1689,0,238.6,461.5
44,1689,1,354.5,431.5
44,1689,0,401.8,459.2
44,1689,1,251.6,437.0
44,1689,0,553.5,469.5
44,1689,1,192.2,557.5
44,1690,0,382.0,443.5
44,1690,0,225.8,491.5
44,1690,1,628.0,520.5
44,1690,0,238.0,459.5
44,1690,0,121.6,639.5
44,1690,0,370.0,442.8
44,1690,0,401.5,464.5
44,1690,1,625.0,520.0
44,1690,1,357.0,431.8
44,1690,0,174.8,496.0
44,1690,1,251.8,436.0
44,1690,0,370.8,452.0
44,1690,0,401.0,481.0
44,1690,1,251.5,435.2
44,1690,0,174.9,530.0
44,1690,0,238.2,460.5
44,1691,0,381.5,444.2
44,1691,1,628.0,522.0
44,1691,0,224.6,491.0
44,1691,0,237.2,461.5
44,1691,0,382.8,443.0
44,1691,1,250.5,436.0
44,1691,0,369.5,434.5
44,1691,0,401.5,463.5
44,1691,1,354.8,429.0
44,1691,0,401.0,495.5
44,1691,0,206.4,495.0
44,1691,1,140.1,430.0
44,1692,1,630.0,521.0
44,1692,0,380.5,456.0
44,1692,1,412.0,535.5
44,1692,0,222.4,487.5
44,1692,1,353.2,429.5
44,1692,1,248.6,442.0
44,1692,1,248.1,445.0
44,1692,0,381.5,467.0
44,1692,1,627.0,522.0
44,1692,0,235.2,461.0
44,1692,0,56.9,459.0
44,1692,0,204.1,502.0
44,1693,1,630.5,526.5
44,1693,0,380.2,446.5
44,1693,0,221.9,495.0
44,1693,0,538.5,477.5
44,1693,1,353.2,430.5
44,1693,1,248.0,443.0
44,1693,0,233.5,461.0
44,1693,0,56.4,479.5
44,1693,0,400.8,467.0
44,1693,0,203.0,492.5
44,1693,1,412.8,538.0
44,1693,0,508.5,445.0
44,1693,0,234.5,463.0
44,1693,0,517.0,444.5
44,1693,0,381.5,450.8
44,1693,0,567.0,473.8
44,1693,0,359.0,433.5
44,1693,0,401.8,458.8
44,1694,0,382.0,444.8
44,1694,1,632.5,527.5
44,1694,0,222.6,495.2
44,1694,1,249.0,440.2
44,1694,0,55.7,468.2
44,1694,0,370.0,437.0
44,1694,1,354.5,432.0
44,1694,1,248.5,442.5
44,1694,0,493.5,640.0
44,1694,0,7.2,498.5
44,1694,0,571.5,472.5
44,1694,0,566.0,502.5
44,1694,0,203.5,499.0
44,1694,0,383.8,445.0
44,1694,0,403.0,487.0
44,1694,0,493.8,574.0
44,1694,0,110.3,637.5
44,1694,0,235.2,460.0
44,1694,1,414.5,542.5
44,1694,0,400.5,518.5
44,1695,0,380.5,444.5
44,1695,0,232.5,461.5
44,1695,0,220.0,491.0
44,1695,1,182.8,559.5
44,1695,1,246.5,440.5
44,1695,0,201.2,527.0
44,1695,1,353.5,430.0
44,1695,0,358.2,431.2
44,1695,1,413.0,537.5
44,1695,0,105.8,638.5
44,1695,0,494.8,640.0
44,1695,0,574.0,474.5
44,1695,0,367.5,432.5
44,1696,0,380.0,444.0
44,1696,0,218.8,493.0
44,1696,0,232.0,459.5
44,1696,0,199.5,500.0
44,1696,1,245.9,438.0
44,1696,1,181.0,562.0
44,1696,1,351.5,425.2
44,1696,0,367.0,434.0
44,1696,1,413.0,539.0
44,1696,1,353.0,428.0
44,1696,0,198.4,510.5
44,1696,0,200.8,527.5
44,1697,0,379.5,443.5
44,1697,0,231.1,458.5
44,1697,0,217.4,489.2
44,1697,0,366.5,438.8
44,1697,0,198.0,492.0
44,1697,1,351.5,423.0
44,1697,1,179.8,563.5
44,1697,1,244.8,439.5
44,1697,1,413.0,539.0
44,1697,1,353.2,427.0
44,1697,0,197.8,506.0
44,1697,1,244.5,433.0
44,1698,0,381.2,441.5
44,1698,0,226.5,457.0
44,1698,0,442.2,536.5
44,1698,1,351.5,421.0
44,1698,1,242.2,434.0
44,1698,0,358.0,424.5
44,1698,0,212.0,495.2
44,1698,0,190.0,493.5
44,1698,0,368.0,422.0
44,1698,1,169.0,559.0
44,1698,0,404.5,463.5
44,1698,0,407.0,529.0
44,1699,0,381.2,439.8
44,1699,1,351.5,419.5
44,1699,0,226.2,455.0
44,1699,0,212.1,492.5
44,1699,1,168.6,568.0
44,1699,1,242.0,431.5
44,1699,1,241.5,437.5
44,1699,1,168.0,554.0
44,1699,0,358.0,422.8
44,1699,0,554.5,452.0
44,1699,0,405.0,456.5
44,1699,0,189.8,490.0
44,1699,0,443.0,535.0
44,1699,0,406.2,455.2
44,1699,1,419.2,550.0
44,1699,0,150.0,581.0
44,1699,0,367.8,430.0
44,1699,1,353.0,421.5
44,1700,1,167.0,571.0
44,1700,0,380.8,444.5
44,1700,0,225.4,454.2
44,1700,0,367.5,415.5
44,1700,1,351.5,417.5
44,1700,0,211.2,491.5
44,1700,0,188.2,534.0
44,1700,1,240.8,438.5
44,1700,1,166.9,551.0
44,1700,1,241.2,432.5
44,1700,0,545.5,453.0
44,1700,0,443.5,546.0
44,1700,0,188.6,499.5
44,1700,0,382.5,444.8
44,1700,0,556.5,450.5
44,1700,0,408.0,543.5
44,1700,1,353.0,420.8
44,1701,0,381.0,439.5
44,1701,1,166.9,572.5
44,1701,0,225.2,456.0
44,1701,0,211.0,490.8
44,1701,0,188.0,528.5
44,1701,1,351.5,421.5
44,1701,0,632.5,493.5
44,1701,0,443.8,556.0
44,1701,0,367.5,420.0
44,1701,1,240.8,438.0
44,1701,1,166.0,558.0
44,1701,0,357.5,425.2
44,1701,1,419.5,552.5
44,1701,0,559.0,452.5
44,1701,0,187.9,496.8
44,1702,0,381.0,444.5
44,1702,0,186.8,537.5
44,1702,0,209.9,495.0
44,1702,0,633.0,499.5
44,1702,1,165.8,576.0
44,1702,0,224.6,461.5
44,1702,0,187.1,498.5
44,1702,1,352.5,422.0
44,1702,0,368.0,429.5
44,1702,0,443.8,556.5
44,1702,0,382.8,443.8
44,1702,1,240.0,439.5
44,1702,1,241.0,431.5
44,1702,0,405.0,458.2
44,1702,1,419.5,554.0
44,1702,0,237.4,442.0
44,1702,0,368.0,447.0
44,1702,1,599.0,499.5
44,1702,0,633.0,498.0
44,1702,1,164.5,567.0
44,1703,0,381.0,441.5
44,1703,0,186.2,542.5
44,1703,1,420.0,552.0
44,1703,0,209.8,497.5
44,1703,1,165.2,579.5
44,1703,0,186.8,500.5
44,1703,1,240.0,441.0
44,1703,0,367.8,425.5
44,1703,1,241.1,433.0
44,1703,1,351.5,421.5
44,1703,0,636.0,498.0
44,1703,0,224.5,462.8
44,1703,0,368.0,443.0
44,1703,0,444.5,553.5
44,1703,0,357.5,427.5
44,1703,1,353.2,425.0
44,1704,0,381.5,447.5
44,1704,1,421.0,557.5
44,1704,0,209.8,497.0
44,1704,0,186.1,538.5
44,1704,0,186.2,502.0
44,1704,1,351.5,424.0
44,1704,0,407.0,492.2
44,1704,0,358.0,427.8
44,1704,0,224.8,465.5
44,1704,0,553.0,459.0
44,1704,1,240.4,443.5
44,1704,1,163.9,559.0
44,1704,0,368.0,439.5
44,1704,1,353.2,424.8
44,1704,0,444.5,555.0
44,1704,1,164.5,582.0
44,1704,0,367.2,423.5
44,1705,1,421.0,559.0
44,1705,0,382.5,447.5
44,1705,0,208.8,498.0
44,1705,0,185.5,544.5
44,1705,0,224.2,467.2
44,1705,0,407.0,515.5
44,1705,1,351.8,425.0
44,1705,0,357.5,429.5
44,1705,0,368.0,438.5
44,1705,1,239.9,445.0
44,1705,0,367.0,426.8
44,1705,0,405.0,531.5
44,1705,0,566.0,461.0
44,1705,0,513.9,417.0
44,1706,1,420.5,559.0
44,1706,0,381.0,445.5
44,1706,0,184.5,542.5
44,1706,0,609.0,496.5
44,1706,1,351.5,426.0
44,1706,0,207.5,499.5
44,1706,1,239.0,444.2
44,1706,0,445.2,578.5
44,1706,0,367.2,441.5
44,1706,0,407.5,531.0
44,1706,1,161.0,568.0
44,1706,0,513.9,417.2
44,1706,0,557.0,461.0
44,1706,0,140.0,617.0
44,1706,0,223.2,463.5
44,1706,0,382.2,469.5
44,1706,0,236.0,445.2
44,1707,1,420.5,558.5
44,1707,0,381.0,462.0
44,1707,0,206.8,500.0
44,1707,0,183.8,546.0
44,1707,0,610.0,497.5
44,1707,0,407.2,535.5
44,1707,0,222.5,464.5
44,1707,0,367.0,432.0
44,1707,0,137.6,583.0
44,1707,1,351.2,424.5
44,1707,1,238.1,442.5
44,1707,1,159.5,413.5
44,1707,0,367.2,443.5
44,1707,1,160.4,577.0
44,1707,0,405.2,531.5
44,1707,0,613.0,452.5
44,1707,1,238.9,429.0
44,1707,0,382.0,472.5
44,1708,1,422.2,562.0
44,1708,0,382.5,447.5
44,1708,0,184.2,543.5
44,1708,0,615.0,499.0
44,1708,0,519.0,417.5
44,1708,0,574.5,465.0
44,1708,0,407.8,499.5
44,1708,1,351.5,424.5
44,1708,0,369.0,437.5
44,1708,0,358.5,430.0
44,1708,0,224.0,465.0
44,1708,0,208.0,498.0
44,1708,0,138.0,582.0
44,1708,1,160.8,570.0
44,1708,0,562.0,464.5
44,1708,1,239.6,441.8
44,1708,0,510.2,415.0
44,1709,1,421.5,559.5
44,1709,0,182.0,546.5
44,1709,0,615.5,500.2
44,1709,0,381.0,460.0
44,1709,0,205.8,499.2
44,1709,0,407.0,528.0
44,1709,0,221.8,463.5
44,1709,0,575.0,463.2
44,1709,0,367.0,429.5
44,1709,0,134.4,574.0
44,1709,0,519.0,419.5
44,1709,1,237.4,447.2
44,1709,1,238.5,442.0
44,1709,0,367.5,444.0
44,1709,1,351.5,425.5
44,1709,0,382.0,470.5
44,1710,1,422.0,561.5
44,1710,0,381.0,443.5
44,1710,0,181.8,547.5
44,1710,0,621.0,502.5
44,1710,0,205.8,497.0
44,1710,0,133.2,569.5
44,1710,0,407.0,542.0
44,1710,0,367.2,436.5
44,1710,1,237.2,444.5
44,1710,0,221.5,462.0
44,1710,0,521.0,415.2
44,1710,0,578.0,463.8
44,1710,1,351.5,422.5
44,1710,1,238.2,433.5
44,1710,0,533.0,416.0
44,1710,1,350.8,425.5
44,1710,0,405.5,532.0
44,1710,1,236.2,445.5
44,1711,0,624.0,500.5
44,1711,0,381.2,449.0
44,1711,1,422.5,562.0
44,1711,0,181.1,547.5
44,1711,0,582.0,465.0
44,1711,0,205.4,499.5
44,1711,0,408.0,540.0
44,1711,0,221.5,463.0
44,1711,0,132.5,592.5
44,1711,1,237.1,444.8
44,1711,0,367.5,434.2
44,1711,1,351.5,421.5
44,1711,0,570.0,467.5
44,1711,1,238.0,430.5
44,1711,1,236.0,445.2
44,1712,0,182.0,547.5
44,1712,1,424.0,564.0
44,1712,0,627.0,504.5
44,1712,0,206.2,497.8
44,1712,0,383.5,463.2
44,1712,0,408.5,529.5
44,1712,0,132.3,589.0
44,1712,0,586.0,464.0
44,1712,0,222.6,461.5
44,1712,0,359.0,431.0
44,1712,1,351.8,426.0
44,1712,1,239.0,441.5
44,1712,0,235.6,445.0
44,1712,0,369.5,439.0
44,1712,1,353.5,428.0
44,1712,0,526.5,417.8
44,1713,0,382.5,449.0
44,1713,1,423.2,563.0
44,1713,0,180.2,545.5
44,1713,0,628.0,500.0
44,1713,0,205.0,495.0
44,1713,0,408.0,536.5
44,1713,1,237.4,443.5
44,1713,0,221.4,462.5
44,1713,0,130.5,594.0
44,1713,1,351.8,419.0
44,1713,0,368.0,433.0
44,1713,1,156.0,587.0
44,1713,0,527.0,413.0
44,1714,1,425.0,562.0
44,1714,0,181.0,545.0
44,1714,0,632.0,505.0
44,1714,0,384.2,466.8
44,1714,0,205.5,496.0
44,1714,0,359.0,425.2
44,1714,0,409.2,528.0
44,1714,1,351.5,423.0
44,1714,0,369.8,430.0
44,1714,0,222.2,463.2
44,1714,1,238.4,440.0
44,1714,0,452.5,574.0
44,1714,0,235.1,442.5
44,1714,1,156.1,585.0
44,1714,0,131.0,591.0
44,1714,0,529.0,415.0
44,1714,0,205.8,501.5
44,1714,1,354.0,425.2
44,1714,0,408.8,497.5
44,1714,0,522.0,415.0
44,1715,1,426.5,563.5
44,1715,0,180.8,547.0
44,1715,0,384.5,460.2
44,1715,0,205.6,490.5
44,1715,1,353.8,426.5
44,1715,1,239.0,440.8
44,1715,0,370.5,430.2
44,1715,0,410.2,529.0
44,1715,0,222.5,462.2
44,1715,0,359.0,427.2
44,1715,0,235.0,443.0
44,1715,1,156.0,588.5
44,1715,0,409.5,499.5
44,1715,0,522.0,418.8
44,1715,0,454.5,581.5
44,1715,0,68.9,429.0
44,1715,1,356.5,426.5
44,1716,1,425.5,565.5
44,1716,0,204.2,495.2
44,1716,0,383.8,465.0
44,1716,0,358.5,426.0
44,1716,0,408.5,531.5
44,1716,1,237.4,443.2
44,1716,0,126.5,578.0
44,1716,1,153.8,591.5
44,1716,0,453.5,582.5
44,1716,0,221.1,462.8
44,1716,1,351.5,422.5
44,1716,0,369.5,429.5
44,1716,0,409.0,471.0
44,1716,0,178.8,542.5
44,1716,1,353.5,425.8
44,1716,1,151.6,396.2
44,1716,0,43.5,469.0
44,1716,1,238.2,432.0
44,1716,0,410.0,479.5
44,1716,0,5.2,160.8
44,1717,1,426.2,563.5
44,1717,1,153.2,591.5
44,1717,0,204.2,500.5
44,1717,0,384.2,474.5
44,1717,0,533.0,418.0
44,1717,0,409.8,532.0
44,1717,1,351.2,423.5
44,1717,0,358.8,427.5
44,1717,0,629.0,468.5
44,1717,0,221.0,465.5
44,1717,0,454.5,579.5
44,1717,0,601.0,466.0
44,1717,0,369.5,438.0
44,1717,0,126.0,574.5
44,1717,0,523.0,424.2
44,1717,0,409.2,478.0
44,1717,1,237.0,445.5
44,1717,0,627.0,465.8
44,1717,1,237.5,441.5
44,1717,0,601.5,467.5
44,1717,0,178.5,547.5
44,1718,1,428.5,565.5
44,1718,0,385.0,444.5
44,1718,0,457.0,599.0
44,1718,0,179.1,548.0
44,1718,0,205.4,497.8
44,1718,1,238.8,442.0
44,1718,0,222.0,463.0
44,1718,1,154.0,595.0
44,1718,0,537.0,418.8
44,1718,0,631.5,474.5
44,1718,0,606.0,467.5
44,1718,0,125.9,565.0
44,1718,1,354.0,427.2
44,1718,0,371.5,445.0
44,1718,0,412.5,535.5
44,1718,1,355.5,427.5
44,1718,0,235.0,444.0
44,1718,0,526.0,422.2
44,1718,0,601.0,471.2
44,1718,0,4.9,157.0
44,1718,0,630.0,477.5
44,1719,1,153.0,596.5
44,1719,1,430.0,567.5
44,1719,0,387.0,450.0
44,1719,0,205.0,499.5
44,1719,1,354.8,426.5
44,1719,0,222.2,466.0
44,1719,0,125.4,605.0
44,1719,0,459.0,588.0
44,1719,0,414.5,492.2
44,1719,0,413.0,533.5
44,1719,0,235.2,445.5
44,1719,0,371.5,431.5
44,1719,1,239.1,442.5
44,1719,0,178.6,550.0
44,1719,0,413.2,470.5
44,1719,0,12.8,640.0
44,1719,1,354.5,428.0
44,1719,0,360.2,428.2
44,1720,1,430.8,569.5
44,1720,0,204.0,505.5
44,1720,1,151.0,594.0
44,1720,0,387.0,466.0
44,1720,1,354.5,428.5
44,1720,0,221.6,465.0
44,1720,1,238.0,443.5
44,1720,0,412.5,537.0
44,1720,0,371.8,452.5
44,1720,0,460.5,584.5
44,1720,0,565.0,639.5
44,1720,0,414.8,499.5
44,1720,0,235.5,446.5
44,1720,0,413.5,481.2
44,1721,1,432.0,579.5
44,1721,0,388.5,487.5
44,1721,0,204.0,506.0
44,1721,1,150.9,597.5
44,1721,0,8.8,480.0
44,1721,0,568.5,639.5
44,1721,0,221.8,460.8
44,1721,0,372.0,429.0
44,1721,1,238.5,443.8
44,1721,1,356.0,427.5
44,1721,0,65.0,431.5
44,1721,0,461.5,594.5
44,1721,0,235.2,447.5
44,1721,1,117.4,421.5
44,1721,0,413.0,538.5
44,1722,1,434.5,582.0
44,1722,0,8.8,478.0
44,1722,0,203.8,506.8
44,1722,0,389.2,490.0
44,1722,0,372.2,418.8
44,1722,1,150.1,597.0
44,1722,0,221.6,463.5
44,1722,1,239.0,441.8
44,1722,0,234.2,442.5
44,1722,1,357.0,427.0
44,1722,0,25.6,473.0
44,1722,1,116.4,458.5
44,1723,1,148.4,602.0
44,1723,1,436.0,583.0
44,1723,0,203.1,505.5
44,1723,0,8.2,481.0
44,1723,1,238.6,445.5
44,1723,0,373.0,427.8
44,1723,0,389.2,494.0
44,1723,0,221.2,467.5
44,1723,1,356.0,428.5
44,1723,0,234.5,445.0
44,1723,0,417.5,528.0
44,1724,1,437.0,585.5
44,1724,1,148.5,604.0
44,1724,0,374.5,435.2
44,1724,0,390.5,469.5
44,1724,0,203.5,511.0
44,1724,1,239.4,451.5
44,1724,0,421.0,557.0
44,1724,0,235.4,451.8
44,1724,0,222.0,470.0
44,1724,1,357.0,428.5
44,1724,0,523.0,410.0
44,1724,1,147.0,399.0
44,1725,1,439.0,586.5
44,1725,1,147.5,607.0
44,1725,1,147.2,610.5
44,1725,0,393.0,493.8
44,1725,0,421.5,555.5
44,1725,0,375.0,423.0
44,1725,0,204.6,508.0
44,1725,1,146.5,400.5
44,1725,1,358.2,432.0
44,1725,0,222.6,470.8
44,1725,0,236.6,453.0
44,1725,1,239.4,452.8
44,1726,1,145.0,615.0
44,1726,0,422.0,559.5
44,1726,1,143.0,404.0
44,1726,0,392.5,494.8
44,1726,1,439.5,589.0
44,1726,0,173.0,565.0
44,1726,0,203.2,508.0
44,1726,1,358.0,433.5
44,1726,0,6.7,496.8
44,1726,1,239.4,451.0
44,1726,0,375.5,427.5
44,1726,0,221.8,474.0
44,1726,0,235.6,450.2
44,1727,1,143.5,616.0
44,1727,0,171.8,567.5
44,1727,0,422.8,550.0
44,1727,1,441.5,591.0
44,1727,0,393.5,494.0
44,1727,0,375.5,420.2
44,1727,0,203.0,508.8
44,1727,1,359.0,433.0
44,1727,0,221.4,472.5
44,1727,1,239.2,452.5
44,1727,0,235.5,452.5
44,1727,0,4.3,496.5
44,1727,1,141.8,405.5
44,1728,1,140.8,618.5
44,1728,0,219.8,474.0
44,1728,1,441.5,593.0
44,1728,0,422.2,551.0
44,1728,0,392.5,495.0
44,1728,0,169.2,568.5
44,1728,0,200.8,512.0
44,1728,1,138.2,403.5
44,1728,1,237.5,453.8
44,1728,0,375.0,434.0
44,1728,1,357.5,433.5
44,1728,0,375.0,457.5
44,1728,0,475.8,626.0
44,1728,0,566.0,474.5
44,1729,1,139.8,620.5
44,1729,0,422.5,552.5
44,1729,0,219.5,474.0
44,1729,0,393.0,495.0
44,1729,0,200.6,517.5
44,1729,0,375.5,424.0
44,1729,0,567.0,475.5
44,1729,0,168.8,572.0
44,1729,1,137.4,406.2
44,1729,1,442.5,594.0
44,1729,1,237.5,452.8
44,1729,1,357.5,435.5
44,1729,0,530.5,411.5
44,1730,0,220.0,476.0
44,1730,1,138.5,623.5
44,1730,0,200.1,518.0
44,1730,0,394.0,498.5
44,1730,0,424.0,557.5
44,1730,1,136.2,409.5
44,1730,1,237.8,455.5
44,1730,0,376.0,424.2
44,1730,1,358.5,436.5
44,1730,0,168.0,574.5
44,1730,0,377.0,430.5
44,1730,1,444.5,593.0
44,1730,0,568.0,479.5
44,1730,0,394.5,480.5
44,1730,0,234.5,456.0
44,1730,1,325.5,325.8
44,1730,1,238.5,443.0
44,1731,1,137.1,628.5
44,1731,0,219.4,476.5
44,1731,0,199.8,521.0
44,1731,0,395.0,500.0
44,1731,0,424.5,559.5
44,1731,1,358.8,435.0
44,1731,1,237.5,457.5
44,1731,0,167.2,569.0
44,1731,0,378.0,467.0
44,1731,0,378.2,439.5
44,1731,0,532.0,447.0
44,1731,0,377.0,429.0
44,1731,1,325.0,327.2
44,1731,1,134.8,407.0
44,1731,0,625.0,547.0
44,1731,0,534.0,448.0
44,1731,1,238.5,445.8
44,1731,0,365.0,439.0
44,1731,0,16.4,527.0
44,1731,0,234.2,457.5
44,1732,0,219.0,480.5
44,1732,1,135.0,638.0
44,1732,0,395.5,502.2
44,1732,1,133.8,412.0
44,1732,0,424.5,561.0
44,1732,0,378.0,432.2
44,1732,0,199.5,520.0
44,1732,1,237.5,457.5
44,1732,0,166.5,573.5
44,1732,1,359.8,433.2
44,1732,0,365.0,436.5
44,1732,1,238.5,448.0
44,1732,1,446.0,599.0
44,1732,0,396.2,500.5
44,1733,0,217.0,480.0
44,1733,0,394.5,502.0
44,1733,0,423.5,562.5
44,1733,1,236.2,450.0
44,1733,0,377.0,444.0
44,1733,1,357.5,439.0
44,1733,1,131.0,638.5
44,1733,1,129.0,412.8
44,1733,0,195.9,525.5
44,1733,1,446.0,602.0
44,1733,0,376.5,463.2
44,1733,0,51.5,489.0
44,1733,0,394.2,483.5
44,1733,0,557.0,466.2
44,1734,0,216.5,483.0
44,1734,0,394.2,502.5
44,1734,0,394.0,478.5
44,1734,0,377.0,447.5
44,1734,1,129.5,640.0
44,1734,1,128.8,604.0
44,1734,0,424.8,563.5
44,1734,1,358.5,439.5
44,1734,0,376.5,466.2
44,1734,1,125.2,414.5
44,1734,0,230.9,447.5
44,1734,0,536.0,454.0
44,1734,1,235.4,455.5
44,1734,0,395.2,499.0
44,1734,0,46.6,496.0
44,1734,1,447.0,604.0
44,1735,0,218.0,482.5
44,1735,1,360.0,439.5
44,1735,0,397.5,504.5
44,1735,1,130.5,640.0
44,1735,0,378.8,437.0
44,1735,1,237.6,453.8
44,1735,0,428.0,563.5
44,1735,1,450.5,609.0
44,1735,1,127.2,420.5
44,1735,0,196.4,521.0
44,1735,0,379.0,468.5
44,1735,1,129.6,603.0
44,1736,0,215.8,485.0
44,1736,1,359.0,436.5
44,1736,0,396.0,505.0
44,1736,1,126.0,639.5
44,1736,0,427.5,565.5
44,1736,1,123.2,417.5
44,1736,1,450.0,607.5
44,1736,0,378.0,433.0
44,1736,1,235.5,446.0
44,1736,0,230.8,447.0
44,1736,0,159.2,579.0
44,1736,1,325.2,328.0
44,1737,1,453.8,616.0
44,1737,1,125.5,639.0
44,1737,1,360.0,439.5
44,1737,0,216.5,484.5
44,1737,1,122.2,415.0
44,1737,1,236.5,447.5
44,1737,0,430.2,570.0
44,1737,0,548.5,455.0
44,1737,0,379.2,439.5
44,1737,0,159.0,580.5
44,1737,0,398.0,505.2
44,1737,0,492.0,639.0
44,1737,1,359.8,436.5
44,1737,0,379.2,468.0
44,1737,0,231.1,449.0
44,1738,1,120.8,640.0
44,1738,0,155.6,592.0
44,1738,0,214.1,482.5
44,1738,1,453.5,617.0
44,1738,1,234.6,456.0
44,1738,1,117.8,414.5
44,1738,0,430.0,572.0
44,1738,0,396.5,510.5
44,1738,0,378.0,471.0
44,1738,1,357.8,441.8
44,1738,0,378.0,439.0
44,1738,0,579.0,472.0
44,1738,0,493.2,636.0
44,1738,0,229.5,457.5
44,1738,0,191.5,516.0
44,1738,0,550.0,466.5
44,1738,0,377.5,428.5
44,1739,1,120.9,640.0
44,1739,0,156.4,589.0
44,1739,1,457.0,625.0
44,1739,0,215.5,486.5
44,1739,1,360.2,442.0
44,1739,1,117.8,416.0
44,1739,0,379.5,432.8
44,1739,0,398.5,507.5
44,1739,1,235.6,446.5
44,1739,0,230.9,452.2
44,1739,0,497.8,640.0
44,1739,0,558.5,460.5
44,1740,0,155.0,597.5
44,1740,0,214.9,484.5
44,1740,1,119.1,640.0
44,1740,1,457.5,625.0
44,1740,1,360.0,439.2
44,1740,1,117.1,419.5
44,1740,0,380.2,437.5
44,1740,1,235.8,455.5
44,1740,0,398.8,505.0
44,1740,0,434.5,583.5
44,1740,0,498.2,639.0
44,1740,0,230.5,446.0
44,1741,1,114.8,639.0
44,1741,1,359.0,442.2
44,1741,0,212.6,488.2
44,1741,1,458.0,631.0
44,1741,1,234.0,461.5
44,1741,0,379.5,475.5
44,1741,0,366.5,446.5
44,1741,0,379.5,449.0
44,1741,0,152.2,599.5
44,1741,0,398.0,490.5
44,1741,1,115.9,640.0
44,1741,1,112.3,434.5
44,1741,0,189.2,533.0
44,1741,0,228.8,459.8
44,1741,0,228.9,471.0
44,1742,0,213.6,490.5
44,1742,1,112.4,638.0
44,1742,1,360.0,441.8
44,1742,1,112.0,433.0
44,1742,1,115.6,640.0
44,1742,1,115.0,640.0
44,1742,1,460.0,635.0
44,1742,0,437.0,582.0
44,1742,1,235.0,459.0
44,1742,0,229.5,449.5
44,1742,0,152.6,600.0
44,1742,0,595.5,480.5
44,1742,0,380.5,440.5
44,1742,0,628.0,514.5
44,1742,1,115.2,639.5
44,1742,0,64.3,637.5
44,1742,1,607.0,428.0
44,1742,0,230.0,467.0
44,1742,0,189.8,533.5
44,1742,0,399.0,509.8
44,1742,0,367.5,446.5
44,1743,1,111.5,639.5
44,1743,1,360.0,443.5
44,1743,0,187.8,544.5
44,1743,1,234.0,466.0
44,1743,1,459.8,637.5
44,1743,0,149.5,601.5
44,1743,1,107.1,429.5
44,1743,1,359.8,439.5
44,1743,0,437.0,582.5
44,1743,0,228.5,466.8
44,1743,0,211.8,494.0
44,1743,0,565.0,476.0
44,1743,0,380.0,446.5
44,1743,0,380.0,472.5
44,1744,1,462.0,640.0
44,1744,1,108.9,639.5
44,1744,0,400.5,513.0
44,1744,1,360.5,443.5
44,1744,1,104.0,433.2
44,1744,1,234.2,465.5
44,1744,0,570.0,474.8
44,1744,0,148.4,604.0
44,1744,0,187.2,547.0
44,1744,0,228.5,462.5
44,1744,1,108.1,640.0
44,1744,0,380.2,432.5
44,1744,0,437.5,580.5
44,1744,0,212.0,494.5
44,1744,1,108.3,640.0
44,1744,0,367.8,444.0
44,1745,1,104.4,639.5
44,1745,1,359.0,444.0
44,1745,1,462.0,640.0
44,1745,0,144.2,627.0
44,1745,1,232.2,468.5
44,1745,0,184.9,549.0
44,1745,1,98.2,438.0
44,1745,0,437.5,586.0
44,1745,0,379.5,475.5
44,1745,0,379.0,441.0
44,1745,0,209.6,497.0
44,1745,0,366.5,448.2
44,1746,1,104.4,639.5
44,1746,1,466.5,640.0
44,1746,0,145.2,621.5
44,1746,0,382.5,451.5
44,1746,1,362.0,445.5
44,1746,0,439.5,589.0
44,1746,1,99.6,433.5
44,1746,1,234.2,467.5
44,1746,0,382.2,435.5
44,1746,0,582.0,481.0
44,1746,0,404.0,518.0
44,1746,0,186.8,548.5
44,1746,0,369.5,443.8
44,1746,0,212.1,497.5
44,1746,0,228.6,465.0
44,1746,1,363.0,443.5
44,1747,0,139.5,614.0
44,1747,1,465.2,640.0
44,1747,0,583.0,486.5
44,1747,1,97.9,640.0
44,1747,0,379.0,433.0
44,1747,0,206.8,497.0
44,1747,1,358.5,443.8
44,1747,0,181.6,550.5
44,1747,1,92.9,435.0
44,1747,0,399.8,520.0
44,1747,0,438.5,594.0
44,1747,0,27.3,637.0
44,1747,1,230.2,466.5
44,1747,0,366.5,449.8
44,1748,0,141.9,622.0
44,1748,0,596.0,496.0
44,1748,0,382.8,437.5
44,1748,1,233.8,469.0
44,1748,1,471.0,640.0
44,1748,0,28.7,640.0
44,1748,1,362.5,448.0
44,1748,0,405.5,526.5
44,1748,0,184.5,549.0
44,1748,0,443.2,601.0
44,1748,0,210.8,497.8
44,1748,1,99.0,640.0
44,1748,0,227.1,459.5
44,1748,0,369.5,439.5
44,1748,1,471.5,640.0
44,1749,0,138.0,633.0
44,1749,1,94.1,639.5
44,1749,1,92.0,435.0
44,1749,1,360.0,451.0
44,1749,0,402.0,527.0
44,1749,0,595.0,499.5
44,1749,1,231.5,470.0
44,1749,0,441.0,602.0
44,1749,0,381.0,445.5
44,1749,0,206.8,500.0
44,1749,1,470.0,640.0
44,1749,0,181.5,557.0
44,1749,0,27.8,639.0
44,1749,1,470.0,640.0
44,1749,0,381.0,474.0
44,1750,0,138.1,631.0
44,1750,1,94.0,639.5
44,1750,1,232.8,470.5
44,1750,1,91.5,435.0
44,1750,1,362.0,451.8
44,1750,1,474.2,640.0
44,1750,0,182.2,555.5
44,1750,0,383.0,444.8
44,1750,0,369.5,455.5
44,1750,0,445.0,605.0
44,1750,0,406.0,532.5
44,1750,0,208.2,499.0
44,1750,0,27.0,639.0
44,1750,0,43.7,640.0
44,1751,1,90.1,640.0
44,1751,0,136.2,627.0
44,1751,1,475.0,640.0
44,1751,1,360.8,454.5
44,1751,1,86.7,439.5
44,1751,0,382.2,472.5
44,1751,1,230.8,471.0
44,1751,0,609.0,512.5
44,1751,0,405.2,533.5
44,1751,0,382.0,452.0
44,1751,0,206.5,502.0
44,1751,0,368.5,456.5
44,1751,0,18.8,631.0
44,1751,0,180.0,560.0
44,1751,0,445.8,608.0
44,1752,1,89.1,640.0
44,1752,0,135.8,628.5
44,1752,1,233.0,474.0
44,1752,0,181.0,563.5
44,1752,1,87.4,445.5
44,1752,0,17.6,637.0
44,1752,0,407.5,538.5
44,1752,1,364.2,458.0
44,1752,0,208.5,503.8
44,1752,0,619.0,520.0
44,1752,0,226.2,464.5
44,1753,0,624.0,523.0
44,1753,1,82.5,637.0
44,1753,0,177.8,564.0
44,1753,1,231.8,475.0
44,1753,0,132.6,626.0
44,1753,0,206.1,504.8
44,1753,1,362.0,456.5
44,1753,0,406.5,538.5
44,1753,1,84.4,639.5
44,1753,0,383.0,447.5
44,1753,0,370.0,450.5
44,1753,0,450.5,625.0
44,1753,0,25.5,639.0
44,1753,1,81.6,458.2
44,1754,0,627.0,519.5
44,1754,0,176.0,565.5
44,1754,1,81.6,640.0
44,1754,1,229.5,475.5
44,1754,1,361.2,456.5
44,1754,0,382.5,445.5
44,1754,0,130.4,629.0
44,1754,0,204.8,506.0
44,1754,0,406.5,538.0
44,1754,0,368.8,455.5
44,1754,1,78.8,521.0
44,1754,1,78.6,640.0
44,1754,1,78.1,441.0
44,1755,1,76.6,639.0
44,1755,0,630.0,522.5
44,1755,0,203.2,508.5
44,1755,0,127.1,635.0
44,1755,1,361.0,457.8
44,1755,0,174.9,565.5
44,1755,0,406.2,539.0
44,1755,0,382.5,456.5
44,1755,1,73.2,445.8
44,1755,1,228.5,475.0
44,1755,0,368.5,458.5
44,1755,0,222.0,468.0
44,1755,1,73.1,446.0
44,1755,0,6.9,639.0
44,1756,1,74.8,638.5
44,1756,0,126.7,637.5
44,1756,1,362.5,454.0
44,1756,0,204.0,509.5
44,1756,1,229.4,476.0
44,1756,0,175.0,568.0
44,1756,1,485.0,639.5
44,1756,0,408.5,544.0
44,1756,1,70.9,449.8
44,1756,0,383.8,454.0
44,1756,1,70.6,449.0
44,1756,1,485.5,640.0
44,1756,0,370.0,454.0
44,1756,0,222.8,476.0
44,1756,0,452.2,623.0
44,1757,0,121.7,638.5
44,1757,0,171.5,572.0
44,1757,1,486.0,639.5
44,1757,1,68.9,639.0
44,1757,1,361.0,457.8
44,1757,0,201.9,510.5
44,1757,0,407.5,544.0
44,1757,0,382.8,445.0
44,1757,1,65.5,457.2
44,1757,0,368.8,456.2
44,1757,0,220.9,472.0
44,1757,1,493.0,432.0
44,1757,0,452.2,626.0
44,1757,0,383.5,458.0
44,1758,1,489.2,640.0
44,1758,0,171.2,575.0
44,1758,0,202.0,513.0
44,1758,1,66.2,640.0
44,1758,0,410.0,545.0
44,1758,1,362.5,453.5
44,1758,1,62.3,458.0
44,1758,0,221.8,475.0
44,1758,0,384.5,448.0
44,1758,0,120.1,639.0
44,1758,1,228.2,480.0
44,1759,0,198.9,518.5
44,1759,1,488.5,640.0
44,1759,1,58.1,638.5
44,1759,1,360.0,461.5
44,1759,0,167.6,581.5
44,1759,0,115.1,639.0
44,1759,0,218.5,487.0
44,1759,1,55.5,470.8
44,1759,0,383.0,454.2
44,1759,0,407.0,549.0
44,1759,1,55.2,464.0
44,1759,0,368.0,459.8
44,1760,1,493.0,639.5
44,1760,0,168.4,582.5
44,1760,0,199.8,520.0
44,1760,0,410.2,552.5
44,1760,1,362.2,462.0
44,1760,0,114.6,639.0
44,1760,0,220.2,489.0
44,1760,1,56.9,639.5
44,1760,1,53.9,474.0
44,1760,0,385.5,490.5
44,1760,0,458.5,640.0
44,1760,0,409.5,517.0
44,1761,0,108.8,638.0
44,1761,1,492.5,640.0
44,1761,1,492.2,640.0
44,1761,1,49.1,640.0
44,1761,1,46.4,465.8
44,1761,1,360.5,461.5
44,1761,0,409.0,554.0
44,1761,0,164.0,588.0
44,1761,0,383.0,450.0
44,1761,0,196.0,522.5
44,1761,0,457.0,640.0
44,1761,1,45.8,477.2
44,1761,0,368.2,460.5
44,1762,1,498.5,640.0
44,1762,1,499.0,639.5
44,1762,1,361.0,461.5
44,1762,1,37.5,470.5
44,1762,0,161.5,586.0
44,1762,0,103.1,639.0
44,1762,1,40.7,639.5
44,1762,0,411.2,557.0
44,1762,0,369.0,458.0
44,1762,0,384.0,452.5
44,1762,0,462.2,640.0
44,1762,0,195.1,519.5
44,1762,1,223.0,482.2
44,1762,1,499.0,640.0
44,1763,1,510.0,639.5
44,1763,1,30.4,472.5
44,1763,0,387.8,454.5
44,1763,1,364.5,460.5
44,1763,0,470.0,640.0
44,1763,0,195.5,519.0
44,1763,1,31.5,640.0
44,1764,1,19.4,483.0
44,1764,0,387.8,501.5
44,1764,0,158.5,598.5
44,1764,0,93.4,638.5
44,1764,1,364.5,464.5
44,1764,1,20.3,640.0
44,1764,0,472.8,631.0
44,1764,0,387.5,476.0
44,1764,1,20.0,482.5
44,1764,1,21.7,639.0
44,1764,1,514.0,640.0
44,1764,0,194.0,525.0
44,1764,1,223.0,484.8
44,1764,1,77.0,461.0
44,1764,1,513.5,640.0
44,1765,1,9.6,497.0
44,1765,0,155.6,608.0
44,1765,1,11.6,640.0
44,1765,1,521.0,639.0
44,1765,0,627.0,639.0
44,1765,0,85.6,640.0
44,1765,0,420.0,572.0
44,1765,0,389.0,454.2
44,1765,0,373.8,468.5
44,1765,1,365.5,462.0
44,1765,0,391.0,511.8
44,1765,1,520.0,639.0
44,1766,1,529.0,640.0
44,1766,0,188.8,534.0
44,1766,0,77.0,639.0
44,1766,1,220.0,491.0
44,1766,0,212.5,492.8
44,1766,0,388.5,453.5
44,1766,0,632.0,466.5
44,1766,1,529.0,640.0
44,1766,0,149.5,608.5
44,1766,1,3.6,637.5
44,1766,1,365.0,462.5
44,1766,0,373.0,461.5
44,1766,0,479.2,633.5
44,1767,1,531.0,640.0
44,1767,0,186.4,538.5
44,1767,0,72.4,639.0
44,1767,1,218.5,494.0
44,1767,0,146.5,612.0
44,1767,0,210.0,486.2
44,1767,0,389.5,467.0
44,1767,1,364.0,470.5
44,1767,0,208.9,477.5
44,1767,0,389.0,488.0
44,1767,1,531.0,458.5
44,1767,0,390.5,513.5
44,1767,0,482.5,638.0
44,1767,1,530.0,457.0
44,1767,0,387.5,459.5
44,1767,0,421.5,578.5
44,1768,0,187.5,544.5
44,1768,1,366.5,473.2
44,1768,1,219.9,500.5
44,1768,0,493.5,640.0
44,1768,0,68.5,638.0
44,1768,0,145.5,623.0
44,1768,0,392.5,459.0
44,1768,1,544.0,640.0
44,1768,1,543.5,640.0
44,1768,0,212.2,500.8
44,1768,0,376.2,473.5
44,1769,0,496.8,638.5
44,1769,0,141.0,625.0
44,1769,1,218.5,501.0
44,1769,0,184.1,546.5
44,1769,1,62.6,479.5
44,1769,1,366.5,479.5
44,1769,1,552.0,639.5
44,1769,0,58.8,639.0
44,1769,0,391.5,463.5
44,1769,0,209.1,487.5
44,1769,1,550.0,640.0
44,1769,0,376.2,480.0
44,1770,1,555.5,640.0
44,1770,0,499.0,638.0
44,1770,1,214.2,501.0
44,1770,0,179.2,549.0
44,1770,1,55.6,479.0
44,1770,0,390.2,466.5
44,1770,0,47.8,638.0
44,1770,1,365.0,473.5
44,1770,0,204.8,501.0
44,1770,0,425.8,598.0
44,1770,0,493.8,639.0
44,1771,0,177.8,551.0
44,1771,1,214.2,501.5
44,1771,1,366.0,482.0
44,1771,0,391.0,466.5
44,1771,1,569.0,639.0
44,1771,1,52.8,491.5
44,1771,0,131.5,579.0
44,1771,1,569.0,639.0
44,1771,0,204.9,505.0
44,1771,1,569.0,640.0
44,1771,0,508.8,638.0
44,1771,0,374.0,478.5
44,1772,0,517.5,639.0
44,1772,1,582.0,640.0
44,1772,0,174.5,556.0
44,1772,1,366.5,486.0
44,1772,1,212.6,502.0
44,1772,0,125.0,597.0
44,1772,0,395.0,533.5
44,1772,0,202.2,505.0
44,1772,0,201.8,489.5
44,1772,0,374.0,482.5
44,1772,0,375.0,491.0
44,1772,0,17.9,640.0
44,1772,0,9.3,484.0
44,1772,0,394.5,480.0
44,1772,0,511.0,639.0
44,1773,1,611.0,640.0
44,1773,1,210.0,512.5
44,1773,1,368.0,487.8
44,1773,0,539.0,639.5
44,1773,0,169.2,565.0
44,1773,0,10.0,511.0
44,1773,0,398.2,533.0
44,1773,0,398.0,496.5
44,1773,1,604.0,489.0
44,1773,0,198.5,511.5
44,1773,0,376.5,485.5
44,1773,0,439.5,629.0
44,1774,1,207.5,513.0
44,1774,1,615.0,640.0
44,1774,1,367.5,487.5
44,1774,0,541.0,639.0
44,1774,0,167.4,563.0
44,1774,0,439.0,627.0
44,1774,1,38.8,476.0
44,1774,0,7.8,527.5
44,1774,0,197.5,514.0
44,1774,0,398.0,543.0
44,1774,0,139.1,481.0
44,1775,1,621.0,640.0
44,1775,1,209.8,514.0
44,1775,0,546.0,640.0
44,1775,1,368.8,487.0
44,1775,0,168.9,565.5
44,1775,0,399.0,541.0
44,1775,0,377.8,484.0
44,1776,0,553.0,640.0
44,1776,1,206.5,517.0
44,1776,1,631.0,640.0
44,1776,0,165.0,568.5
44,1776,1,367.8,486.5
44,1776,0,195.1,510.0
44,1776,1,527.0,475.2
44,1776,1,37.0,486.0
44,1776,1,626.0,515.0
44,1776,1,36.8,484.0
44,1777,1,367.0,496.0
44,1777,1,202.8,522.5
44,1777,0,563.5,639.0
44,1777,0,396.8,485.8
44,1777,1,30.3,495.0
44,1777,1,527.0,485.0
44,1777,0,6.4,500.5
44,1777,0,190.2,522.0
44,1778,1,366.2,501.5
44,1778,1,200.0,523.0
44,1778,0,155.0,588.0
44,1778,1,23.1,486.0
44,1778,0,91.8,639.0
44,1778,0,517.0,473.5
44,1778,0,399.2,557.0
44,1779,1,207.2,529.0
44,1779,0,93.0,639.0
44,1779,1,375.5,504.0
44,1779,0,407.2,487.5
44,1779,0,608.0,640.0
44,1779,0,160.9,588.0
44,1780,0,616.0,638.5
44,1780,1,375.5,506.0
44,1780,1,206.5,525.0
44,1780,0,407.0,487.0
44,1780,1,28.1,499.0
44,1780,0,10.5,497.5
44,1780,1,550.0,488.8
44,1780,0,89.4,640.0
44,1781,1,378.0,507.8
44,1781,0,156.4,600.5
44,1781,1,206.0,531.0
44,1781,0,631.5,639.5
44,1781,0,82.6,640.0
44,1781,0,413.5,575.0
44,1782,0,71.2,640.0
44,1782,1,377.8,503.0
44,1782,1,203.8,530.5
44,1782,0,152.6,603.0
44,1782,1,551.0,489.0
44,1783,1,201.5,531.0
44,1783,0,148.0,607.5
44,1783,0,414.0,573.0
44,1783,1,378.2,501.5
44,1783,1,595.0,640.0
44,1783,0,63.6,639.0
44,1783,1,15.5,511.0
44,1784,1,378.0,507.5
44,1784,0,144.4,616.0
44,1784,1,199.0,533.0
44,1784,0,57.0,639.0
44,1784,1,608.0,639.5
44,1785,0,140.5,616.0
44,1785,1,377.0,509.5
44,1785,1,197.5,534.0
44,1785,1,621.0,640.0
44,1785,0,416.8,505.0
44,1786,1,378.2,510.0
44,1786,0,137.8,618.5
44,1786,1,197.2,533.0
44,1786,0,418.0,584.5
44,1786,0,541.0,523.0
44,1786,1,635.0,640.0
44,1787,1,379.0,506.0
44,1787,1,194.9,530.0
44,1787,0,419.8,584.5
44,1787,0,133.8,617.0
44,1788,1,378.5,505.0
44,1788,0,421.8,588.0
44,1788,0,16.3,640.0
44,1788,1,190.1,535.5
44,1788,0,127.6,620.0
44,1789,1,379.0,509.5
44,1789,1,189.5,535.5
44,1789,0,422.8,592.0
44,1790,1,379.0,508.0
44,1790,1,187.0,541.0
44,1790,0,424.0,598.0
44,1791,1,186.2,547.0
44,1791,1,381.2,509.8
44,1791,0,424.0,512.0
44,1792,1,178.5,565.5
44,1792,0,93.5,638.5
44,1792,1,383.0,532.0
44,1793,1,172.5,567.0
44,1794,1,163.6,577.0
44,1794,1,386.5,550.5
44,1794,1,385.0,511.0
44,1795,1,387.8,555.5
44,1795,0,551.0,519.5
44,1796,1,389.5,558.5
44,1796,1,158.6,589.0
44,1796,0,562.0,526.0
44,1797,1,153.8,602.0
44,1797,1,390.0,569.0
44,1797,1,388.8,587.0
44,1797,1,524.5,514.0
44,1797,0,409.0,587.0
44,1798,1,149.4,604.0
44,1798,0,536.0,515.5
44,1798,0,11.4,640.0
44,1798,1,389.5,569.0
44,1798,1,609.0,532.0
44,1798,0,410.5,570.5
44,1799,1,146.0,607.0
44,1799,1,390.0,578.5
44,1799,0,542.0,524.0
44,1799,0,6.7,638.0
44,1800,1,141.9,613.5
44,1800,1,391.5,597.5
44,1800,0,558.0,524.5
44,1800,1,272.8,329.0
44,1800,1,634.0,558.0
44,1800,1,391.0,528.5
44,1801,0,572.0,536.5
44,1801,1,635.5,563.5
44,1801,1,391.5,600.0
44,1801,1,136.5,619.5
44,1801,0,413.5,613.0
44,1801,1,393.0,583.0
44,1802,1,393.5,603.0
44,1802,1,127.1,638.0
44,1802,1,393.0,533.5
44,1990,1,92.6,635.0
44,1990,1,342.0,639.5
44,1990,1,95.1,555.5
44,1990,1,497.0,502.5
44,1990,1,360.0,486.0
44,1990,0,117.2,478.5
44,1990,0,158.1,485.5
44,1990,1,344.0,520.0
44,1990,0,516.0,443.5
44,1990,1,96.6,514.5
44,1991,1,19.0,640.0
44,1991,1,613.0,527.5
44,1991,1,290.5,534.0
44,1991,0,585.5,437.5
44,1991,0,585.0,442.5
44,1991,1,444.0,494.5
44,1991,1,207.0,480.5
44,1991,0,462.2,431.0
44,1991,0,595.5,441.0
44,1991,0,207.0,481.0
44,1992,1,235.6,638.0
44,1992,1,178.1,640.0
44,1992,1,400.0,491.0
44,1992,1,562.0,510.0
44,1992,1,238.8,507.0
44,1993,1,190.0,638.5
44,1993,1,125.6,640.0
44,1993,1,521.0,497.5
44,1993,1,365.0,483.5
44,1993,0,85.1,515.5
44,1994,1,130.4,640.0
44,1994,1,56.5,639.5
44,1995,1,84.6,640.0
44,1995,1,296.5,472.8
44,1995,0,630.5,430.5
44,1996,1,74.6,640.0
44,1996,0,630.0,489.5
44,1996,1,293.0,474.5
44,1996,1,71.0,639.0
44,1996,0,312.0,403.0
44,1997,1,63.5,640.0
44,1997,1,296.0,476.5
44,1997,1,449.0,483.0
44,1998,1,63.9,640.0
44,1998,1,302.5,481.0
44,1998,1,458.5,480.5
44,1999,1,62.2,640.0
44,1999,1,306.0,475.0
44,1999,1,635.5,485.2
44,1999,1,462.2,485.5
44,1999,0,324.8,413.5
44,2000,1,51.0,640.0
44,2000,1,310.2,484.5
44,2000,1,470.0,490.0
44,2000,0,329.5,414.5
44,2000,1,48.0,639.0
44,2001,1,49.0,640.0
44,2001,1,45.8,639.0
44,2001,1,471.0,492.5
44,2001,1,310.2,483.5
44,2001,1,51.1,530.0
44,2002,1,38.8,640.0
44,2002,1,37.1,639.5
44,2002,1,310.0,492.0
44,2002,1,472.0,495.8
44,2002,0,330.0,414.8
44,2003,1,34.3,640.0
44,2003,1,312.0,488.0
44,2003,1,476.0,503.0
44,2004,1,18.6,640.0
44,2004,1,20.0,485.8
44,2004,1,306.0,498.5
44,2004,1,471.5,504.0
44,2004,1,15.2,639.5
44,2005,1,290.5,507.2
44,2005,1,456.0,512.0
44,2005,0,311.2,421.5
44,2005,1,636.0,446.5
44,2006,1,370.0,364.5
44,2007,1,280.5,507.5
44,2007,1,365.5,364.5
44,2008,1,313.0,441.0
44,2008,1,277.2,514.5
44,2008,1,632.5,487.8
44,2008,1,634.5,489.5
44,2009,1,274.0,530.0
44,2009,0,142.2,525.0
44,2009,0,298.5,444.2
44,2010,1,270.5,544.5
44,2010,1,360.0,393.5
44,2011,1,357.2,396.5
44,2011,1,269.0,548.0
44,2012,1,358.2,400.5
44,2013,1,265.0,559.0
44,2014,1,454.5,567.0
44,2014,1,359.5,398.8
44,2014,0,418.0,462.5
44,2014,0,293.8,468.8
44,2015,1,439.0,567.0
44,2015,1,246.2,566.0
44,2016,1,241.9,565.5
44,2016,1,438.5,563.0
44,2017,1,619.0,611.5
44,2018,1,431.5,563.0
44,2019,1,269.5,469.2
44,2020,1,209.4,586.0
44,2020,1,264.0,467.2
44,2021,1,419.5,592.5
44,2021,1,360.8,469.5
44,2022,1,400.8,584.5
44,2022,0,356.5,442.5
44,2022,1,617.5,570.0
44,2022,1,293.5,379.8
44,2022,1,170.4,601.0
44,2022,0,215.1,456.0
44,2023,0,97.9,457.0
44,2023,1,18.2,455.8
44,2023,0,380.5,461.5
44,2023,0,17.7,457.2
44,2024,1,146.2,615.0
44,2024,1,391.0,595.0
44,2024,1,98.9,485.8
44,2024,0,343.5,441.5
44,2025,1,88.9,476.0
44,2025,1,209.9,475.0
44,2025,0,187.0,467.0
44,2026,1,86.8,476.0
44,2026,0,372.5,482.5
44,2026,1,210.4,479.0
44,2026,1,325.5,457.0
44,2026,0,340.0,445.5
44,2026,0,186.9,462.0
44,2027,1,218.5,478.2
44,2027,1,91.2,465.5
44,2028,1,216.8,476.0
44,2028,1,404.8,617.0
44,2028,1,335.0,460.0
44,2028,0,348.5,443.8
44,2029,1,217.9,480.5
44,2029,0,8.5,501.8
44,2029,1,406.0,617.0
44,2029,1,609.0,640.0
44,2030,1,214.2,464.0
44,2030,1,336.5,456.8
44,2030,1,112.3,639.5
44,2030,0,186.8,456.5
44,2031,1,216.2,467.8
44,2031,1,417.0,634.0
44,2031,1,592.5,393.0
44,2031,0,353.8,429.5
44,2031,0,187.2,461.8
44,2032,1,627.0,383.0
44,2032,1,213.5,474.5
44,2032,1,420.5,640.0
44,2032,0,31.9,496.5
44,2032,0,353.5,432.8
44,2033,1,218.1,473.0
44,2033,1,344.5,449.0
44,2033,1,593.0,640.0
44,2033,0,402.5,473.5
44,2033,1,430.0,636.0
44,2033,1,91.1,640.0
44,2034,1,234.8,465.5
44,2034,1,361.5,445.5
44,2034,1,108.5,640.0
44,2034,1,453.2,640.0
44,2034,1,107.2,640.0
44,2035,1,461.2,640.0
44,2035,1,367.5,449.8
44,2035,1,237.8,465.2
44,2036,1,466.0,639.0
44,2036,1,240.4,472.5
44,2036,1,107.9,640.0
44,2036,1,369.0,450.5
44,2036,0,386.0,424.5
44,2036,0,433.2,483.2
44,2037,1,473.5,638.5
44,2037,1,242.0,462.2
44,2037,0,389.5,430.5
44,2037,1,106.4,640.0
44,2038,1,479.0,640.0
44,2038,1,102.0,640.0
44,2038,1,242.5,471.0
44,2038,0,391.2,428.0
44,2038,1,373.2,451.2
44,2039,1,479.0,640.0
44,2039,1,241.6,468.5
44,2039,1,97.8,640.0
44,2039,0,6.4,489.5
44,2040,1,486.2,639.5
44,2040,1,377.0,448.2
44,2040,1,244.6,462.5
44,2040,0,395.5,417.2
44,2040,1,96.1,638.0
44,2041,1,491.5,639.0
44,2041,1,245.5,461.0
44,2041,1,379.0,443.5
44,2042,1,493.2,640.0
44,2042,1,243.8,465.0
44,2042,1,377.5,443.5
44,2043,1,494.5,638.0
44,2043,1,81.4,639.5
44,2043,1,241.5,460.5
44,2043,1,377.0,444.5
44,2044,1,505.0,640.0
44,2044,1,78.1,640.0
44,2044,1,244.8,465.8
44,2044,1,381.0,449.5
44,2044,0,358.0,399.0
44,2045,1,514.1,640.0
44,2045,1,245.1,470.5
44,2045,1,69.8,639.5
44,2045,1,383.5,450.0
44,2045,1,102.7,485.0
44,2046,1,515.9,640.0
44,2046,1,242.5,462.0
44,2046,1,62.4,640.0
44,2046,1,382.5,449.5
44,2046,1,101.0,485.0
44,2047,1,519.5,640.0
44,2047,1,56.6,640.0
44,2047,1,242.8,470.2
44,2047,1,383.5,447.5
44,2047,1,100.3,491.0
44,2048,1,521.0,640.0
44,2048,1,50.6,640.0
44,2048,1,242.0,471.5
44,2048,1,383.0,450.5
44,2048,1,97.8,498.5
44,2048,0,264.5,408.2
44,2049,1,530.0,639.0
44,2049,1,46.9,640.0
44,2049,1,244.5,473.0
44,2049,1,386.0,445.5
44,2049,0,621.0,408.0
44,2049,0,407.5,419.8
44,2050,1,531.0,638.5
44,2050,1,240.1,470.5
44,2050,1,383.0,446.0
44,2050,1,33.5,638.0
44,2051,1,541.0,639.5
44,2051,1,384.5,445.8
44,2051,1,240.2,473.0
44,2051,1,22.7,640.0
44,2051,0,408.0,420.8
44,2051,1,18.4,639.0
44,2052,1,240.5,475.5
44,2052,0,264.0,409.5
44,2052,1,386.5,451.5
44,2052,1,14.6,640.0
44,2052,1,545.0,640.0
44,2052,1,16.1,640.0
44,2052,0,371.2,395.0
44,2052,0,489.0,588.0
44,2053,1,552.0,640.0
44,2053,1,239.9,477.5
44,2053,1,6.7,640.0
44,2053,1,386.5,445.5
44,2053,0,492.0,566.5
44,2053,0,88.9,500.0
44,2053,0,5.2,516.0
44,2053,0,51.5,481.8
44,2053,0,5.9,640.0
44,2053,1,7.5,640.0
44,2054,1,556.0,638.0
44,2054,0,85.5,500.5
44,2054,1,240.5,473.0
44,2054,1,5.5,640.0
44,2054,1,6.1,640.0
44,2054,0,3.5,516.5
44,2054,0,264.5,408.0
44,2054,1,388.0,448.0
44,2054,1,388.0,447.0
44,2055,1,564.0,639.0
44,2055,1,239.2,477.5
44,2055,1,388.0,449.5
44,2055,0,500.2,624.5
44,2055,0,372.0,393.8
44,2056,1,569.0,639.0
44,2056,1,239.5,477.5
44,2056,1,389.0,448.8
44,2056,0,373.0,392.5
44,2056,0,39.6,499.5
44,2056,1,389.0,448.5
44,2056,0,264.5,408.0
44,2056,0,77.4,503.5
44,2056,0,502.8,577.0
44,2056,1,85.6,438.2
44,2056,1,542.0,419.5
44,2057,1,580.5,640.0
44,2057,1,240.9,479.5
44,2057,1,392.0,457.0
44,2057,0,266.0,412.5
44,2058,1,587.0,639.5
44,2058,1,240.8,481.5
44,2058,1,392.8,457.5
44,2058,1,85.6,471.5
44,2058,1,604.5,57.7
44,2058,1,69.6,505.5
44,2058,0,466.2,389.5
44,2058,0,375.5,397.0
44,2059,1,592.0,640.0
44,2059,1,391.5,464.0
44,2059,1,238.2,483.8
44,2059,1,82.7,479.0
44,2059,0,264.0,415.2
44,2059,0,374.5,400.0
44,2059,0,467.5,395.0
44,2060,1,605.0,639.5
44,2060,1,240.0,486.5
44,2060,1,394.8,467.5
44,2060,0,266.0,420.5
44,2060,0,473.0,404.0
44,2060,1,82.8,487.0
44,2060,0,377.0,402.0
44,2061,1,612.5,640.0
44,2061,1,239.6,488.8
44,2061,1,82.2,492.5
44,2061,0,60.3,525.0
44,2061,0,265.8,419.0
44,2061,1,396.0,469.5
44,2061,0,475.8,399.5
44,2062,1,619.5,640.0
44,2062,0,7.4,487.5
44,2062,1,236.5,492.0
44,2062,1,394.2,474.0
44,2062,1,77.0,489.2
44,2062,0,263.5,418.2
44,2062,0,477.0,409.5
44,2062,1,49.8,529.0
44,2063,1,626.5,640.0
44,2063,1,238.4,490.2
44,2063,1,49.6,531.0
44,2063,0,6.4,476.0
44,2063,0,464.5,621.0
44,2063,0,265.5,417.0
44,2063,1,397.0,468.5
44,2063,0,481.5,412.5
44,2063,1,278.0,417.0
44,2064,1,238.0,490.0
44,2064,1,397.8,474.5
44,2064,1,631.0,594.0
44,2064,0,486.0,413.0
44,2065,1,237.2,495.8
44,2065,1,398.0,476.2
44,2065,0,489.0,411.5
44,2065,0,137.0,543.0
44,2065,0,265.5,422.5
44,2066,1,399.2,477.0
44,2066,1,236.2,499.8
44,2066,0,264.5,420.5
44,2066,0,496.5,423.5
44,2066,1,596.0,167.4
44,2066,0,133.4,640.0
44,2067,0,263.2,424.5
44,2067,1,234.5,503.0
44,2067,1,399.0,481.5
44,2067,0,497.2,425.0
44,2067,0,253.2,426.5
44,2067,1,276.8,422.0
44,2068,1,401.5,479.5
44,2068,1,236.2,502.0
44,2068,0,503.0,420.0
44,2068,1,278.5,420.0
44,2068,1,611.0,138.2
44,2069,1,401.0,476.5
44,2069,1,234.1,503.0
44,2069,0,504.0,418.2
44,2069,0,381.0,408.8
44,2069,0,264.0,421.0
44,2070,1,232.2,506.0
44,2070,1,400.8,479.0
44,2070,0,506.5,418.5
44,2070,0,380.5,412.0
44,2070,0,473.0,394.5
44,2070,0,483.5,395.0
44,2070,1,625.0,206.6
44,2071,1,232.2,507.5
44,2071,1,403.0,482.8
44,2071,0,512.5,428.0
44,2071,1,277.0,419.5
44,2071,0,263.5,421.0
44,2071,1,370.5,407.5
44,2072,1,232.6,508.0
44,2072,1,404.0,476.5
44,2072,0,514.1,420.5
44,2072,0,489.0,401.0
44,2072,1,278.0,422.0
44,2072,1,371.0,405.0
44,2073,1,230.2,516.0
44,2073,1,409.5,489.0
44,2073,0,170.8,593.0
44,2073,0,548.0,439.8
44,2074,1,407.8,492.0
44,2074,1,228.2,513.5
44,2074,0,385.2,414.5
44,2074,0,549.0,460.5
44,2074,1,276.0,422.0
44,2075,1,406.5,492.5
44,2075,0,548.5,439.5
44,2075,1,225.5,515.0
44,2075,0,383.5,416.0
44,2076,1,229.0,516.5
44,2076,1,410.0,493.5
44,2076,1,596.5,480.5
44,2076,0,387.2,425.0
44,2077,1,411.0,492.5
44,2077,1,229.0,518.0
44,2077,1,598.0,480.5
44,2077,1,277.5,423.0
44,2077,0,387.8,427.5
44,2078,1,409.2,492.5
44,2078,0,4.9,493.5
44,2078,0,386.5,417.0
44,2078,1,597.0,482.5
44,2078,0,79.2,639.5
44,2078,1,226.1,518.5
44,2079,1,407.5,497.2
44,2079,0,384.5,414.0
44,2079,0,247.0,422.0
44,2079,0,383.5,413.8
44,2079,1,596.0,484.0
44,2080,1,411.0,494.8
44,2080,0,563.0,477.0
44,2080,0,387.8,427.5
44,2081,1,603.0,484.8
44,2081,1,412.5,498.5
44,2081,0,388.5,420.0
44,2081,1,226.2,519.0
44,2082,1,606.0,492.5
44,2082,1,413.0,500.5
44,2082,0,388.5,420.5
44,2083,0,391.0,421.0
44,2083,1,225.0,518.5
44,2083,1,608.0,497.5
44,2083,0,160.8,605.0
44,2083,1,277.5,419.0
44,2084,1,417.2,504.5
44,2084,0,391.2,426.5
44,2084,1,224.8,519.5
44,2084,0,28.7,531.0
44,2084,1,85.0,442.5
44,2084,1,277.5,419.5
44,2084,0,45.7,640.0
44,2085,1,416.5,504.8
44,2085,1,222.1,517.0
44,2085,0,391.0,420.8
44,2085,0,613.0,460.0
44,2085,0,389.5,416.0
44,2086,1,418.0,508.8
44,2086,0,391.0,425.5
44,2086,0,612.0,464.0
44,2086,0,392.0,430.5
44,2086,1,221.8,521.5
44,2086,0,515.0,394.2
44,2087,1,420.0,504.8
44,2087,0,622.0,469.5
44,2087,0,394.5,432.0
44,2087,1,477.5,379.8
44,2087,0,635.0,457.5
44,2087,1,222.1,524.0
44,2088,1,421.0,506.5
44,2088,0,526.5,393.2
44,2088,0,394.8,420.0
44,2088,1,221.0,526.5
44,2089,1,423.5,515.0
44,2089,1,633.0,490.5
44,2089,0,532.0,395.8
44,2089,1,23.2,499.5
44,2089,0,396.5,422.0
44,2090,1,423.5,514.0
44,2090,1,218.8,539.0
44,2090,1,17.1,488.0
44,2090,1,78.1,453.5
44,2090,1,634.0,496.5
44,2090,0,533.0,395.0
44,2090,0,395.8,424.0
44,2090,0,116.9,456.8
44,2090,0,105.8,471.5
44,2091,1,425.5,512.0
44,2091,1,217.2,544.5
44,2091,0,542.0,393.2
44,2091,0,397.0,421.0
44,2091,1,13.8,576.0
44,2091,0,98.1,479.5
44,2091,1,278.0,429.5
44,2092,1,427.0,515.0
44,2092,0,545.5,397.0
44,2092,1,217.1,543.5
44,2092,0,397.5,416.8
44,2092,1,12.9,577.0
44,2093,1,427.0,514.0
44,2093,1,214.8,545.0
44,2093,0,550.0,395.0
44,2093,0,398.0,447.5
44,2093,0,397.0,422.0
44,2093,0,399.0,462.5
44,2094,1,215.4,546.0
44,2094,1,430.5,520.0
44,2094,1,4.6,575.0
44,2094,0,401.0,435.0
44,2094,1,278.5,427.0
44,2094,0,602.5,417.8
44,2094,0,563.0,400.0
44,2094,0,420.0,495.0
44,2094,1,4.0,532.0
44,2094,0,399.5,416.2
44,2094,0,481.5,393.2
44,2094,0,488.2,398.0
44,2095,1,430.8,523.0
44,2095,1,212.4,553.0
44,2095,0,90.2,462.0
44,2095,0,497.5,391.5
44,2095,0,400.5,449.0
44,2095,0,419.5,497.5
44,2095,0,399.5,435.0
44,2095,1,489.2,405.0
44,2095,0,399.0,422.0
44,2095,0,401.5,472.0
44,2096,1,434.0,528.0
44,2096,1,210.4,554.5
44,2096,0,71.9,486.5
44,2096,0,84.9,461.0
44,2096,0,400.8,417.0
44,2097,1,436.8,531.5
44,2097,1,211.2,555.5
44,2097,0,83.2,458.5
44,2097,0,403.5,424.0
44,2097,1,385.0,423.5
44,2097,0,404.0,438.0
44,2097,0,503.0,411.2
44,2098,1,438.2,534.5
44,2098,1,209.5,552.5
44,2098,0,405.0,433.5
44,2098,0,6.8,44.7
44,2098,1,277.5,422.5
44,2099,1,439.5,532.0
44,2099,1,209.0,551.5
44,2099,0,405.5,433.8
44,2099,0,405.0,425.0
44,2099,0,633.5,482.5
44,2100,1,438.8,534.0
44,2100,0,62.9,452.8
44,2100,0,404.2,432.8
44,2100,1,204.1,555.0
44,2100,1,274.0,417.0
44,2101,1,442.0,536.5
44,2101,0,59.1,453.0
44,2101,0,406.0,418.5
44,2101,1,204.4,554.5
44,2102,1,443.5,537.0
44,2102,1,201.2,560.5
44,2102,0,44.8,459.2
44,2102,0,406.0,427.5
44,2102,1,385.5,420.5
44,2102,0,591.0,520.5
44,2103,1,446.0,539.5
44,2103,1,201.5,563.5
44,2103,0,408.5,437.0
44,2103,0,22.2,510.0
44,2103,1,385.8,417.5
44,2103,0,40.8,464.8
44,2103,1,612.0,398.5
44,2104,0,33.5,470.0
44,2104,1,201.2,566.5
44,2104,0,607.0,527.0
44,2104,1,449.0,551.0
44,2104,0,409.5,413.5
44,2104,1,387.2,416.5
44,2105,0,27.5,474.0
44,2105,1,449.5,547.5
44,2105,0,410.5,437.0
44,2105,1,199.5,569.0
44,2105,0,11.4,504.0
44,2105,1,387.2,418.5
44,2106,0,18.1,482.0
44,2106,1,450.0,552.0
44,2106,0,582.0,417.5
44,2106,1,197.2,580.0
44,2106,0,596.0,425.5
44,2106,0,410.5,423.5
44,2106,1,387.5,418.0
44,2106,0,411.0,445.5
44,2107,1,452.5,554.0
44,2107,0,11.1,483.2
44,2107,1,196.8,581.0
44,2107,0,605.0,403.2
44,2107,0,411.8,427.2
44,2107,0,412.5,442.5
44,2107,1,388.0,418.5
44,2107,0,635.5,400.5
44,2108,1,455.0,552.5
44,2108,1,389.5,418.0
44,2108,0,6.4,483.5
44,2108,1,622.0,406.8
44,2108,1,196.2,582.0
44,2109,1,458.0,554.5
44,2109,1,390.5,417.8
44,2109,1,195.2,584.0
44,2109,0,414.5,423.5
44,2109,0,625.0,430.5
44,2109,1,459.0,561.5
44,2109,0,610.0,425.5
44,2110,1,459.5,560.0
44,2110,1,460.2,565.5
44,2110,0,615.5,397.5
44,2110,0,415.0,420.0
44,2110,1,391.5,417.0
44,2110,0,269.5,423.0
44,2110,1,629.0,399.8
44,2110,0,254.9,432.0
44,2111,1,463.5,565.0
44,2111,1,469.2,584.5
44,2111,1,279.0,428.5
44,2111,1,393.5,421.0
44,2111,1,195.0,591.0
44,2112,1,462.2,568.5
44,2112,1,391.8,423.5
44,2112,0,630.0,414.5
44,2112,0,438.2,415.2
44,2112,0,417.5,453.0
44,2113,1,465.5,578.5
44,2113,1,393.0,427.0
44,2113,1,337.0,347.5
44,2113,1,512.5,407.0
44,2113,0,583.0,471.8
44,2113,1,339.0,344.5
44,2114,1,466.0,581.5
44,2114,1,391.8,427.0
44,2114,1,187.4,601.5
44,2114,0,418.5,441.0
44,2114,1,337.5,345.5
44,2114,0,419.0,460.5
44,2115,1,471.2,587.0
44,2115,0,423.0,449.8
44,2115,0,635.0,412.2
44,2115,0,446.2,427.0
44,2115,1,279.0,434.0
44,2115,0,405.0,425.5
44,2115,1,342.2,346.5
44,2115,0,625.5,417.0
44,2116,1,473.0,588.0
44,2116,1,188.0,602.0
44,2116,1,278.0,433.5
44,2116,0,632.0,417.2
44,2116,0,447.0,427.0
44,2116,0,405.2,426.0
44,2116,0,423.0,453.0
44,2116,1,340.5,346.5
44,2117,1,478.0,587.5
44,2117,0,618.5,483.5
44,2117,1,281.2,432.0
44,2117,0,428.0,455.2
44,2117,0,407.8,411.5
44,2117,0,451.2,427.0
44,2117,1,477.0,550.0
44,2118,1,480.0,593.0
44,2118,1,399.5,427.0
44,2118,1,281.5,430.0
44,2118,0,428.5,455.5
44,2118,1,189.0,604.0
44,2118,1,344.5,341.2
44,2119,1,482.2,596.5
44,2119,1,187.9,607.5
44,2119,1,281.5,431.5
44,2119,0,430.0,463.5
44,2119,1,399.8,427.5
44,2119,1,345.5,340.8
44,2119,0,458.0,544.0
44,2120,1,486.2,596.0
44,2120,1,188.2,609.5
44,2120,1,402.0,428.0
44,2120,0,461.0,552.0
44,2120,0,432.0,458.0
44,2120,0,635.0,504.5
44,2120,0,417.2,456.2
44,2120,0,412.0,425.0
44,2121,1,486.5,596.5
44,2121,1,186.1,609.5
44,2121,1,401.2,427.5
44,2121,1,282.0,430.5
44,2121,0,461.0,552.5
44,2121,0,432.5,459.0
44,2121,1,345.0,339.2
44,2121,0,6.8,481.2
44,2122,1,490.0,598.5
44,2122,1,186.8,614.0
44,2122,0,434.5,457.8
44,2122,1,403.0,426.0
44,2122,0,5.2,466.0
44,2123,1,490.2,601.5
44,2123,1,184.4,616.0
44,2123,1,282.5,435.0
44,2123,0,202.4,450.5
44,2123,1,403.0,426.2
44,2123,0,436.0,504.8
44,2124,1,489.5,603.5
44,2124,0,201.8,453.0
44,2124,1,181.5,623.0
44,2124,1,401.0,431.2
44,2124,1,280.5,435.5
44,2124,0,432.5,459.0
44,2125,1,493.5,608.0
44,2125,1,182.8,627.0
44,2125,0,201.8,455.0
44,2125,0,435.8,458.5
44,2125,1,283.0,438.5
44,2126,1,492.0,607.0
44,2126,1,178.1,631.0
44,2126,1,401.8,431.5
44,2126,0,435.0,465.5
44,2126,1,280.2,438.0
44,2127,1,492.5,612.0
44,2127,1,177.1,635.0
44,2127,1,401.2,432.5
44,2127,0,434.5,464.2
44,2127,1,279.5,441.5
44,2127,0,412.0,421.8
44,2127,1,343.5,344.5
44,2127,0,461.0,434.0
44,2127,0,195.9,460.0
44,2128,1,490.5,611.0
44,2128,1,170.5,639.0
44,2128,1,399.0,430.5
44,2128,0,430.5,463.0
44,2128,0,462.5,565.0
44,2128,0,192.8,463.0
44,2128,0,459.0,427.0
44,2129,1,486.0,615.0
44,2129,1,393.0,433.5
44,2130,1,145.2,640.0
44,2130,1,486.8,627.5
44,2130,1,389.0,434.0
44,2131,1,489.2,631.0
44,2131,1,391.0,434.2
44,2131,1,145.8,640.0
44,2131,0,425.5,467.0
44,2131,0,404.0,453.8
44,2132,1,489.2,633.0
44,2132,1,390.5,433.0
44,2132,1,144.2,639.0
44,2132,1,264.0,446.0
44,2132,0,425.0,465.2
44,2133,1,490.8,629.5
44,2133,1,141.0,640.0
44,2133,1,389.5,432.8
44,2133,1,141.2,640.0
44,2133,0,423.8,461.5
44,2134,1,489.5,635.5
44,2134,1,139.0,640.0
44,2134,1,139.8,639.0
44,2134,1,387.5,434.0
44,2135,1,491.5,637.0
44,2135,1,139.2,640.0
44,2135,1,389.0,434.0
44,2135,1,139.6,639.0
44,2135,0,425.5,504.5
44,2136,1,490.8,639.0
44,2136,1,390.0,434.2
44,2136,1,138.1,640.0
44,2136,0,427.0,504.5
44,2137,1,491.2,638.0
44,2137,1,136.0,639.5
44,2137,0,424.5,475.0
44,2137,1,389.0,439.2
44,2138,1,491.0,638.5
44,2138,1,134.6,639.0
44,2138,1,134.5,640.0
44,2138,1,388.5,441.0
44,2138,0,425.2,519.0
44,2138,1,133.2,609.0
44,2139,1,490.0,638.0
44,2139,1,493.0,640.0
44,2139,1,132.5,640.0
44,2139,0,424.2,479.8
44,2139,0,161.6,486.5
44,2139,1,387.5,442.5
44,2140,1,494.2,640.0
44,2140,1,131.2,633.0
44,2140,0,426.0,519.0
44,2141,1,493.2,637.5
44,2141,1,130.0,640.0
44,2141,0,460.0,552.5
44,2142,1,493.0,637.0
44,2142,1,494.8,640.0
44,2142,1,258.2,453.0
44,2142,1,386.5,438.5
44,2143,1,493.8,637.0
44,2143,1,2.8,495.2
44,2143,1,126.8,640.0
44,2143,1,258.2,453.0
44,2144,1,500.0,640.0
44,2144,0,249.0,435.5
44,2144,1,388.8,439.0
44,2144,1,123.6,626.5
44,2145,1,499.8,637.5
44,2145,1,121.0,639.5
44,2145,1,387.0,437.5
44,2146,1,501.0,636.0
44,2146,1,119.6,639.5
44,2146,1,388.8,440.0
44,2146,1,499.5,639.0
44,2147,1,501.0,635.0
44,2147,1,114.6,639.5
44,2147,1,386.0,440.5
44,2147,0,466.8,606.5
44,2147,0,427.0,529.0
44,2147,0,426.5,492.5
44,2148,1,505.8,640.0
44,2148,1,114.3,640.0
44,2148,1,389.0,444.0
44,2148,1,114.6,485.8
44,2149,1,111.8,640.0
44,2149,1,509.2,640.0
44,2149,1,508.0,637.0
44,2149,0,430.2,538.5
44,2149,1,389.0,446.0
44,2149,0,563.0,639.0
44,2150,1,110.8,640.0
44,2150,1,510.8,640.0
44,2150,0,431.2,543.5
44,2150,1,389.5,446.5
44,2150,0,566.5,639.0
44,2150,0,431.0,497.5
44,2151,0,567.0,638.5
44,2151,1,390.0,449.8
44,2151,1,107.1,639.5
44,2151,1,514.0,640.0
44,2151,1,107.4,640.0
44,2151,0,432.8,548.0
44,2151,1,256.8,455.5
44,2152,1,104.1,639.5
44,2152,0,431.5,547.5
44,2152,1,514.0,640.0
44,2152,0,472.0,579.0
44,2152,0,566.0,638.0
44,2152,1,388.5,452.0
44,2152,1,254.5,458.5
44,2153,1,102.8,640.0
44,2153,1,389.8,452.0
44,2153,0,433.5,551.5
44,2153,1,517.1,639.0
44,2153,1,255.2,459.0
44,2153,0,476.0,578.5
44,2154,1,520.0,640.0
44,2154,1,390.0,451.5
44,2154,0,436.0,549.0
44,2154,1,100.3,640.0
44,2154,0,406.5,433.5
44,2154,1,519.5,638.0
44,2154,1,254.8,460.5
44,2154,0,576.0,635.0
44,2154,0,478.0,593.0
44,2155,1,522.5,640.0
44,2155,1,522.1,639.5
44,2155,1,392.0,453.0
44,2155,1,99.9,640.0
44,2155,0,407.5,430.0
44,2155,0,438.2,552.0
44,2155,0,481.0,602.5
44,2156,1,525.0,640.0
44,2156,1,524.0,640.0
44,2156,1,391.2,452.0
44,2156,0,406.5,431.5
44,2156,1,94.0,640.0
44,2156,0,436.2,550.5
44,2156,1,523.5,639.0
44,2156,0,405.5,436.0
44,2157,1,527.5,640.0
44,2157,1,93.2,640.0
44,2157,1,391.5,451.5
44,2157,1,119.6,476.8
44,2157,1,527.0,640.0
44,2157,1,524.1,637.5
44,2157,0,407.0,428.5
44,2157,0,437.0,499.5
44,2157,0,13.9,635.0
44,2157,0,482.5,640.0
44,2158,1,531.0,638.0
44,2158,1,392.8,451.0
44,2158,0,484.0,595.0
44,2158,0,408.5,429.0
44,2158,1,254.9,460.5
44,2158,1,89.1,640.0
44,2159,1,531.0,638.0
44,2159,1,524.9,634.0
44,2159,1,393.2,453.5
44,2159,1,85.8,625.5
44,2159,0,486.2,620.5
44,2159,0,440.5,550.5
44,2159,1,254.5,463.5
44,2159,0,408.5,439.2
44,2159,0,439.8,513.0
44,2159,1,84.6,640.0
44,2160,1,81.0,640.0
44,2160,1,533.0,638.0
44,2160,1,393.0,454.0
44,2160,1,531.0,640.0
44,2160,0,441.8,553.0
44,2160,1,536.0,640.0
44,2160,1,76.5,638.0
44,2160,0,487.5,595.5
44,2161,1,80.5,640.0
44,2161,1,539.0,640.0
44,2161,1,529.9,640.0
44,2161,1,535.5,638.5
44,2161,0,443.0,552.0
44,2161,0,489.0,596.5
44,2161,1,255.0,466.8
44,2161,0,24.0,489.0
44,2161,1,394.5,451.8
44,2161,0,410.0,436.5
44,2161,1,532.0,640.0
44,2162,1,74.2,640.0
44,2162,1,534.5,637.5
44,2162,1,537.0,639.0
44,2162,1,540.5,640.0
44,2162,0,442.5,555.0
44,2162,0,409.5,431.5
44,2162,0,489.5,598.0
44,2162,1,393.5,453.2
44,2162,1,74.4,543.0
44,2163,1,546.0,640.0
44,2163,0,445.2,555.5
44,2163,1,540.0,636.0
44,2163,1,72.0,629.0
44,2163,1,254.8,465.5
44,2164,1,117.9,524.5
44,2164,0,446.0,561.0
44,2164,1,67.4,640.0
44,2164,1,547.0,640.0
44,2164,0,447.5,560.5
44,2164,1,254.8,468.0
44,2165,1,546.0,640.0
44,2165,1,541.5,635.5
44,2165,0,446.5,562.5
44,2165,1,61.2,640.0
44,2165,0,619.0,639.0
44,2165,1,549.0,639.5
44,2166,1,552.0,639.0
44,2166,0,449.0,564.5
44,2166,1,548.0,634.0
44,2166,0,626.0,614.5
44,2166,0,500.0,634.0
44,2166,1,57.9,635.0
44,2167,0,502.5,625.0
44,2167,1,549.5,632.0
44,2167,0,451.0,565.5
44,2167,1,554.5,638.5
44,2167,1,254.9,472.8
44,2167,1,551.5,639.5
44,2167,1,57.8,633.0
44,2167,0,244.0,454.5
44,2168,1,53.2,640.0
44,2168,1,52.2,640.0
44,2168,1,255.0,471.5
44,2168,0,452.5,566.5
44,2168,1,549.0,635.5
44,2168,0,500.5,627.0
44,2168,1,554.0,639.0
44,2168,1,399.0,455.0
44,2168,1,560.0,639.0
44,2169,1,48.3,640.0
44,2169,1,556.0,637.5
44,2169,1,564.0,639.0
44,2169,0,454.0,569.0
44,2169,1,254.9,471.5
44,2169,1,399.5,457.0
44,2169,1,567.0,639.5
44,2170,1,568.0,640.0
44,2170,1,41.5,640.0
44,2170,0,454.5,574.0
44,2170,1,400.0,460.0
44,2170,0,417.0,440.5
44,2170,1,570.0,640.0
44,2170,1,35.8,640.0
44,2171,1,575.5,640.0
44,2171,1,36.6,640.0
44,2171,1,573.0,639.5
44,2171,1,125.0,307.8
44,2171,0,455.5,579.0
44,2171,1,582.0,173.6
44,2171,0,417.0,441.2
44,2171,1,567.0,638.5
44,2172,1,34.9,640.0
44,2172,1,401.0,459.0
44,2172,1,579.5,640.0
44,2172,1,574.0,640.0
44,2172,1,575.5,640.0
44,2172,0,418.0,438.5
44,2172,1,572.0,638.5
44,2173,0,419.5,438.0
44,2173,1,581.5,640.0
44,2173,1,580.0,639.5
44,2173,1,576.5,636.0
44,2173,1,400.5,460.0
44,2173,1,29.1,640.0
44,2173,1,29.7,640.0
44,2174,1,583.0,635.5
44,2174,1,590.0,639.5
44,2174,1,583.5,637.0
44,2174,0,422.5,442.2
44,2174,0,90.3,564.5
44,2175,1,591.0,636.5
44,2175,1,21.9,640.0
44,2175,0,425.0,438.0
44,2175,0,635.0,434.0
44,2175,0,464.5,583.0
44,2175,0,89.1,563.0
44,2175,0,615.5,421.8
44,2175,1,255.2,475.0
44,2176,1,596.0,640.0
44,2176,1,17.2,640.0
44,2176,0,426.0,451.0
44,2176,0,529.0,636.0
44,2176,1,109.1,463.0
44,2177,1,599.0,638.0
44,2177,1,12.3,640.0
44,2177,0,465.8,592.0
44,2177,0,423.2,444.5
44,2177,1,607.0,639.0
44,2177,1,105.8,466.0
44,2177,1,402.5,467.8
44,2178,1,10.5,640.0
44,2178,1,607.0,640.0
44,2178,1,405.2,470.0
44,2178,0,427.0,449.0
44,2178,1,255.2,482.0
44,2178,1,108.1,501.5
44,2179,1,612.0,640.0
44,2179,1,6.0,581.0
44,2179,1,6.4,637.0
44,2179,1,620.5,640.0
44,2179,1,103.9,508.0
44,2179,1,253.1,486.8
44,2180,1,615.0,637.5
44,2180,1,5.0,582.5
44,2180,1,6.7,630.0
44,2180,0,470.0,608.0
44,2180,0,427.5,454.8
44,2181,1,619.0,640.0
44,2181,1,407.5,478.0
44,2181,1,2.8,494.8
44,2181,1,255.0,486.0
44,2181,0,430.2,453.0
44,2182,1,625.5,618.0
44,2182,1,407.5,477.0
44,2182,1,253.5,486.0
44,2182,0,430.2,455.2
44,2183,1,254.8,487.0
44,2183,1,104.0,465.2
44,2184,1,103.1,459.0
44,2184,1,563.0,637.0
44,2184,0,64.0,591.0
44,2185,0,66.4,585.0
44,2185,1,558.5,637.0
44,2185,1,254.5,484.2
44,2186,1,103.5,453.0
44,2186,1,565.0,636.5
44,2186,0,484.0,622.0
44,2186,0,438.8,451.2
44,2187,1,568.0,633.0
44,2187,1,254.8,487.2
44,2188,0,439.5,459.5
44,2188,1,97.5,276.0
44,2189,0,439.0,460.2
44,2189,0,51.2,622.5
44,2191,0,45.0,631.0
44,2191,1,415.0,485.0
44,2193,1,417.0,487.2
44,2194,0,442.8,458.0
44,2194,1,415.5,487.5
44,2194,0,609.0,466.5
44,2195,1,586.0,640.0
44,2195,1,416.5,490.0
44,2195,0,443.5,459.0
44,2195,0,443.2,460.5
44,2195,0,615.0,468.5
44,2196,0,501.5,639.0
44,2196,0,207.8,593.0
44,2196,1,418.0,493.0
44,2196,1,6.1,167.5
44,2196,1,93.6,510.0
44,2196,0,500.5,602.0
44,2196,0,11.6,639.0
44,2196,0,57.3,527.0
44,2196,0,446.2,465.0
44,2197,1,417.5,492.0
44,2197,1,596.0,640.0
44,2197,0,446.5,464.0
44,2197,0,6.9,591.0
44,2198,1,601.0,640.0
44,2198,1,418.0,495.5
44,2199,1,607.0,640.0
44,2199,1,420.2,495.8
44,2199,0,450.0,473.5
44,2200,1,420.5,497.0
44,2200,0,450.5,475.5
44,2200,1,595.5,466.5
44,2200,1,611.0,640.0
44,2201,1,612.0,637.5
44,2201,1,421.5,498.8
44,2201,0,452.0,476.0
44,2201,1,597.0,479.5
44,2202,1,423.0,501.5
44,2202,1,87.9,491.0
44,2202,1,614.0,631.5
44,2202,1,338.0,374.0
44,2203,1,422.0,500.0
44,2203,1,614.0,579.0
44,2203,0,453.5,478.0
44,2203,0,128.5,477.5
44,2203,1,602.0,472.0
44,2204,0,572.0,431.5
44,2204,0,521.5,623.0
44,2204,0,556.0,428.5
44,2205,1,85.1,521.0
44,2205,1,609.0,457.5
44,2205,0,461.5,488.5
44,2205,0,560.0,429.5
44,2206,1,80.9,513.5
44,2206,0,466.5,497.0
44,2206,1,342.5,373.5
44,2206,1,428.0,515.0
44,2206,1,251.1,527.0
44,2207,1,343.5,374.0
44,2207,1,428.0,516.5
44,2208,1,623.0,470.2
44,2208,1,433.8,519.0
44,2208,1,346.0,373.2
44,2209,1,629.0,505.0
44,2209,1,435.5,525.0
44,2209,0,477.5,503.5
44,2209,0,30.4,546.5
44,2210,0,24.9,549.5
44,2210,1,436.0,529.5
44,2210,0,482.0,510.0
44,2211,0,488.5,516.0
44,2211,1,73.5,548.5
44,2211,0,111.4,520.0
44,2211,1,443.0,532.0
44,2212,1,83.1,550.5
44,2212,0,115.1,521.0
44,2212,1,456.8,526.0
44,2212,0,246.4,497.8
44,2212,1,359.5,374.2
44,2213,0,615.5,640.0
44,2213,1,459.8,526.5
44,2213,1,83.7,554.0
44,2213,1,264.2,542.5
44,2214,1,465.2,531.0
44,2214,0,517.5,517.0
44,2215,0,517.5,520.0
44,2215,1,461.0,536.0
44,2215,0,520.0,517.5
44,2215,1,359.8,378.5
44,2215,0,519.0,518.0
44,2216,1,243.1,548.5
44,2216,1,345.0,374.2
44,2217,1,442.0,540.0
44,2218,1,437.0,539.0
44,2218,1,45.5,399.2
44,2218,1,227.2,559.0
44,2219,1,436.5,539.0
44,2220,1,437.5,541.0
44,2221,1,437.5,544.5
44,2221,1,4.1,499.2
44,2222,1,438.5,548.5
44,2223,1,438.8,551.5
44,2224,1,439.0,552.0
44,2224,0,594.5,504.0
44,2225,1,437.0,554.5
44,2226,1,438.2,565.0
44,2226,1,197.5,583.5
44,2227,1,440.0,568.0
44,2227,1,195.8,592.5
44,2227,0,77.4,560.0
44,2227,0,537.0,638.0
44,2228,1,440.0,568.5
44,2228,1,220.0,377.0
44,2228,1,322.0,370.8
44,2229,1,443.8,575.0
44,2229,1,219.5,376.5
44,2229,0,49.7,573.0
44,2230,1,444.8,575.5
44,2230,1,186.4,605.5
44,2230,1,218.8,375.5
44,2230,1,322.0,371.5
44,2231,1,184.0,612.5
44,2232,1,450.5,596.0
44,2232,1,179.6,618.0
44,2232,1,218.5,379.2
44,2233,1,454.5,596.5
44,2234,1,455.2,611.5
44,2234,1,455.5,619.0
44,2234,1,413.2,369.0
44,2234,1,162.8,640.0
44,2235,1,463.0,622.0
44,2235,0,631.0,511.0
44,2235,1,417.5,363.5
44,2235,0,108.2,561.5
44,2236,1,140.5,640.0
44,2236,1,471.5,639.0
44,2236,1,144.2,640.0
44,2236,0,84.9,631.5
44,2236,0,2.1,526.0
44,2236,1,138.0,640.0
44,2236,1,314.0,369.2
44,2237,1,120.1,638.0
44,2237,0,54.2,640.0
44,2237,1,485.2,640.0
44,2238,1,117.4,637.0
44,2238,1,485.8,640.0
44,2239,1,487.5,640.0
44,2239,1,107.8,635.0
44,2239,1,312.5,381.5
44,2240,1,488.0,640.0
44,2240,1,104.2,640.0
44,2240,1,307.5,381.0
44,2240,1,98.0,640.0
44,2240,1,310.0,379.5
44,2241,1,492.0,640.0
44,2241,1,310.5,382.5
44,2241,1,308.0,380.5
44,2242,1,85.2,638.0
44,2242,1,498.5,639.0
44,2242,1,81.7,640.0
44,2242,1,314.0,377.5
44,2243,1,78.8,640.0
44,2243,1,505.0,640.0
44,2243,1,74.5,640.0
44,2244,1,510.5,629.0
44,2244,1,67.0,640.0
44,2244,1,60.4,640.0
44,2244,1,303.5,388.2
44,2244,1,308.5,389.0
44,2245,1,518.0,640.0
44,2245,1,47.5,639.5
44,2246,1,529.0,638.0
44,2246,1,24.3,639.0
44,2246,1,528.0,640.0
44,2247,1,535.5,639.0
44,2247,1,11.1,639.5
44,2247,1,308.0,394.0
44,2248,1,553.5,639.0
44,2249,1,562.5,639.0
44,2249,1,558.5,639.0
44,2250,1,579.0,639.5
44,2250,1,11.1,638.0
44,2250,1,307.8,395.5
44,2251,1,594.5,639.0
44,2252,1,617.0,640.0
44,2252,1,616.5,640.0
44,2252,1,519.5,377.2
44,2255,1,49.6,414.0
44,2256,1,634.0,37.6
44,2258,1,299.5,380.8
44,2260,1,174.2,392.5
44,2260,1,44.2,403.2
44,2261,1,175.9,390.0
44,2261,1,45.4,403.0
44,2261,1,306.2,381.0
44,2262,1,45.3,400.8
44,2262,1,176.9,387.5
44,2263,1,47.2,399.5
44,2263,1,433.0,373.0
44,2263,1,306.0,379.5
44,2264,1,557.0,367.2
44,2264,1,48.5,399.0
44,2265,1,562.0,369.0
44,2267,1,586.5,371.5
44,2268,1,584.0,151.0
44,2268,1,329.0,260.0
44,2269,1,585.0,146.8
44,2269,1,329.2,281.5
44,2270,1,586.5,153.2
44,2270,1,588.0,210.1
44,2270,1,593.5,369.5
44,2271,1,518.0,125.1
44,2273,1,179.2,381.5
44,2273,1,576.0,122.0
44,2273,1,41.3,399.5
44,2274,1,311.5,235.2
44,2275,1,628.0,362.5
44,2276,1,312.5,258.0
44,2276,1,172.0,383.8
44,2276,1,171.8,271.0
44,2277,1,312.5,257.2
44,2277,1,171.0,297.5
44,2278,1,312.5,251.5
44,2278,1,582.5,366.8
44,2278,1,169.9,305.0
44,2278,1,578.0,164.2
44,2279,1,585.0,370.0
44,2279,1,313.5,251.5
44,2280,1,584.5,371.0
44,2280,1,313.0,246.6
44,2280,1,22.4,390.5
44,2281,1,311.0,246.6
44,2281,1,583.5,370.8
44,2281,1,18.3,395.5
44,2282,1,584.0,370.5
44,2282,1,18.1,397.8
44,2283,1,309.0,246.9
44,2283,1,13.5,401.0
44,2284,1,14.5,400.8
44,2285,1,307.5,390.0
44,2285,1,14.5,396.5
44,2286,1,16.8,397.2
44,2286,1,306.0,388.0
44,2287,1,305.5,231.1
44,2287,1,14.8,396.0
44,2288,1,583.0,369.0
44,2289,1,583.5,367.0
44,2289,1,148.8,394.5
44,2290,1,588.0,368.0
44,2290,1,149.2,387.0
44,2291,1,595.0,371.0
44,2291,1,12.2,394.2
44,2291,1,308.5,386.5
44,2292,1,14.1,395.2
44,2292,1,312.0,286.0
44,2292,1,15.1,391.0
44,2292,1,599.0,382.5
44,2293,1,614.0,375.8
44,2293,1,467.5,380.0
44,2293,1,12.6,402.8
44,2294,1,620.0,369.5
44,2294,1,18.7,398.5
44,2294,1,168.5,280.2
44,2295,1,626.0,369.0
44,2295,1,175.0,394.5
44,2295,1,25.6,417.0
44,2295,1,328.5,237.6
44,2296,1,337.5,380.2
44,2297,1,625.5,375.8
44,2297,1,501.8,377.8
44,2297,1,43.7,386.5
44,2299,1,528.0,378.5
44,2299,1,211.9,375.0
44,2299,1,368.5,380.0
44,2300,1,80.1,381.5
44,2300,1,376.5,243.6
44,2301,1,239.8,392.5
44,2301,1,398.8,386.2
44,2302,1,625.5,392.0
44,2302,1,111.6,391.8
44,2303,1,264.5,280.2
44,2304,1,619.0,399.0
44,2304,1,276.5,387.5
44,2305,1,634.0,244.2
44,2306,1,624.0,386.5
44,2306,1,307.0,390.0
44,2308,1,332.0,383.0
44,2308,1,13.6,414.5
44,2308,1,499.2,23.9
44,2309,1,36.9,416.0
44,2310,1,54.2,416.0
44,2312,1,92.8,411.8
44,2313,1,112.1,408.0
44,2313,1,613.0,399.5
44,2314,1,429.5,379.5
44,2314,1,629.0,405.8
44,2315,1,149.1,409.5
44,2315,1,625.5,379.2
44,2316,1,467.0,380.5
44,2316,1,622.5,381.8
44,2316,1,165.2,403.0
44,2316,0,633.0,639.0
44,2414,0,128.2,640.0
44,2414,1,442.5,529.0
44,2414,1,247.2,528.0
44,2414,0,403.8,462.5
44,2414,0,410.5,467.5
44,2414,0,382.2,419.0
44,2414,0,285.0,441.5
44,2414,0,275.5,439.2
44,2414,0,462.5,562.0
44,2414,0,286.5,438.5
44,2414,0,203.1,634.5
44,2414,0,258.6,449.5
44,2414,0,371.8,412.5
44,2414,0,297.0,410.5
44,2415,0,127.2,640.0
44,2415,0,407.5,459.5
44,2415,1,446.5,529.0
44,2415,0,204.5,630.0
44,2415,0,396.5,442.5
44,2415,1,250.2,531.0
44,2415,0,278.5,445.0
44,2415,0,414.8,461.0
44,2415,0,386.0,417.5
44,2415,0,469.5,557.0
44,2415,1,392.0,436.5
44,2415,0,286.8,443.0
44,2415,0,386.8,423.0
44,2415,0,258.5,510.0
44,2415,1,54.2,536.0
44,2415,0,377.0,411.5
44,2415,1,291.2,435.8
44,2415,1,290.5,440.0
44,2416,1,245.5,528.0
44,2416,0,201.0,625.0
44,2416,1,444.0,528.0
44,2416,0,404.5,457.5
44,2416,0,121.4,640.0
44,2416,0,411.5,461.0
44,2416,0,284.5,439.0
44,2416,1,48.7,543.5
44,2416,0,382.5,415.0
44,2416,0,258.2,442.5
44,2416,0,274.8,458.0
44,2416,0,286.0,437.5
44,2416,0,373.8,411.0
44,2416,0,465.5,559.0
44,2416,0,372.5,410.2
44,2416,1,245.5,527.0
44,2416,1,389.2,439.2
44,2416,0,297.0,409.0
44,2416,0,287.0,435.0
44,2416,0,238.5,527.5
44,2417,0,408.5,458.0
44,2417,1,372.8,407.0
44,2417,1,249.5,529.0
44,2417,0,386.5,420.8
44,2417,1,392.0,436.0
44,2417,0,204.2,632.0
44,2417,0,397.5,441.5
44,2417,0,472.0,559.0
44,2417,0,417.2,486.0
44,2417,1,54.9,543.5
44,2417,0,387.2,427.8
44,2417,0,126.6,640.0
44,2417,0,388.2,431.0
44,2418,0,112.9,639.0
44,2418,0,413.0,464.8
44,2418,1,245.0,530.0
44,2418,0,405.5,458.5
44,2418,0,199.1,626.5
44,2418,0,284.0,439.0
44,2418,0,274.5,455.0
44,2418,0,285.5,436.8
44,2418,0,405.0,458.0
44,2418,0,383.0,412.2
44,2418,0,373.8,408.5
44,2418,0,406.5,460.0
44,2418,0,412.0,460.0
44,2418,1,46.9,529.5
44,2418,0,469.5,563.0
44,2418,0,374.5,408.5
44,2418,0,414.0,481.0
44,2418,0,287.2,433.5
44,2418,1,390.0,440.5
44,2418,0,257.8,454.5
44,2419,0,408.5,458.0
44,2419,0,114.3,640.0
44,2419,1,247.4,533.0
44,2419,0,397.0,441.0
44,2419,0,201.0,629.0
44,2419,1,49.2,531.5
44,2419,0,386.0,417.0
44,2419,1,392.0,436.0
44,2419,0,277.5,439.5
44,2419,0,386.5,423.5
44,2419,0,417.5,486.5
44,2419,0,417.2,486.5
44,2419,0,395.5,439.5
44,2419,0,473.0,561.0
44,2419,0,377.2,409.8
44,2419,0,300.5,412.5
44,2419,1,247.2,532.0
44,2419,0,388.0,429.8
44,2419,0,260.0,436.0
44,2419,0,286.2,439.8
44,2419,0,375.5,406.5
44,2419,0,519.0,600.0
44,2420,1,47.0,533.5
44,2420,0,110.5,640.0
44,2420,0,409.0,455.0
44,2420,0,199.5,621.0
44,2420,1,246.9,526.5
44,2420,0,397.2,437.2
44,2420,0,474.0,561.0
44,2420,0,277.2,439.5
44,2420,0,386.8,412.5
44,2420,1,392.5,431.5
44,2420,0,417.5,484.0
44,2420,1,246.8,526.5
44,2420,0,416.5,478.5
44,2420,0,387.8,426.0
44,2420,0,417.5,484.0
44,2420,0,633.5,639.5
44,2420,1,449.0,532.5
44,2420,1,373.0,402.0
44,2420,0,286.2,437.5
44,2420,0,259.5,445.2
44,2421,1,452.2,528.5
44,2421,0,409.8,454.0
44,2421,0,632.0,507.0
44,2421,0,417.8,468.0
44,2421,1,247.2,528.5
44,2421,0,277.5,449.5
44,2421,0,474.0,561.5
44,2421,0,418.8,481.0
44,2421,1,373.8,400.0
44,2421,1,47.5,535.5
44,2421,0,108.0,639.0
44,2421,0,388.2,418.5
44,2421,0,389.5,425.2
44,2421,0,416.5,455.8
44,2421,0,420.2,480.5
44,2421,0,199.4,635.0
44,2421,0,286.8,437.0
44,2421,0,472.8,559.0
44,2421,0,398.8,436.0
44,2421,0,396.5,433.5
44,2421,0,259.8,450.0
44,2421,0,260.2,435.2
44,2421,1,247.1,529.0
44,2422,1,454.2,531.0
44,2422,0,421.0,481.0
44,2422,0,411.8,453.8
44,2422,0,105.6,640.0
44,2422,0,477.5,560.5
44,2422,1,249.2,529.5
44,2422,0,200.2,629.0
44,2422,0,420.0,464.2
44,2422,0,279.5,434.0
44,2422,1,375.0,398.5
44,2422,0,443.0,511.0
44,2422,0,389.5,405.5
44,2422,1,48.5,538.5
44,2422,0,528.0,637.0
44,2422,0,634.5,509.5
44,2422,0,259.0,506.2
44,2422,0,418.5,455.5
44,2422,0,421.5,482.5
44,2422,0,445.2,511.8
44,2422,1,609.0,428.0
44,2423,1,453.0,527.0
44,2423,0,410.2,451.0
44,2423,0,98.6,639.0
44,2423,1,246.5,523.0
44,2423,0,419.0,476.0
44,2423,0,420.5,478.5
44,2423,1,374.0,398.2
44,2423,0,277.0,440.0
44,2423,0,477.5,560.5
44,2423,0,418.2,462.5
44,2423,0,528.5,597.5
44,2423,0,388.5,414.5
44,2423,1,246.1,522.5
44,2423,0,286.0,435.5
44,2423,0,398.8,434.0
44,2423,0,633.0,504.8
44,2423,0,259.2,437.5
44,2423,0,300.8,401.5
44,2423,0,259.1,452.5
44,2423,0,69.8,544.0
44,2423,1,396.0,430.0
44,2423,0,390.8,427.5
44,2424,0,98.8,639.5
44,2424,1,454.8,531.0
44,2424,0,411.5,450.2
44,2424,0,478.5,559.0
44,2424,0,420.5,464.5
44,2424,0,278.0,447.5
44,2424,0,389.0,407.8
44,2424,1,374.0,397.0
44,2424,1,246.6,532.0
44,2424,0,197.1,628.5
44,2424,1,247.1,530.0
44,2424,0,532.0,611.5
44,2424,0,412.5,453.0
44,2424,0,287.0,437.5
44,2424,0,260.0,440.0
44,2424,0,418.5,456.0
44,2424,0,394.2,422.5
44,2424,1,396.0,427.2
44,2424,0,400.2,431.2
44,2424,0,260.0,461.5
44,2425,0,95.4,640.0
44,2425,1,458.0,531.5
44,2425,0,422.2,453.5
44,2425,0,414.5,453.5
44,2425,0,280.0,450.0
44,2425,0,423.5,482.5
44,2425,1,248.1,536.5
44,2425,0,196.1,639.0
44,2425,0,422.5,470.0
44,2425,0,535.0,632.0
44,2425,1,377.5,400.0
44,2425,0,391.0,404.5
44,2425,0,483.0,567.5
44,2425,0,392.8,414.2
44,2425,0,293.8,429.0
44,2425,0,401.8,434.5
44,2425,0,287.2,442.0
44,2425,0,382.5,403.0
44,2425,0,285.5,450.0
44,2425,0,262.0,437.0
44,2426,1,459.0,536.0
44,2426,0,85.1,640.0
44,2426,0,423.5,485.8
44,2426,0,423.0,461.5
44,2426,0,414.0,457.0
44,2426,0,422.0,481.0
44,2426,0,195.8,639.0
44,2426,1,247.2,540.5
44,2426,0,279.0,451.0
44,2426,0,422.2,455.2
44,2426,0,390.8,409.0
44,2426,0,287.2,443.5
44,2426,0,538.0,633.5
44,2426,0,424.5,486.0
44,2426,0,279.5,459.0
44,2426,0,394.0,428.0
44,2426,0,401.8,440.8
44,2426,0,293.5,433.5
44,2426,1,246.9,538.0
44,2426,0,484.0,571.5
44,2427,0,415.2,459.5
44,2427,0,403.0,442.0
44,2427,0,280.0,464.8
44,2427,1,460.5,539.5
44,2427,1,247.6,543.5
44,2427,0,425.0,488.8
44,2427,0,393.5,426.0
44,2427,0,424.0,475.0
44,2427,0,286.8,455.2
44,2427,0,392.0,413.8
44,2427,0,283.2,463.5
44,2427,0,540.0,635.0
44,2427,0,285.5,458.5
44,2427,0,426.0,488.8
44,2427,0,194.5,639.0
44,2427,0,401.0,439.5
44,2427,0,86.4,639.5
44,2427,1,293.0,444.0
44,2427,1,378.0,403.5
44,2428,1,247.0,551.5
44,2428,0,403.0,445.0
44,2428,1,463.0,549.5
44,2428,0,280.0,468.5
44,2428,0,425.5,465.2
44,2428,0,394.5,429.0
44,2428,1,378.0,406.0
44,2428,0,416.2,462.8
44,2428,0,286.5,458.8
44,2428,0,491.0,578.0
44,2428,0,426.0,484.2
44,2428,0,283.5,468.2
44,2428,0,424.2,461.8
44,2428,0,75.6,640.0
44,2428,1,293.0,446.0
44,2428,0,287.5,453.5
44,2429,1,468.0,559.5
44,2429,0,429.5,475.5
44,2429,0,280.8,459.0
44,2429,0,419.5,469.0
44,2429,0,406.5,450.5
44,2429,0,189.9,638.0
44,2429,1,247.2,558.5
44,2429,0,634.0,486.5
44,2429,0,291.0,450.5
44,2429,1,379.8,411.0
44,2429,0,395.8,423.5
44,2429,0,281.0,471.8
44,2429,0,428.5,468.5
44,2429,0,294.2,445.0
44,2429,0,292.0,454.0
44,2429,1,295.0,450.2
44,2429,0,494.0,592.0
44,2429,0,396.5,436.0
44,2430,1,468.5,564.5
44,2430,1,245.1,560.5
44,2430,0,418.5,474.5
44,2430,0,429.2,487.8
44,2430,0,279.0,464.8
44,2430,0,184.5,639.0
44,2430,0,560.5,637.5
44,2430,0,428.0,477.5
44,2430,1,379.0,413.0
44,2430,0,405.5,455.5
44,2430,1,378.0,415.8
44,2430,1,245.0,559.0
44,2430,0,279.0,476.0
44,2430,0,394.8,426.2
44,2430,0,395.2,435.0
44,2430,0,498.5,599.5
44,2430,0,394.0,423.5
44,2430,0,495.0,598.0
44,2430,0,396.2,441.5
44,2430,1,28.4,569.5
44,2431,1,470.0,570.0
44,2431,0,418.8,473.8
44,2431,0,430.0,491.2
44,2431,0,277.5,469.0
44,2431,1,22.8,569.0
44,2431,1,244.0,563.5
44,2431,0,394.5,428.0
44,2431,0,287.0,457.8
44,2431,0,429.2,476.5
44,2431,0,48.8,546.5
44,2431,1,378.5,411.5
44,2431,0,394.0,423.8
44,2431,0,405.0,456.0
44,2431,0,258.6,452.0
44,2431,1,401.0,454.0
44,2431,0,395.5,438.5
44,2431,0,181.2,639.5
44,2431,0,406.0,455.5
44,2432,0,423.5,475.0
44,2432,1,245.5,567.0
44,2432,1,381.5,412.0
44,2432,0,435.0,508.5
44,2432,0,281.0,469.5
44,2432,1,295.0,451.5
44,2432,0,290.5,448.0
44,2432,0,398.2,424.8
44,2432,0,461.0,546.0
44,2432,0,280.8,455.0
44,2432,1,405.5,452.0
44,2432,0,285.0,474.5
44,2432,0,284.2,475.0
44,2433,0,423.0,476.0
44,2433,0,279.5,476.5
44,2433,0,434.5,508.5
44,2433,1,381.0,413.0
44,2433,1,244.2,568.0
44,2433,1,404.5,450.5
44,2433,0,397.0,422.0
44,2433,0,433.5,479.5
44,2433,0,386.5,419.0
44,2433,0,283.5,476.5
44,2433,0,396.2,419.5
44,2433,0,436.0,511.5
44,2433,1,381.5,412.5
44,2433,0,461.5,548.0
44,2433,0,398.0,425.5
44,2434,0,438.0,510.8
44,2434,0,425.0,474.5
44,2434,0,411.8,452.0
44,2434,1,382.5,412.0
44,2434,0,594.0,639.0
44,2434,1,244.0,568.0
44,2434,0,280.5,462.0
44,2434,0,398.5,420.5
44,2434,1,405.5,450.5
44,2434,1,406.0,451.0
44,2434,1,295.0,449.8
44,2434,0,291.5,447.5
44,2434,0,518.0,622.5
44,2434,0,12.4,634.0
44,2434,1,483.0,579.5
44,2434,0,399.5,422.5
44,2434,0,388.8,417.5
44,2434,0,294.8,445.5
44,2435,1,485.8,584.5
44,2435,1,241.2,573.5
44,2435,0,440.0,513.0
44,2435,0,165.0,639.5
44,2435,1,408.0,449.5
44,2435,0,427.5,478.0
44,2435,1,407.8,448.5
44,2435,0,290.5,451.5
44,2435,0,279.8,483.0
44,2435,1,5.2,580.0
44,2435,1,295.0,455.0
44,2435,0,413.2,454.0
44,2435,0,293.0,450.0
44,2435,0,390.5,415.2
44,2435,0,291.5,456.0
44,2435,0,521.0,624.5
44,2435,0,399.8,420.5
44,2436,1,488.0,584.0
44,2436,1,407.8,448.8
44,2436,1,240.0,573.5
44,2436,0,440.5,514.0
44,2436,0,428.0,476.8
44,2436,1,407.5,448.5
44,2436,0,279.0,477.2
44,2436,0,413.5,454.0
44,2436,0,307.0,417.0
44,2436,1,407.5,449.5
44,2436,1,382.5,410.0
44,2436,0,413.0,456.0
44,2436,0,257.0,463.0
44,2437,1,491.5,585.5
44,2437,1,237.4,576.0
44,2437,0,429.0,472.5
44,2437,0,442.5,511.0
44,2437,1,409.0,447.5
44,2437,1,408.8,447.2
44,2437,0,278.0,477.8
44,2437,0,402.0,424.0
44,2437,0,306.5,415.8
44,2437,1,382.5,404.0
44,2437,0,255.8,468.0
44,2437,0,403.0,439.5
44,2437,0,390.2,411.5
44,2437,0,23.0,514.5
44,2437,0,414.8,453.0
44,2437,0,389.5,409.5
44,2437,0,399.5,418.0
44,2437,0,287.0,459.5
44,2438,0,430.5,473.0
44,2438,0,14.5,513.0
44,2438,1,495.5,585.5
44,2438,0,277.0,489.0
44,2438,1,236.2,589.0
44,2438,0,402.2,417.0
44,2438,0,444.5,505.5
44,2438,0,403.0,433.5
44,2438,1,409.0,442.0
44,2438,0,306.5,415.5
44,2438,0,443.0,485.5
44,2438,0,217.6,626.0
44,2438,0,278.0,474.5
44,2439,1,499.0,588.0
44,2439,0,432.0,472.0
44,2439,1,236.2,588.5
44,2439,1,411.5,443.0
44,2439,0,392.2,411.0
44,2439,0,278.0,485.5
44,2439,0,24.0,607.0
44,2439,0,278.8,481.0
44,2439,0,404.0,418.0
44,2439,1,294.5,451.0
44,2439,1,385.0,404.5
44,2439,1,410.0,445.0
44,2439,0,15.4,520.0
44,2439,0,445.8,485.2
44,2439,0,307.8,417.0
44,2439,0,295.0,444.5
44,2439,0,417.0,445.0
44,2439,0,446.2,506.0
44,2440,1,502.0,600.0
44,2440,0,433.0,478.5
44,2440,1,411.5,449.0
44,2440,1,232.8,602.0
44,2440,0,392.0,414.5
44,2440,0,276.5,485.0
44,2440,0,276.0,506.0
44,2440,0,403.8,421.2
44,2440,0,417.0,454.8
44,2440,0,307.0,419.0
44,2440,1,384.8,407.5
44,2440,1,411.0,449.0
44,2440,0,390.0,412.0
44,2440,0,287.0,460.5
44,2440,1,15.7,228.2
44,2440,0,448.5,518.5
44,2440,0,9.6,542.5
44,2441,0,436.2,482.8
44,2441,1,508.8,606.0
44,2441,0,452.5,524.0
44,2441,0,420.5,453.0
44,2441,1,234.0,604.5
44,2441,0,486.5,572.5
44,2441,0,277.0,488.0
44,2441,0,308.5,420.5
44,2441,0,405.2,419.8
44,2441,1,414.5,454.2
44,2441,0,277.8,477.2
44,2441,0,294.8,450.0
44,2441,1,414.0,450.8
44,2441,0,394.5,418.2
44,2442,0,438.5,480.5
44,2442,0,455.0,519.0
44,2442,1,388.8,405.5
44,2442,0,409.0,429.2
44,2442,0,213.5,632.0
44,2442,0,289.5,452.0
44,2442,1,295.5,455.5
44,2442,0,421.5,452.0
44,2442,1,233.9,609.5
44,2442,0,278.0,483.0
44,2442,0,409.0,440.8
44,2442,0,252.0,536.5
44,2442,0,566.0,638.0
44,2442,0,291.5,451.0
44,2442,0,407.0,420.5
44,2442,1,416.5,447.0
44,2442,0,277.5,501.0
44,2442,0,308.2,421.0
44,2443,1,519.0,612.0
44,2443,0,410.2,414.5
44,2443,0,440.5,478.0
44,2443,0,458.2,520.0
44,2443,1,390.8,403.5
44,2443,0,408.8,412.5
44,2443,0,290.0,446.5
44,2443,0,424.0,454.0
44,2443,1,419.0,445.0
44,2443,1,231.5,604.0
44,2443,0,278.5,486.2
44,2443,0,310.5,411.5
44,2443,1,317.2,401.0
44,2443,0,411.5,439.5
44,2443,1,316.5,401.5
44,2443,0,412.2,439.8
44,2443,0,119.8,638.0
44,2443,0,116.8,639.5
44,2443,0,457.5,495.2
44,2443,0,252.1,503.0
44,2443,1,297.8,438.0
44,2443,0,442.0,474.0
44,2444,0,442.5,483.0
44,2444,1,524.0,623.5
44,2444,0,410.5,418.0
44,2444,0,424.8,455.2
44,2444,0,408.5,415.8
44,2444,1,295.5,452.0
44,2444,1,390.5,405.0
44,2444,0,277.0,486.5
44,2444,1,229.2,610.0
44,2444,0,461.0,525.0
44,2444,0,398.0,412.5
44,2444,0,411.2,434.0
44,2444,0,289.5,450.0
44,2444,1,419.5,451.5
44,2444,0,412.0,442.0
44,2444,0,290.8,449.0
44,2444,0,250.0,512.0
44,2444,0,309.0,409.5
44,2444,0,412.5,443.5
44,2444,1,315.5,401.5
44,2445,1,529.0,626.0
44,2445,0,462.5,527.5
44,2445,1,391.0,404.5
44,2445,0,444.0,485.0
44,2445,1,228.8,619.5
44,2445,1,295.8,451.0
44,2445,0,409.5,417.0
44,2445,0,412.5,433.0
44,2445,0,412.0,422.5
44,2445,0,411.5,416.0
44,2445,0,426.0,450.0
44,2445,0,277.0,486.0
44,2445,0,444.5,477.0
44,2445,1,420.0,452.2
44,2445,1,316.2,401.5
44,2445,0,206.2,639.0
44,2445,1,333.2,332.5
44,2445,0,289.5,451.0
44,2445,0,105.6,639.0
44,2445,0,291.0,449.5
44,2446,1,532.0,636.0
44,2446,0,463.8,529.5
44,2446,0,444.0,485.5
44,2446,1,389.5,404.5
44,2446,0,411.0,418.5
44,2446,0,409.0,417.0
44,2446,0,275.2,488.8
44,2446,0,426.0,453.5
44,2446,0,411.8,434.0
44,2446,0,398.0,411.8
44,2446,0,462.5,489.0
44,2446,0,274.0,499.5
44,2446,0,276.5,483.5
44,2446,0,308.5,416.5
44,2446,0,246.8,534.5
44,2446,1,294.5,454.2
44,2447,0,463.0,533.0
44,2447,0,443.0,486.0
44,2447,1,533.0,639.0
44,2447,1,388.8,401.2
44,2447,0,410.5,417.2
44,2447,1,219.2,625.5
44,2447,0,306.2,412.5
44,2447,0,285.0,454.5
44,2447,0,424.5,456.5
44,2447,0,396.5,409.5
44,2447,1,418.5,453.5
44,2447,0,408.8,415.5
44,2447,0,462.8,491.5
44,2447,1,293.5,447.5
44,2447,0,410.5,438.0
44,2447,0,271.5,496.5
44,2447,0,411.0,443.0
44,2447,0,462.8,523.0
44,2447,1,388.5,400.0
44,2447,0,272.5,476.8
44,2448,1,529.5,639.0
44,2448,0,436.5,479.5
44,2448,1,207.8,626.5
44,2448,0,456.5,528.5
44,2448,1,382.0,401.5
44,2448,0,403.5,414.0
44,2448,0,263.8,485.5
44,2448,0,404.0,437.5
44,2448,0,418.0,451.2
44,2448,0,300.2,411.0
44,2448,0,403.5,427.8
44,2448,0,277.5,453.5
44,2448,0,389.5,408.5
44,2448,1,412.0,444.5
44,2448,1,306.0,395.5
44,2448,0,299.5,410.5
44,2449,0,436.5,478.8
44,2449,1,533.0,637.5
44,2449,0,457.5,524.0
44,2449,0,417.0,441.0
44,2449,1,380.0,394.5
44,2449,0,401.5,422.0
44,2449,0,296.5,400.8
44,2449,0,402.0,431.5
44,2449,0,387.5,403.5
44,2449,1,202.5,640.0
44,2449,1,410.5,440.8
44,2449,0,298.2,400.0
44,2449,0,297.5,405.2
44,2449,0,399.0,408.0
44,2449,0,402.2,411.0
44,2450,0,435.5,479.5
44,2450,0,456.5,527.5
44,2450,1,378.5,398.0
44,2450,0,401.0,427.0
44,2450,0,416.5,450.5
44,2450,1,279.5,449.0
44,2450,0,295.0,403.5
44,2450,1,409.0,443.5
44,2450,0,402.0,434.0
44,2450,1,302.5,396.0
44,2450,0,257.4,485.0
44,2450,1,198.8,638.0
44,2450,0,503.0,589.0
44,2450,0,398.5,417.0
44,2450,0,224.8,507.2
44,2450,0,399.5,421.0
44,2450,0,258.5,480.5
44,2450,0,385.8,406.0
44,2451,0,435.5,482.0
44,2451,0,457.0,531.5
44,2451,1,377.5,400.0
44,2451,1,408.5,447.0
44,2451,0,397.5,415.2
44,2451,0,269.2,456.0
44,2451,1,538.5,640.0
44,2451,1,278.0,446.0
44,2451,0,293.5,406.0
44,2451,1,192.5,599.5
44,2451,0,415.5,456.5
44,2451,0,400.5,428.2
44,2451,0,416.5,450.2
44,2451,0,385.2,407.2
44,2451,1,408.0,446.5
44,2452,1,147.2,640.0
44,2452,0,422.0,497.8
44,2452,1,359.8,404.5
44,2452,0,447.5,500.0
44,2452,0,400.8,468.0
44,2452,0,400.8,452.0
44,2452,0,379.0,421.5
44,2452,1,393.0,458.5
44,2452,0,447.5,515.5
44,2452,0,381.0,428.2
44,2452,0,366.8,411.8
44,2452,0,366.5,410.0
44,2452,0,385.5,449.0
44,2452,0,254.5,457.0
44,2452,0,264.0,411.2
44,2452,0,263.5,416.0
44,2452,1,548.0,639.5
44,2452,0,274.5,405.0
44,2452,0,384.5,438.0
44,2452,0,383.0,431.2
44,2452,0,400.2,471.8
44,2452,0,245.0,471.8
44,2452,0,448.5,484.0
44,2452,1,546.0,640.0
44,2453,1,148.5,639.5
44,2453,0,424.8,498.5
44,2453,0,402.2,466.5
44,2453,1,361.0,403.0
44,2453,0,451.0,555.5
44,2453,0,385.2,423.5
44,2453,0,273.5,411.5
44,2453,1,631.0,640.0
44,2453,0,369.5,414.5
44,2453,0,385.8,442.5
44,2453,0,385.0,436.0
44,2453,0,386.8,444.5
44,2453,0,227.4,512.0
44,2453,1,552.0,640.0
44,2453,1,149.5,640.0
44,2453,0,381.8,418.5
44,2453,1,394.5,455.0
44,2453,0,383.0,424.0
44,2453,0,449.8,559.0
44,2454,1,145.5,640.0
44,2454,0,424.0,499.8
44,2454,0,402.0,468.5
44,2454,1,361.5,405.0
44,2454,0,273.5,409.5
44,2454,1,395.0,457.5
44,2454,0,451.2,557.0
44,2454,0,385.2,427.0
44,2454,0,386.5,447.0
44,2454,0,385.0,437.8
44,2454,0,402.5,452.0
44,2454,0,385.8,445.0
44,2454,0,369.2,415.0
44,2454,0,386.2,448.0
44,2454,1,551.0,640.0
44,2454,0,381.5,420.0
44,2454,1,632.0,640.0
44,2454,0,180.6,587.5
44,2454,0,383.0,428.5
44,2454,0,402.0,472.0
44,2455,0,421.0,496.5
44,2455,1,140.8,639.0
44,2455,1,358.8,402.5
44,2455,1,391.8,457.2
44,2455,0,447.5,500.0
44,2455,0,380.8,416.0
44,2455,0,378.0,414.0
44,2455,0,379.0,415.2
44,2455,0,270.5,411.0
44,2455,0,382.0,417.0
44,2455,1,632.0,640.0
44,2455,0,398.8,467.0
44,2455,1,552.0,612.0
44,2455,1,550.5,640.0
44,2455,0,448.8,487.0
44,2455,1,252.9,457.5
44,2456,1,136.2,640.0
44,2456,0,419.0,497.0
44,2456,0,381.5,446.5
44,2456,0,381.0,424.2
44,2456,0,397.5,451.5
44,2456,1,356.2,401.0
44,2456,0,364.5,408.0
44,2456,0,268.0,413.0
44,2456,1,356.0,401.5
44,2456,0,397.0,464.5
44,2456,1,389.0,458.8
44,2456,0,445.0,556.0
44,2456,1,389.0,460.0
44,2456,1,548.5,640.0
44,2456,1,631.5,639.5
44,2456,0,377.2,419.8
44,2456,0,173.1,639.0
44,2456,0,396.5,468.8
44,2456,1,275.5,399.2
44,2456,0,631.0,639.0
44,2457,1,133.4,640.0
44,2457,0,267.0,413.0
44,2457,0,380.0,425.5
44,2457,0,418.0,496.2
44,2457,0,396.8,451.8
44,2457,0,380.5,443.8
44,2457,1,388.8,457.0
44,2457,1,355.5,402.0
44,2457,0,218.4,512.0
44,2457,0,444.8,556.5
44,2457,0,445.0,486.2
44,2457,0,377.0,424.0
44,2457,1,632.0,640.0
44,2457,0,363.5,412.5
44,2457,0,172.1,634.5
44,2457,0,257.2,418.0
44,2457,1,549.0,640.0
44,2458,1,126.1,640.0
44,2458,0,393.5,448.0
44,2458,0,443.2,560.5
44,2458,0,360.5,411.5
44,2458,0,377.0,431.0
44,2458,0,415.5,500.0
44,2458,0,263.0,411.5
44,2458,1,352.2,402.0
44,2458,1,245.5,462.0
44,2458,1,546.0,639.0
44,2458,0,371.8,421.0
44,2458,0,212.2,552.5
44,2458,0,377.0,444.0
44,2458,0,393.5,460.5
44,2458,0,213.5,528.5
44,2458,0,269.0,404.5
44,2458,1,548.0,640.0
44,2458,1,633.0,640.0
44,2458,0,374.0,427.0
44,2458,0,209.8,560.0
44,2458,0,265.0,414.0
44,2458,0,599.0,148.1
44,2459,1,110.5,640.0
44,2459,0,389.8,458.0
44,2459,0,257.6,409.5
44,2459,1,347.0,403.0
44,2459,0,412.5,497.5
44,2459,0,440.2,560.0
44,2459,0,226.2,474.5
44,2459,0,355.5,411.5
44,2459,0,372.8,424.0
44,2459,0,373.0,444.0
44,2459,1,550.0,638.0
44,2459,1,347.5,400.0
44,2459,0,247.8,412.0
44,2459,0,155.2,623.0
44,2459,0,205.0,520.5
44,2459,0,389.0,464.2
44,2459,1,380.5,458.0
44,2460,1,100.4,640.0
44,2460,1,344.0,400.5
44,2460,0,386.5,451.2
44,2460,0,409.0,501.0
44,2460,0,368.5,431.5
44,2460,0,199.0,526.0
44,2460,1,344.5,400.5
44,2460,0,254.0,409.0
44,2460,0,365.5,426.5
44,2460,1,378.5,457.0
44,2460,0,437.5,499.5
44,2460,0,437.5,544.5
44,2460,1,550.0,640.0
44,2460,0,144.6,639.0
44,2460,0,352.8,412.5
44,2460,1,261.8,400.5
44,2460,1,262.0,401.0
44,2460,0,369.0,443.5
44,2460,0,221.2,482.0
44,2460,0,235.2,463.0
44,2461,0,406.5,500.0
44,2461,1,374.5,458.0
44,2461,0,250.2,415.2
44,2461,0,434.5,564.0
44,2461,0,361.2,417.2
44,2461,0,365.8,418.0
44,2461,1,90.7,640.0
44,2461,0,138.2,639.0
44,2461,1,340.8,401.5
44,2461,1,230.0,463.5
44,2461,0,435.2,551.5
44,2461,0,216.8,477.5
44,2461,0,365.0,423.5
44,2461,1,552.0,640.0
44,2461,0,384.0,453.0
44,2461,0,241.5,416.5
44,2461,0,349.5,410.0
44,2461,1,552.0,640.0
44,2461,0,249.5,410.0
44,2461,0,366.5,434.5
44,2461,0,383.2,469.0
44,2461,1,374.5,456.8
44,2462,0,405.0,505.5
44,2462,0,246.6,416.8
44,2462,0,434.0,572.0
44,2462,1,337.5,401.8
44,2462,0,381.5,465.0
44,2462,0,234.9,428.8
44,2462,0,364.8,449.2
44,2462,0,364.2,447.5
44,2462,1,373.0,465.0
44,2462,0,363.5,421.0
44,2462,0,182.5,578.5
44,2462,1,560.0,640.0
44,2462,0,185.4,556.0
44,2462,1,557.0,639.0
44,2462,0,360.2,416.5
44,2462,0,211.5,478.5
44,2462,0,358.5,414.0
44,2462,0,346.2,414.0
44,2462,1,254.8,401.5
44,2462,1,226.0,461.2
44,2462,0,496.5,594.0
44,2462,0,224.2,465.5
44,2462,0,125.0,640.0
44,2462,0,502.5,596.0
44,2462,1,71.4,640.0
44,2463,0,406.0,515.0
44,2463,0,178.5,591.0
44,2463,0,118.8,638.5
44,2463,1,372.5,471.2
44,2463,1,337.0,406.5
44,2463,0,363.5,434.0
44,2463,0,232.6,420.0
44,2463,0,182.0,549.0
44,2463,0,381.8,470.5
44,2463,0,364.8,455.5
44,2463,1,337.5,409.0
44,2463,0,438.8,509.5
44,2463,0,245.2,420.2
44,2463,1,569.5,640.0
44,2463,0,438.5,582.5
44,2463,1,501.0,635.5
44,2463,0,365.0,457.8
44,2463,1,253.2,408.8
44,2463,0,346.2,421.2
44,2463,1,253.9,407.5
44,2463,0,222.5,476.0
44,2463,0,220.9,484.5
44,2463,0,381.5,480.5
44,2463,0,204.2,525.0
44,2463,0,360.0,426.0
44,2463,0,6.1,475.5
44,2463,0,358.5,421.5
44,2464,1,47.7,640.0
44,2464,0,404.8,516.5
44,2464,0,107.5,639.0
44,2464,0,437.5,590.0
44,2464,0,361.0,438.0
44,2464,0,380.5,471.0
44,2464,0,242.5,425.0
44,2464,0,174.5,600.0
44,2464,0,437.8,519.5
44,2464,0,361.5,448.5
44,2464,0,220.0,483.5
44,2464,1,47.6,493.0
44,2464,1,220.4,485.0
44,2464,1,335.5,409.0
44,2464,1,371.8,472.5
44,2464,1,251.0,413.0
44,2464,1,574.0,621.5
44,2464,0,362.5,457.8
44,2464,1,571.5,638.5
44,2464,0,357.0,423.5
44,2464,0,436.5,546.0
44,2464,1,47.5,640.0
44,2464,0,344.5,423.0
44,2464,1,251.8,411.5
44,2464,1,112.8,69.6
44,2464,0,201.6,531.5
44,2464,0,505.0,608.5
44,2465,1,29.9,639.0
44,2465,0,405.2,519.0
44,2465,0,360.8,438.5
44,2465,0,439.0,595.0
44,2465,1,334.5,411.0
44,2465,0,379.8,465.0
44,2465,0,361.5,451.5
44,2465,1,582.0,640.0
44,2465,0,362.2,462.0
44,2465,0,362.5,462.5
44,2465,0,240.1,428.2
44,2465,0,99.2,639.0
44,2465,0,171.6,561.5
44,2465,1,28.2,504.8
44,2465,1,371.0,471.0
44,2465,0,356.0,425.0
44,2465,0,200.8,506.0
44,2465,0,232.6,427.2
44,2465,0,439.2,531.5
44,2465,1,24.3,506.8
44,2465,1,334.2,412.5
44,2465,0,236.6,426.2
44,2465,1,248.4,415.8
44,2465,0,343.2,423.0
44,2465,0,170.2,596.0
44,2465,0,358.0,429.8
44,2466,0,85.8,639.0
44,2466,1,598.5,640.0
44,2466,0,442.2,598.5
44,2466,0,407.5,522.5
44,2466,0,381.5,466.5
44,2466,0,361.5,424.5
44,2466,0,240.4,427.8
44,2466,0,363.5,458.5
44,2466,0,226.2,432.2
44,2466,1,372.5,473.8
44,2466,1,335.0,404.0
44,2466,1,9.4,639.5
44,2466,0,198.8,513.5
44,2466,1,597.0,640.0
44,2466,0,357.5,421.0
44,2466,0,361.8,452.0
44,2466,0,215.0,484.5
44,2466,0,233.1,426.2
44,2466,0,408.5,518.0
44,2466,0,235.0,426.0
44,2466,0,381.5,483.5
44,2467,0,406.5,527.0
44,2467,0,237.8,426.0
44,2467,0,443.5,604.0
44,2467,0,361.0,441.5
44,2467,1,371.5,477.0
44,2467,0,380.5,473.0
44,2467,1,608.0,625.0
44,2467,1,334.0,408.5
44,2467,1,212.8,482.0
44,2467,0,362.0,460.8
44,2467,0,380.5,485.5
44,2467,0,362.0,461.5
44,2467,1,246.6,413.5
44,2467,0,361.5,455.0
44,2467,0,212.0,483.0
44,2467,0,355.0,422.5
44,2467,0,360.8,429.0
44,2467,0,227.8,429.0
44,2467,1,612.5,640.0
44,2467,0,75.5,637.0
44,2467,1,609.5,572.0
44,2467,0,342.0,415.0
44,2468,1,629.8,640.0
44,2468,1,209.8,488.2
44,2468,0,235.2,427.5
44,2468,0,381.0,477.5
44,2468,0,409.0,534.5
44,2468,0,360.5,449.0
44,2468,1,372.0,480.5
44,2468,0,360.2,435.2
44,2468,0,354.0,422.5
44,2468,0,361.0,460.5
44,2468,0,361.2,464.5
44,2468,0,361.5,464.8
44,2468,0,341.0,416.8
44,2468,0,227.9,426.5
44,2468,1,332.5,411.0
44,2468,0,342.0,425.2
44,2468,0,448.2,542.5
44,2468,1,632.0,626.0
44,2469,0,234.0,429.8
44,2469,1,371.2,480.8
44,2469,0,380.8,475.5
44,2469,0,360.0,434.0
44,2469,0,409.2,537.0
44,2469,0,354.5,425.5
44,2469,0,361.5,466.5
44,2469,1,332.2,416.0
44,2469,0,218.8,442.5
44,2469,0,360.8,466.0
44,2469,0,341.0,423.5
44,2469,0,340.0,420.5
44,2469,1,332.0,414.5
44,2469,0,218.0,457.0
44,2469,0,225.5,425.5
44,2469,0,205.5,496.0
44,2470,0,216.5,436.5
44,2470,0,232.2,435.0
44,2470,0,360.8,452.5
44,2470,0,382.0,482.0
44,2470,0,25.3,633.5
44,2470,0,412.0,546.5
44,2470,0,625.0,482.5
44,2470,0,354.0,431.5
44,2470,1,332.2,418.2
44,2470,0,341.5,433.0
44,2470,1,372.2,487.5
44,2470,0,361.2,456.5
44,2470,0,340.8,428.5
44,2470,0,227.5,433.5
44,2470,1,202.5,498.5
44,2470,1,206.5,497.5
44,2470,0,203.0,499.0
44,2470,0,231.0,432.5
44,2470,0,216.9,438.8
44,2470,0,455.5,623.0
44,2470,0,92.6,435.5
44,2471,0,229.8,435.5
44,2471,1,371.2,488.0
44,2471,1,330.0,420.2
44,2471,0,381.2,482.5
44,2471,0,229.4,430.0
44,2471,0,220.9,435.5
44,2471,0,213.2,435.0
44,2471,0,361.0,473.8
44,2471,0,413.0,549.0
44,2471,0,359.0,434.5
44,2471,0,354.0,432.0
44,2471,1,201.8,501.0
44,2471,0,339.5,426.8
44,2471,0,355.8,432.0
44,2471,0,357.5,432.0
44,2471,1,330.5,420.0
44,2471,0,339.8,434.5
44,2471,0,85.9,434.0
44,2471,0,637.0,484.2
44,2471,0,360.8,474.0
44,2471,0,238.9,420.0
44,2472,0,466.8,634.0
44,2472,0,229.0,439.0
44,2472,1,331.2,420.0
44,2472,0,363.0,480.2
44,2472,1,372.5,496.5
44,2472,0,620.0,439.5
44,2472,0,362.5,475.2
44,2472,0,211.4,440.2
44,2472,0,354.0,432.0
44,2472,0,219.8,436.0
44,2472,0,383.2,488.5
44,2472,1,200.8,507.5
44,2472,0,362.0,469.2
44,2472,0,635.0,486.0
44,2472,0,607.5,444.5
44,2472,0,341.5,421.5
44,2472,0,361.2,442.0
44,2472,0,417.0,561.5
44,2472,0,340.2,422.8
44,2472,0,361.5,460.2
44,2472,0,341.0,435.0
44,2472,0,211.0,484.5
44,2473,1,330.5,421.5
44,2473,0,226.5,441.0
44,2473,0,217.0,437.5
44,2473,1,197.5,511.5
44,2473,0,619.0,447.5
44,2473,0,634.5,448.2
44,2473,0,227.5,443.5
44,2473,0,340.5,434.5
44,2473,0,353.5,433.5
44,2473,0,361.2,477.0
44,2473,0,383.0,487.8
44,2473,0,471.0,639.0
44,2473,0,362.2,481.5
44,2473,1,372.5,493.5
44,2473,0,225.8,431.0
44,2473,0,208.4,443.0
44,2473,0,360.5,456.5
44,2473,0,339.5,430.0
44,2473,0,595.0,455.0
44,2474,0,224.8,443.5
44,2474,1,329.5,422.0
44,2474,1,5.6,495.5
44,2474,0,361.0,465.8
44,2474,0,105.0,638.5
44,2474,0,205.6,449.5
44,2474,0,362.5,483.0
44,2474,0,362.0,483.2
44,2474,0,384.0,487.5
44,2474,0,156.8,595.5
44,2474,0,353.5,433.5
44,2474,1,372.5,500.2
44,2474,0,339.8,428.0
44,2474,0,223.8,439.5
44,2474,0,418.5,571.0
44,2474,0,186.5,520.0
44,2474,0,476.0,638.0
44,2475,0,222.2,449.5
44,2475,1,329.5,426.0
44,2475,0,385.8,499.0
44,2475,0,201.8,474.2
44,2475,1,373.5,507.5
44,2475,0,212.6,451.5
44,2475,0,222.1,442.5
44,2475,0,353.5,437.0
44,2475,0,88.9,639.0
44,2475,0,201.0,492.0
44,2475,0,363.0,488.5
44,2475,0,363.5,489.2
44,2475,0,148.5,609.5
44,2475,0,201.2,446.5
44,2475,0,340.0,436.0
44,2475,0,20.1,495.0
44,2475,1,373.5,506.0
44,2475,0,362.0,479.5
44,2475,0,16.6,471.0
44,2475,1,233.5,430.8
44,2475,0,361.5,462.5
44,2475,0,488.0,639.0
44,2476,0,220.8,446.0
44,2476,0,199.6,448.0
44,2476,1,329.5,423.0
44,2476,0,210.2,445.2
44,2476,1,187.1,521.5
44,2476,0,387.5,496.5
44,2476,0,354.0,437.8
44,2476,1,374.5,510.0
44,2476,1,374.2,511.8
44,2476,0,497.0,639.0
44,2476,0,426.0,590.0
44,2476,1,232.5,431.0
44,2476,1,232.0,431.5
44,2476,0,361.5,443.0
44,2476,0,340.0,426.8
44,2476,0,364.5,488.5
44,2477,0,219.0,452.0
44,2477,1,183.0,526.0
44,2477,1,329.5,427.5
44,2477,0,389.2,499.5
44,2477,0,197.2,470.2
44,2477,1,375.2,515.5
44,2477,1,232.0,432.5
44,2477,0,196.2,456.2
44,2477,0,196.2,489.0
44,2477,0,138.1,600.0
44,2477,0,197.6,499.5
44,2477,0,340.2,427.5
44,2477,0,173.1,529.5
44,2478,0,214.5,449.0
44,2478,1,327.0,422.2
44,2478,1,374.0,515.5
44,2478,1,175.6,533.5
44,2478,0,353.0,440.0
44,2478,0,389.0,498.5
44,2478,0,202.6,446.0
44,2478,0,189.6,495.5
44,2478,1,227.6,426.5
44,2478,0,363.5,494.2
44,2478,0,189.9,459.5
44,2478,0,337.8,442.0
44,2478,1,373.8,516.5
44,2478,0,362.5,490.5
44,2479,0,211.5,449.5
44,2479,1,373.8,516.5
44,2479,0,434.5,613.0
44,2479,0,199.1,452.0
44,2479,1,324.5,424.0
44,2479,0,185.1,489.5
44,2479,1,171.1,535.0
44,2479,1,225.1,426.2
44,2479,0,363.0,494.0
44,2479,0,389.0,514.0
44,2479,0,332.0,424.5
44,2479,0,336.8,438.0
44,2479,0,351.2,440.8
44,2479,0,362.0,490.5
44,2479,0,118.5,609.0
44,2479,0,360.5,454.5
44,2479,0,361.0,480.0
44,2480,0,208.5,452.5
44,2480,1,166.8,533.5
44,2480,0,182.8,503.5
44,2480,0,433.2,611.5
44,2480,0,181.8,483.0
44,2480,1,372.5,517.5
44,2480,0,350.0,440.5
44,2480,0,38.4,471.5
44,2480,0,207.8,444.8
44,2480,1,324.0,420.5
44,2480,0,196.5,454.0
44,2480,0,358.8,466.0
44,2480,0,110.6,631.5
44,2480,0,387.0,507.0
44,2480,1,167.2,532.5
44,2480,0,68.6,455.2
44,2480,0,154.2,544.5
44,2480,1,222.4,428.0
44,2480,0,51.2,468.8
44,2480,0,334.2,428.8
44,2480,0,333.2,421.8
44,2480,1,166.6,535.5
44,2481,0,209.2,452.8
44,2481,1,325.2,425.0
44,2481,1,165.8,538.0
44,2481,0,182.5,497.2
44,2481,0,181.8,481.0
44,2481,1,166.5,535.5
44,2481,0,196.5,457.5
44,2481,0,152.0,563.0
44,2481,1,223.0,429.0
44,2481,1,375.2,522.5
44,2481,0,39.2,486.2
44,2481,0,353.0,442.5
44,2481,0,92.8,443.0
44,2481,0,107.4,623.5
44,2481,0,441.5,624.0
44,2481,1,375.0,525.0
44,2481,0,337.0,436.5
44,2481,1,221.5,431.0
44,2481,1,224.4,425.8
44,2481,0,337.5,444.0
44,2482,0,207.0,453.8
44,2482,1,324.0,424.2
44,2482,1,375.0,522.5
44,2482,0,178.1,476.2
44,2482,0,206.6,444.8
44,2482,0,193.6,451.0
44,2482,1,564.0,510.5
44,2482,1,222.4,427.5
44,2482,0,178.6,504.5
44,2482,1,221.0,430.0
44,2482,1,375.0,522.5
44,2482,0,177.8,458.0
44,2482,0,361.2,469.0
44,2482,1,220.5,431.0
44,2483,0,203.5,453.0
44,2483,1,374.5,523.0
44,2483,0,87.2,635.5
44,2483,1,323.0,421.0
44,2483,1,219.0,430.0
44,2483,0,350.0,435.0
44,2483,0,141.0,574.0
44,2483,0,172.0,492.0
44,2483,0,68.9,448.2
44,2483,0,189.4,450.0
44,2484,0,199.9,451.5
44,2484,1,322.8,419.5
44,2484,1,216.6,430.5
44,2484,0,184.8,456.5
44,2484,0,351.0,436.0
44,2484,1,375.8,527.0
44,2484,0,130.5,577.0
44,2484,0,167.8,497.5
44,2484,0,166.8,511.0
44,2484,1,148.2,545.5
44,2484,1,375.5,530.5
44,2484,0,438.5,635.0
44,2484,0,363.2,502.5
44,2484,0,393.8,550.5
44,2484,1,216.2,431.0
44,2484,0,331.0,423.0
44,2484,0,363.5,502.0
44,2484,1,149.5,547.0
44,2484,1,376.0,529.0
44,2484,0,334.5,440.0
44,2484,0,71.4,639.0
44,2484,0,361.2,472.2
44,2484,0,333.5,429.5
44,2484,1,244.5,376.0
44,2485,0,199.8,452.8
44,2485,0,69.1,640.0
44,2485,1,323.0,419.2
44,2485,1,216.5,429.8
44,2485,1,375.8,527.5
44,2485,0,184.5,437.8
44,2485,0,167.5,511.5
44,2485,0,166.1,522.0
44,2485,0,50.8,444.0
44,2485,0,351.0,435.0
44,2485,1,147.2,552.5
44,2485,1,244.8,379.5
44,2485,0,198.9,451.0
44,2485,0,439.5,635.5
44,2485,1,322.5,419.0
44,2485,0,129.4,575.0
44,2485,0,330.5,422.2
44,2485,0,334.5,440.2
44,2485,0,393.8,549.5
44,2485,0,363.5,503.0
44,2485,0,333.5,431.8
44,2486,0,198.8,453.0
44,2486,1,321.5,420.0
44,2486,0,350.0,436.0
44,2486,0,183.2,453.0
44,2486,1,215.8,428.5
44,2486,0,126.9,585.0
44,2486,1,375.5,530.0
44,2486,1,145.4,552.0
44,2486,0,164.2,488.5
44,2486,1,375.5,527.5
44,2486,0,332.5,427.5
44,2486,0,334.0,440.5
44,2486,0,45.9,448.0
44,2486,0,440.0,633.0
44,2486,0,394.0,552.0
44,2486,0,165.2,506.0
44,2486,0,197.5,448.0
44,2486,0,361.5,480.8
44,2486,1,216.2,424.5
44,2486,0,360.5,473.5
44,2486,1,244.0,378.2
44,2487,0,199.0,453.0
44,2487,1,145.1,549.5
44,2487,1,322.5,418.5
44,2487,1,216.0,428.0
44,2487,0,126.3,583.5
44,2487,0,183.4,449.5
44,2487,0,351.0,435.2
44,2487,0,164.0,492.5
44,2487,1,376.0,531.0
44,2487,0,45.8,449.2
44,2487,0,165.2,507.5
44,2487,0,332.0,425.0
44,2487,0,197.8,449.0
44,2487,0,334.5,439.8
44,2487,0,394.5,552.0
44,2487,1,244.5,377.5
44,2487,1,376.0,529.5
44,2488,0,125.1,592.5
44,2488,0,199.0,457.0
44,2488,1,323.0,420.8
44,2488,0,62.7,639.5
44,2488,0,39.1,455.0
44,2488,1,144.2,555.5
44,2488,0,165.0,521.5
44,2488,1,379.0,535.0
44,2488,1,216.0,431.8
44,2488,0,183.5,442.2
44,2488,0,163.8,503.8
44,2488,0,352.5,441.0
44,2488,0,184.0,466.5
44,2488,0,334.5,428.5
44,2488,0,331.0,420.5
44,2488,0,333.8,422.5
44,2488,1,244.8,379.2
44,2489,0,196.2,459.5
44,2489,1,322.0,425.5
44,2489,1,378.0,540.0
44,2489,0,350.8,441.5
44,2489,0,119.1,603.0
44,2489,1,213.8,434.5
44,2489,0,160.2,493.2
44,2489,0,180.5,450.5
44,2489,0,334.0,443.5
44,2489,0,332.0,433.5
44,2489,1,321.5,424.5
44,2489,1,214.8,429.0
44,2489,0,329.5,426.0
44,2489,0,328.0,429.0
44,2489,0,29.0,465.2
44,2490,0,195.6,462.0
44,2490,0,117.4,607.0
44,2490,1,214.6,431.0
44,2490,0,47.6,639.0
44,2490,1,322.5,423.5
44,2490,0,25.7,469.2
44,2490,1,378.5,542.0
44,2490,1,378.5,542.0
44,2490,0,180.5,475.0
44,2490,1,139.0,568.0
44,2490,0,180.2,464.0
44,2490,0,159.6,518.5
44,2490,1,213.5,432.5
44,2490,0,636.0,636.0
44,2490,0,351.2,440.5
44,2490,0,4.4,490.5
44,2491,0,199.8,463.0
44,2491,1,326.0,426.8
44,2491,1,142.0,566.0
44,2491,0,338.5,448.5
44,2491,1,217.5,435.5
44,2491,0,356.0,450.5
44,2491,0,183.5,466.0
44,2491,0,163.0,512.5
44,2491,0,333.5,427.0
44,2491,0,120.5,607.0
44,2491,0,184.1,478.0
44,2491,0,164.2,536.0
44,2491,0,367.0,481.2
44,2492,1,334.8,423.2
44,2492,0,208.0,462.5
44,2492,0,171.0,542.5
44,2492,1,151.0,570.5
44,2492,0,126.5,608.0
44,2492,1,226.2,430.0
44,2492,0,365.2,448.5
44,2492,0,191.0,456.0
44,2492,1,394.8,544.5
44,2492,0,52.4,638.5
44,2492,0,170.2,486.0
44,2492,1,393.5,545.0
44,2492,0,347.8,447.2
44,2492,0,412.0,569.0
44,2492,0,171.6,522.0
44,2492,0,18.2,495.0
44,2492,0,207.0,456.2
44,2492,0,468.8,636.5
44,2492,0,222.4,434.0
44,2493,0,212.4,463.8
44,2493,0,131.0,613.0
44,2493,1,340.0,423.5
44,2493,1,230.9,432.5
44,2493,0,352.8,445.2
44,2493,1,398.8,549.5
44,2493,0,196.9,473.0
44,2493,0,54.7,636.5
44,2493,1,154.5,570.0
44,2493,0,196.2,464.5
44,2493,0,420.2,573.5
44,2493,0,371.0,451.0
44,2493,0,174.8,502.5
44,2493,0,474.0,630.5
44,2493,1,398.8,549.0
44,2493,1,228.9,433.5
44,2494,0,216.2,463.5
44,2494,1,344.0,430.0
44,2494,0,132.2,616.0
44,2494,1,234.8,435.2
44,2494,1,405.0,554.0
44,2494,0,199.2,458.0
44,2494,0,55.1,639.0
44,2494,0,375.2,449.5
44,2494,0,488.2,455.0
44,2494,0,357.2,451.5
44,2494,0,425.5,579.0
44,2494,1,404.8,560.5
44,2494,0,178.5,516.5
44,2494,1,405.0,557.0
44,2494,1,156.4,574.0
44,2495,0,214.2,465.0
44,2495,1,343.2,429.5
44,2495,0,130.0,619.0
44,2495,1,404.2,561.0
44,2495,0,488.5,458.8
44,2495,0,198.1,476.0
44,2495,1,154.2,573.0
44,2495,0,197.2,467.0
44,2495,1,232.6,436.5
44,2495,0,374.0,449.5
44,2495,0,425.0,583.0
44,2495,0,49.4,639.0
44,2495,1,404.2,558.5
44,2495,0,176.0,522.0
44,2496,1,349.5,428.5
44,2496,0,219.8,462.0
44,2496,0,133.8,616.0
44,2496,0,181.8,536.0
44,2496,1,237.8,436.0
44,2496,1,412.5,556.0
44,2496,0,203.0,465.5
44,2496,1,268.8,384.0
44,2496,0,381.2,446.5
44,2496,0,180.2,516.5
44,2496,0,362.2,441.5
44,2496,1,236.8,434.5
44,2497,1,350.5,429.0
44,2497,0,220.5,468.0
44,2497,0,132.2,627.0
44,2497,1,238.5,439.5
44,2497,0,203.0,469.5
44,2497,0,45.5,639.0
44,2497,0,383.2,455.2
44,2497,0,503.2,639.0
44,2497,0,364.0,443.8
44,2497,1,414.8,575.0
44,2498,1,422.0,568.0
44,2498,0,41.4,639.5
44,2498,1,356.2,430.5
44,2498,0,369.5,455.5
44,2498,1,244.2,442.2
44,2498,0,389.0,453.2
44,2498,0,184.5,548.0
44,2498,0,224.5,471.8
44,2498,0,132.8,638.5
44,2498,1,160.8,585.0
44,2498,0,207.0,468.0
44,2498,0,444.0,598.0
44,2498,0,370.5,457.8
44,2499,1,164.4,593.5
44,2499,0,229.5,471.2
44,2499,0,40.8,639.5
44,2499,1,360.8,432.5
44,2499,1,428.0,571.0
44,2499,1,248.2,444.0
44,2499,0,188.0,547.5
44,2499,0,10.6,477.5
44,2499,0,394.8,451.5
44,2499,0,565.0,640.0
44,2499,0,211.8,462.5
44,2499,0,136.5,638.0
44,2499,0,374.8,454.0
44,2500,0,227.2,469.2
44,2500,1,359.5,429.0
44,2500,1,429.2,574.0
44,2500,1,247.2,438.8
44,2500,0,185.1,520.5
44,2500,0,394.2,444.2
44,2500,1,161.0,576.5
44,2500,0,374.2,430.8
44,2500,0,30.9,639.0
44,2500,1,360.0,435.5
44,2500,0,131.8,637.0
44,2500,1,530.5,640.0
44,2500,0,374.5,457.0
44,2500,0,537.0,453.0
44,2500,0,209.0,452.5
44,2500,0,454.5,603.5
44,2501,0,228.0,470.5
44,2501,1,432.2,584.0
44,2501,1,247.8,441.5
44,2501,1,362.0,435.0
44,2501,1,432.5,586.0
44,2501,0,185.0,546.5
44,2501,0,396.8,458.5
44,2501,0,376.8,460.5
44,2501,1,160.5,588.0
44,2501,1,537.5,638.0
44,2501,0,130.3,637.5
44,2501,1,431.0,405.8
44,2501,0,376.5,448.2
44,2501,0,209.2,462.8
44,2501,1,431.5,423.5
44,2501,0,377.0,433.2
44,2501,0,244.2,438.0
44,2501,0,456.5,610.0
44,2502,0,229.8,474.5
44,2502,1,437.5,585.0
44,2502,1,365.0,432.8
44,2502,1,249.5,444.0
44,2502,0,128.6,638.0
44,2502,0,185.8,542.5
44,2502,1,160.2,586.0
44,2502,1,549.0,639.0
44,2502,0,373.0,430.5
44,2502,1,437.0,594.5
44,2502,0,400.5,460.0
44,2502,0,379.5,437.5
44,2502,0,461.5,617.0
44,2502,0,185.6,511.5
44,2502,0,19.8,640.0
44,2503,1,438.5,589.5
44,2503,0,228.4,478.0
44,2503,0,124.1,638.5
44,2503,1,365.0,434.0
44,2503,1,249.0,447.5
44,2503,0,183.8,559.0
44,2503,0,372.8,432.5
44,2503,0,401.0,461.5
44,2503,0,209.2,469.5
44,2503,0,379.8,434.0
44,2503,0,373.0,432.0
44,2503,0,245.5,446.2
44,2503,0,20.8,640.0
44,2504,0,230.8,479.0
44,2504,1,367.0,437.5
44,2504,1,443.0,594.0
44,2504,1,251.2,447.5
44,2504,0,403.5,459.5
44,2504,0,124.8,638.0
44,2504,0,211.8,465.2
44,2504,0,185.0,540.0
44,2504,0,621.5,439.5
44,2504,1,600.0,441.0
44,2504,0,382.8,433.5
44,2504,1,440.8,410.5
44,2504,0,382.5,466.0
44,2505,0,230.2,480.0
44,2505,1,367.8,439.2
44,2505,0,579.5,495.5
44,2505,1,250.8,447.2
44,2505,0,404.0,468.5
44,2505,1,156.8,615.0
44,2505,0,184.0,559.5
44,2505,0,624.0,444.2
44,2505,0,210.9,466.0
44,2505,0,383.0,446.0
44,2505,0,625.5,443.5
44,2506,0,231.8,481.5
44,2506,1,156.5,616.5
44,2506,1,370.0,441.5
44,2506,1,252.8,449.8
44,2506,0,628.5,446.5
44,2506,0,589.0,496.2
44,2506,1,252.2,448.0
44,2506,0,385.8,471.2
44,2506,0,407.5,473.5
44,2506,0,184.2,541.5
44,2506,1,606.0,448.0
44,2506,0,592.0,488.5
44,2506,1,447.5,414.5
44,2506,0,478.0,638.0
44,2506,0,211.8,471.0
44,2507,0,237.8,481.0
44,2507,1,259.1,446.2
44,2507,1,377.0,443.5
44,2507,1,458.8,608.0
44,2507,1,163.0,619.0
44,2507,1,456.5,417.0
44,2507,0,394.0,458.0
44,2507,0,254.6,450.0
44,2507,0,217.8,469.0
44,2507,0,393.5,471.5
44,2507,0,393.5,449.0
44,2507,0,415.0,474.2
44,2508,0,239.0,480.5
44,2508,1,379.0,445.0
44,2508,1,260.2,449.0
44,2508,1,463.5,616.0
44,2508,0,418.0,475.0
44,2508,1,162.8,622.5
44,2508,0,493.0,637.0
44,2508,0,219.1,473.0
44,2508,1,460.8,418.5
44,2508,0,395.8,443.5
44,2508,1,260.5,450.0
44,2508,0,388.8,437.0
44,2508,1,608.5,640.0
44,2508,0,388.0,442.0
44,2508,0,191.2,530.5
44,2509,1,464.0,424.2
44,2509,0,238.1,479.5
44,2509,1,260.0,445.5
44,2509,1,465.0,615.0
44,2509,1,380.0,442.0
44,2509,0,625.0,510.2
44,2509,0,419.5,474.0
44,2509,0,217.8,471.0
44,2509,0,396.5,444.0
44,2509,0,188.5,536.5
44,2509,1,260.0,448.0
44,2509,1,159.8,606.5
44,2510,1,472.5,618.5
44,2510,1,383.0,439.0
44,2510,0,241.0,480.0
44,2510,1,262.5,447.5
44,2510,0,424.5,471.0
44,2510,0,400.5,473.2
44,2510,0,239.9,476.2
44,2510,0,220.8,472.8
44,2510,1,471.0,419.5
44,2510,0,190.4,536.0
44,2510,1,261.5,444.0
44,2510,1,159.5,606.0
44,2511,1,475.5,621.5
44,2511,1,383.5,437.5
44,2511,0,240.2,480.5
44,2511,1,157.5,635.5
44,2511,1,262.2,448.0
44,2511,0,425.8,469.5
44,2511,0,188.2,567.0
44,2511,0,401.5,471.5
44,2511,0,239.2,478.0
44,2511,1,473.5,416.0
44,2511,0,220.0,472.5
44,2512,1,385.0,436.5
44,2512,1,153.2,638.5
44,2512,0,239.1,476.5
44,2512,1,262.0,445.2
44,2512,1,476.5,622.5
44,2512,0,427.0,468.5
44,2512,0,218.2,464.0
44,2512,0,401.8,469.5
44,2512,1,476.8,416.0
44,2513,1,147.9,640.0
44,2513,1,384.2,435.0
44,2513,0,237.8,476.8
44,2513,1,260.5,439.0
44,2513,0,428.0,469.0
44,2513,0,402.2,467.0
44,2513,1,480.2,414.5
44,2513,1,296.8,381.0
44,2513,0,94.9,637.5
44,2513,0,182.4,550.5
44,2513,1,481.0,615.5
44,2513,0,402.0,466.5
44,2513,0,402.2,453.5
44,2514,1,488.0,631.0
44,2514,1,150.8,640.0
44,2514,0,433.2,467.0
44,2514,1,388.5,439.0
44,2514,1,264.5,444.5
44,2514,0,241.0,478.8
44,2514,0,407.0,467.0
44,2514,0,455.2,531.0
44,2514,0,184.2,535.0
44,2514,0,397.0,448.0
44,2514,1,486.5,416.5
44,2514,0,102.4,636.0
44,2514,0,635.0,476.5
44,2514,0,396.5,448.5
44,2514,0,239.8,473.0
44,2514,1,301.0,382.0
44,2514,0,407.0,467.0
44,2514,0,260.5,442.5
44,2514,0,219.0,463.5
44,2515,1,146.5,639.5
44,2515,1,489.8,636.0
44,2515,0,238.6,480.0
44,2515,1,261.5,445.5
44,2515,0,433.2,470.0
44,2515,1,387.5,438.0
44,2515,0,454.5,470.5
44,2515,0,406.5,470.5
44,2515,0,397.5,438.5
44,2515,0,180.0,541.5
44,2515,0,216.4,468.5
44,2515,1,487.0,416.0
44,2515,1,262.0,445.0
44,2515,0,395.5,450.0
44,2516,1,142.0,640.0
44,2516,0,237.2,482.5
44,2516,1,489.8,639.0
44,2516,1,386.5,440.2
44,2516,1,260.5,447.0
44,2516,0,454.5,478.5
44,2516,0,432.5,472.5
44,2516,0,405.8,473.2
44,2516,1,488.0,415.5
44,2516,0,397.5,435.0
44,2516,0,431.2,473.5
44,2517,0,237.4,477.5
44,2517,0,434.2,468.0
44,2517,1,261.5,441.0
44,2517,1,494.0,639.5
44,2517,1,388.5,436.5
44,2517,1,139.8,639.0
44,2517,0,85.3,638.5
44,2517,0,397.8,440.2
44,2517,0,214.0,472.5
44,2517,0,457.8,478.0
44,2517,0,459.2,534.5
44,2517,0,407.2,467.0
44,2517,0,458.5,501.5
44,2517,1,493.0,416.0
44,2517,0,407.0,441.5
44,2517,0,408.0,469.5
44,2517,0,396.5,447.5
44,2518,0,236.2,481.0
44,2518,1,496.0,639.0
44,2518,1,136.9,640.0
44,2518,0,434.2,469.0
44,2518,1,260.5,443.2
44,2518,1,388.0,435.0
44,2518,1,494.0,411.5
44,2518,0,458.8,477.0
44,2518,0,407.5,470.0
44,2518,0,212.8,470.5
44,2518,0,77.8,637.5
44,2518,0,398.0,438.0
44,2518,0,255.5,444.0
44,2518,0,408.0,469.5
44,2519,0,235.9,482.5
44,2519,1,133.6,640.0
44,2519,0,436.8,473.5
44,2519,1,498.2,413.0
44,2519,1,260.5,445.2
44,2519,1,499.5,639.5
44,2519,1,388.5,439.0
44,2519,0,461.8,477.5
44,2519,0,408.5,470.5
44,2519,0,254.6,445.5
44,2519,0,171.5,547.0
44,2519,0,407.8,435.5
44,2519,0,397.5,442.2
44,2519,0,172.0,591.5
44,2519,0,398.5,438.5
44,2519,0,397.0,450.0
44,2519,1,4.5,447.8
44,2520,0,234.2,484.0
44,2520,0,437.5,477.0
44,2520,1,502.0,638.5
44,2520,0,168.8,553.5
44,2520,0,463.2,526.5
44,2520,1,388.5,438.0
44,2520,0,207.9,484.0
44,2520,1,259.5,444.0
44,2520,0,408.5,475.0
44,2520,0,463.2,479.0
44,2520,1,501.5,416.0
44,2520,0,408.0,433.0
44,2520,0,398.2,434.5
44,2520,0,61.6,639.0
44,2520,0,254.6,447.5
44,2520,1,128.0,622.5
44,2521,0,232.5,487.0
44,2521,1,122.9,639.0
44,2521,0,439.5,480.5
44,2521,1,388.0,443.8
44,2521,1,510.0,639.0
44,2521,1,258.2,445.0
44,2521,0,468.2,485.5
44,2521,0,409.2,479.5
44,2521,1,508.2,425.0
44,2521,0,409.2,479.5
44,2521,0,206.1,486.5
44,2521,0,165.2,571.5
44,2521,0,253.2,450.5
44,2521,0,53.0,640.0
44,2522,0,232.8,486.5
44,2522,1,390.8,445.0
44,2522,0,441.5,482.0
44,2522,1,120.8,639.5
44,2522,0,410.5,479.0
44,2522,1,259.2,447.5
44,2522,0,470.5,484.0
44,2522,0,206.0,493.0
44,2522,1,513.5,428.0
44,2522,0,45.8,638.5
44,2522,0,253.8,450.5
44,2522,0,164.9,613.0
44,2522,1,559.0,638.0
44,2523,0,233.6,490.5
44,2523,1,518.0,639.5
44,2523,1,259.8,447.0
44,2523,1,392.5,444.5
44,2523,1,118.4,640.0
44,2523,1,520.0,429.0
44,2523,0,205.8,498.0
44,2523,0,413.5,486.0
44,2523,0,206.4,519.0
44,2523,0,444.5,485.0
44,2523,0,206.4,481.0
44,2523,0,474.0,484.5
44,2523,0,163.8,625.0
44,2523,0,402.0,441.5
44,2523,0,26.6,640.0
44,2523,0,445.2,487.0
44,2524,0,228.2,492.0
44,2524,1,109.8,640.0
44,2524,1,109.4,639.5
44,2524,1,515.5,640.0
44,2524,0,200.8,485.5
44,2524,1,388.0,441.0
44,2524,1,516.0,428.8
44,2524,0,409.5,485.0
44,2524,1,255.9,449.5
44,2524,0,471.0,494.2
44,2524,0,440.5,485.0
44,2524,0,409.5,485.0
44,2524,0,19.8,640.0
44,2524,0,156.2,565.0
44,2524,0,156.5,618.0
44,2524,0,399.5,440.5
44,2525,1,107.8,639.0
44,2525,0,230.8,489.0
44,2525,1,392.2,447.0
44,2525,1,521.5,638.5
44,2525,1,258.5,442.8
44,2525,1,524.0,426.0
44,2525,0,477.0,487.0
44,2525,0,202.6,489.0
44,2525,0,445.5,479.8
44,2525,0,156.5,636.5
44,2525,0,413.5,481.5
44,2525,0,413.2,482.0
44,2526,1,531.0,640.0
44,2526,1,108.0,639.0
44,2526,0,232.5,489.5
44,2526,1,532.0,429.0
44,2526,1,395.5,445.5
44,2526,1,260.5,450.0
44,2526,0,406.0,439.5
44,2526,1,588.0,638.5
44,2526,0,417.5,484.2
44,2526,0,450.5,485.0
44,2526,0,12.5,639.5
44,2526,0,254.8,449.8
44,2526,1,301.0,384.0
44,2526,0,204.0,497.5
44,2526,0,204.8,483.8
44,2526,0,157.8,598.0
44,2526,0,416.8,484.0
44,2527,0,228.0,491.5
44,2527,1,531.0,639.5
44,2527,1,100.1,640.0
44,2527,1,530.0,432.0
44,2527,1,391.2,446.5
44,2527,1,588.0,639.5
44,2527,0,481.2,495.5
44,2527,0,198.5,493.5
44,2527,1,256.2,448.0
44,2527,1,392.0,448.2
44,2527,0,402.0,439.5
44,2527,0,5.6,640.0
44,2527,0,414.0,488.0
44,2528,1,93.6,639.0
44,2528,1,534.0,640.0
44,2528,1,391.5,449.0
44,2528,1,595.0,640.0
44,2528,0,226.1,495.0
44,2528,0,414.0,486.0
44,2528,1,536.0,437.5
44,2528,1,255.2,451.5
44,2528,0,196.8,502.0
44,2528,0,485.0,578.5
44,2528,1,255.6,447.5
44,2528,0,401.8,459.5
44,2529,0,229.0,496.0
44,2529,1,94.5,639.0
44,2529,1,258.2,450.0
44,2529,1,395.5,452.8
44,2529,1,541.0,441.5
44,2529,1,542.0,639.0
44,2529,0,406.2,449.5
44,2529,0,199.2,504.0
44,2529,0,418.5,490.5
44,2529,0,490.0,502.5
44,2529,0,555.5,431.5
44,2529,1,92.2,462.0
44,2529,0,490.2,545.0
44,2530,1,391.5,454.5
44,2530,1,85.8,638.5
44,2530,1,254.8,451.5
44,2530,1,541.0,441.0
44,2530,1,543.0,638.0
44,2530,0,224.5,504.5
44,2530,0,451.5,497.0
44,2530,1,83.9,639.0
44,2530,0,196.2,556.0
44,2530,0,194.2,502.8
44,2530,1,244.2,451.0
44,2530,1,81.4,477.2
44,2530,1,81.9,583.0
44,2530,1,610.0,640.0
44,2530,1,251.0,460.0
44,2530,0,404.5,441.8
44,2530,0,195.0,483.5
44,2530,0,416.0,494.5
44,2531,1,393.8,456.5
44,2531,1,79.2,640.0
44,2531,1,546.0,446.5
44,2531,0,224.2,506.0
44,2531,1,255.0,456.5
44,2531,0,405.0,442.5
44,2531,0,194.0,497.5
44,2531,1,80.5,639.5
44,2531,0,139.2,636.0
44,2531,1,545.0,639.0
44,2531,0,417.2,496.2
44,2531,1,251.2,463.5
44,2531,0,453.0,506.0
44,2531,1,244.8,453.0
44,2531,1,79.0,474.2
44,2531,1,614.0,640.0
44,2531,0,491.2,569.0
44,2532,1,76.9,639.0
44,2532,1,554.0,447.8
44,2532,1,395.8,460.5
44,2532,0,407.5,452.0
44,2532,1,256.1,457.5
44,2532,1,553.0,640.0
44,2532,0,137.5,631.0
44,2532,0,225.2,510.0
44,2532,0,495.5,562.0
44,2532,1,73.7,476.5
44,2532,0,496.0,513.0
44,2532,0,456.0,507.0
44,2532,0,419.5,497.8
44,2532,0,193.4,521.5
44,2532,1,626.0,639.5
44,2532,0,419.2,462.2
44,2532,0,194.1,497.0
44,2533,1,71.2,640.0
44,2533,1,557.0,461.0
44,2533,1,560.0,640.0
44,2533,0,223.1,514.5
44,2533,1,395.2,463.5
44,2533,1,254.0,466.2
44,2533,0,499.5,609.0
44,2533,1,553.0,216.0
44,2533,0,457.5,505.5
44,2533,0,406.0,460.8
44,2533,0,499.5,519.5
44,2533,1,66.7,481.5
44,2533,0,192.8,568.0
44,2534,1,61.2,639.5
44,2534,1,562.0,487.5
44,2534,0,220.2,519.5
44,2534,1,251.5,475.2
44,2534,1,59.4,492.5
44,2534,1,393.5,471.5
44,2534,0,186.8,535.5
44,2534,0,188.2,577.5
44,2534,0,418.0,511.0
44,2534,0,457.0,515.0
44,2534,0,501.0,573.0
44,2534,0,417.8,462.0
44,2534,0,405.5,457.8
44,2535,1,60.4,640.0
44,2535,1,571.0,475.5
44,2535,0,222.2,521.5
44,2535,0,461.5,517.5
44,2535,1,396.5,473.0
44,2535,1,254.8,471.5
44,2535,0,422.2,513.0
44,2535,1,569.0,224.1
44,2535,0,408.5,471.5
44,2535,1,59.8,494.5
44,2535,0,188.5,532.0
44,2535,0,506.8,541.0
44,2535,0,189.6,575.0
44,2535,0,421.5,468.0
44,2536,1,55.7,640.0
44,2536,0,220.8,525.5
44,2536,1,573.0,471.5
44,2536,0,188.2,581.5
44,2536,1,396.0,476.2
44,2536,0,461.8,528.0
44,2536,0,187.0,573.0
44,2536,1,252.8,480.0
44,2536,0,421.5,469.0
44,2536,0,408.5,473.0
44,2536,0,246.5,482.0
44,2536,0,422.0,518.0
44,2536,0,422.0,517.5
44,2537,0,184.8,587.5
44,2537,1,578.0,475.5
44,2537,0,218.0,530.5
44,2537,1,251.5,479.0
44,2537,1,45.0,639.5
44,2537,1,395.5,479.5
44,2537,0,462.5,581.5
44,2537,0,462.0,527.0
44,2537,0,182.8,585.0
44,2537,0,511.0,541.0
44,2537,1,43.9,507.8
44,2537,0,421.2,469.0
44,2537,0,407.5,470.5
44,2537,0,421.5,521.5
44,2537,0,244.0,480.5
44,2538,0,219.5,529.5
44,2538,0,465.0,582.5
44,2538,0,185.5,591.0
44,2538,1,398.5,477.0
44,2538,1,587.0,476.2
44,2538,1,253.1,479.5
44,2538,1,42.6,640.0
44,2538,1,584.0,224.2
44,2538,0,184.0,571.0
44,2538,0,184.0,535.0
44,2538,1,42.2,509.0
44,2538,0,465.2,529.5
44,2538,0,410.0,474.0
44,2538,0,424.0,469.5
44,2538,1,545.0,437.5
44,2538,0,246.2,481.5
44,2538,1,297.8,406.5
44,2539,0,219.8,532.5
44,2539,1,400.0,479.5
44,2539,1,595.0,511.5
44,2539,0,185.2,594.0
44,2539,1,253.8,481.0
44,2539,1,33.5,512.0
44,2539,1,36.1,639.5
44,2539,0,467.5,583.5
44,2539,0,183.5,526.5
44,2539,0,412.5,472.5
44,2539,0,184.0,590.0
44,2539,0,522.0,600.0
44,2539,0,246.8,484.5
44,2539,1,590.0,225.2
44,2539,1,301.0,363.5
44,2540,0,216.5,534.5
44,2540,0,181.4,593.5
44,2540,1,399.8,478.5
44,2540,1,251.5,480.5
44,2540,1,598.0,483.8
44,2540,1,26.3,639.5
44,2540,0,244.1,482.5
44,2540,1,26.3,517.0
44,2540,0,425.5,471.0
44,2540,0,522.0,612.0
44,2540,0,179.8,566.0
44,2540,0,411.0,472.5
44,2540,0,179.8,542.0
44,2541,0,179.2,594.0
44,2541,0,216.0,536.5
44,2541,1,399.8,480.0
44,2541,1,607.0,531.0
44,2541,1,18.9,640.0
44,2541,1,251.6,481.0
44,2541,1,17.3,524.0
44,2541,0,412.5,474.5
44,2541,1,603.0,221.1
44,2541,0,244.2,483.5
44,2541,0,177.8,569.0
44,2541,0,472.5,589.0
44,2541,0,427.8,526.5
44,2541,0,177.8,530.0
44,2542,0,212.8,539.5
44,2542,0,175.6,601.0
44,2542,1,399.5,478.5
44,2542,1,249.5,487.0
44,2542,0,241.0,485.0
44,2542,1,614.0,523.0
44,2542,0,412.0,476.0
44,2542,0,174.4,541.5
44,2542,1,97.1,479.5
44,2542,0,529.5,633.0
44,2542,0,427.8,528.0
44,2542,1,309.0,348.0
44,2542,0,426.8,473.5
44,2542,0,473.5,590.5
44,2542,1,609.0,212.5
44,2542,1,308.8,347.0
44,2543,0,209.5,541.0
44,2543,1,397.5,480.0
44,2543,1,247.2,488.0
44,2543,0,171.1,576.0
44,2543,0,172.2,602.5
44,2543,0,532.0,638.0
44,2543,0,172.9,606.5
44,2543,1,613.0,212.0
44,2543,0,411.0,476.0
44,2543,0,472.5,593.0
44,2543,0,171.8,527.5
44,2543,1,618.0,541.5
44,2543,0,238.5,479.8
44,2543,0,425.5,473.0
44,2543,1,94.1,492.0
44,2544,0,209.5,540.0
44,2544,1,630.5,552.0
44,2544,1,399.8,480.0
44,2544,1,248.0,485.8
44,2544,0,172.0,605.0
44,2544,0,170.6,541.0
44,2544,0,539.0,639.0
44,2544,0,429.0,473.2
44,2544,0,412.8,473.5
44,2545,0,210.4,545.5
44,2545,1,401.8,486.5
44,2545,0,172.2,613.0
44,2545,1,249.0,488.5
44,2545,0,170.1,608.0
44,2545,1,634.0,580.5
44,2545,0,479.0,549.0
44,2545,0,431.0,481.0
44,2546,0,206.8,545.0
44,2546,1,246.0,489.5
44,2546,1,400.2,486.0
44,2546,0,168.8,613.5
44,2546,0,166.5,576.5
44,2546,0,430.5,479.0
44,2546,0,238.1,490.0
44,2546,1,89.1,446.5
44,2546,0,476.5,552.0
44,2546,0,413.5,475.0
44,2547,0,206.5,545.5
44,2547,1,401.8,484.2
44,2547,1,246.5,488.5
44,2547,0,165.5,564.0
44,2547,1,89.0,447.5
44,2547,0,238.5,490.0
44,2547,0,167.5,615.0
44,2547,0,431.2,478.0
44,2547,1,89.5,464.0
44,2548,0,208.0,550.5
44,2548,1,248.0,493.0
44,2548,0,166.2,549.0
44,2548,1,404.0,488.5
44,2548,1,90.0,465.0
44,2548,1,404.2,488.0
44,2548,0,418.0,476.5
44,2548,0,239.1,492.0
44,2549,1,401.2,488.5
44,2549,0,202.1,554.0
44,2549,1,242.8,496.5
44,2549,1,82.5,467.5
44,2549,0,158.8,553.0
44,2549,0,483.0,558.0
44,2549,0,433.0,480.8
44,2550,0,204.6,554.0
44,2550,1,245.5,494.5
44,2550,1,404.0,491.8
44,2550,1,404.5,491.5
44,2550,0,158.6,548.5
44,2550,0,418.5,483.5
44,2550,0,237.4,490.5
44,2550,1,85.4,464.8
44,2551,0,202.5,553.5
44,2551,1,403.0,489.5
44,2551,1,243.2,495.5
44,2551,1,81.5,479.5
44,2551,0,155.0,631.0
44,2551,0,417.8,483.0
44,2551,0,154.5,601.0
44,2551,0,155.5,538.0
44,2551,1,81.0,480.5
44,2551,0,489.0,564.5
44,2552,1,79.8,493.0
44,2552,1,241.5,496.5
44,2552,1,402.5,491.0
44,2552,0,199.2,555.0
44,2552,0,153.2,568.0
44,2552,0,417.5,471.0
44,2553,0,196.5,559.0
44,2553,1,240.5,493.0
44,2553,1,403.0,488.8
44,2553,1,75.1,495.5
44,2553,0,145.8,587.0
44,2553,0,418.0,475.2
44,2553,0,494.5,563.0
44,2553,1,77.8,495.5
44,2553,1,595.0,60.7
44,2554,0,199.9,559.5
44,2554,1,243.5,497.8
44,2554,1,79.9,500.5
44,2554,1,406.5,488.2
44,2554,0,422.5,482.0
44,2554,0,500.5,569.0
44,2554,0,149.1,601.0
44,2554,0,54.0,476.5
44,2554,1,407.8,492.0
44,2555,0,195.2,563.5
44,2555,1,239.8,500.5
44,2555,1,404.0,490.5
44,2555,0,141.5,588.0
44,2555,0,500.8,574.5
44,2555,0,420.5,479.0
44,2555,1,17.1,639.5
44,2555,0,47.2,476.0
44,2555,1,570.0,448.5
44,2556,0,194.5,565.0
44,2556,1,240.1,501.0
44,2556,1,406.5,492.0
44,2556,0,422.0,484.5
44,2556,0,140.0,586.0
44,2556,0,502.5,578.0
44,2556,0,443.5,555.0
44,2557,1,240.0,501.0
44,2557,0,193.8,567.5
44,2557,0,137.8,630.5
44,2557,0,423.5,489.5
44,2557,1,407.5,494.5
44,2557,0,623.0,639.0
44,2557,1,576.0,457.2
44,2558,0,193.4,568.5
44,2558,1,240.2,502.2
44,2558,0,425.5,489.5
44,2558,1,408.5,494.5
44,2558,0,137.0,591.0
44,2558,0,511.5,597.0
44,2558,0,613.0,469.2
44,2558,0,446.0,494.8
44,2559,0,189.0,576.0
44,2559,1,407.2,501.5
44,2559,0,424.0,498.0
44,2559,1,235.8,503.8
44,2560,1,239.2,503.5
44,2560,1,410.5,503.0
44,2560,0,189.6,577.5
44,2560,0,427.5,489.5
44,2560,0,619.0,468.0
44,2560,0,130.4,632.0
44,2560,0,517.9,562.0
44,2561,1,238.0,504.2
44,2561,1,411.0,504.5
44,2561,0,620.5,481.0
44,2561,0,428.5,503.0
44,2561,1,585.0,465.0
44,2561,0,188.8,580.0
44,2561,0,634.0,481.5
44,2561,0,523.5,612.0
44,2561,0,128.7,637.5
44,2562,1,411.8,512.5
44,2562,0,430.5,499.5
44,2562,1,590.0,476.5
44,2562,0,122.6,637.0
44,2562,1,236.5,519.0
44,2562,0,186.1,593.0
44,2563,1,410.8,514.0
44,2563,0,430.0,511.5
44,2563,1,234.5,520.0
44,2563,0,119.2,617.0
44,2564,1,412.0,515.5
44,2564,1,234.8,521.5
44,2564,0,432.2,502.5
44,2565,1,235.2,520.0
44,2565,0,433.5,504.0
44,2565,0,110.5,639.0
44,2566,1,413.0,513.0
44,2566,1,231.8,523.5
44,2566,0,433.5,494.5
44,2566,1,48.4,527.0
44,2567,0,171.5,609.0
44,2567,1,412.0,513.5
44,2567,1,230.5,521.0
44,2567,0,433.0,498.8
44,2568,1,232.5,524.5
44,2568,0,438.5,503.5
44,2568,0,173.2,614.0
44,2568,0,558.0,639.5
44,2568,0,635.0,476.5
44,2568,0,634.0,477.0
44,2569,1,230.0,524.5
44,2569,0,437.0,507.0
44,2569,0,91.9,638.0
44,2569,0,169.0,614.0
44,2570,1,228.8,525.5
44,2570,0,437.2,527.5
44,2570,1,38.9,510.2
44,2571,0,441.5,518.5
44,2571,1,229.5,535.0
44,2571,1,608.5,515.0
44,2571,1,418.5,534.0
44,2572,0,158.2,639.5
44,2572,0,478.0,637.5
44,2572,0,441.8,521.0
44,2572,1,610.0,538.5
44,2572,1,418.0,537.5
44,2572,0,474.5,635.0
44,2573,1,419.8,542.0
44,2573,0,157.2,640.0
44,2573,0,443.0,524.0
44,2573,1,226.6,549.0
44,2573,0,476.8,639.0
44,2574,1,421.2,544.5
44,2574,0,154.6,640.0
44,2574,0,477.5,566.0
44,2575,0,477.0,639.0
44,2575,1,419.0,545.5
44,2575,0,441.8,537.5
44,2576,1,421.0,546.5
44,2576,0,146.5,639.5
44,2576,1,221.8,545.0
44,2577,1,423.0,552.0
44,2577,0,145.2,640.0
44,2577,1,17.1,570.5
44,2578,1,420.0,554.0
44,2578,1,216.9,562.0
44,2578,0,138.0,639.5
44,2578,1,217.0,561.0
44,2579,1,422.0,558.0
44,2579,0,133.7,640.0
44,2579,1,216.8,562.0
44,2580,1,423.2,558.0
44,2580,0,133.2,639.0
44,2580,1,216.8,562.0
44,2580,1,7.7,570.5
44,2580,0,635.0,640.0
44,2581,1,426.5,560.0
44,2581,0,131.0,640.0
44,2581,1,216.8,561.5
44,2581,1,216.6,561.5
44,2582,1,425.5,557.5
44,2582,0,126.2,640.0
44,2582,1,214.8,560.0
44,2583,1,428.0,555.0
44,2583,0,121.1,639.5
44,2583,1,214.9,562.0
44,2583,0,499.0,639.5
44,2583,1,500.0,638.5
44,2584,1,427.8,559.0
44,2584,1,211.2,570.0
44,2584,1,499.5,634.5
44,2584,0,114.6,639.0
44,2585,1,427.0,561.0
44,2585,1,209.1,567.0
44,2585,1,500.5,637.0
44,2585,0,109.4,639.5
44,2585,0,499.8,639.0
44,2586,1,211.0,574.0
44,2586,1,432.0,566.0
44,2586,0,107.4,640.0
44,2586,0,508.8,640.0
44,2587,0,100.2,639.0
44,2587,1,208.2,572.0
44,2587,1,430.5,567.0
44,2587,0,507.5,636.5
44,2588,1,208.0,575.0
44,2588,1,433.0,573.0
44,2588,0,96.0,639.5
44,2588,0,462.0,592.0
44,2588,0,461.0,569.0
44,2588,0,514.1,637.0
44,2589,1,207.8,576.0
44,2589,1,434.5,575.5
44,2589,0,96.4,640.0
44,2589,0,464.5,548.0
44,2590,1,434.2,573.5
44,2590,0,89.2,640.0
44,2590,1,203.8,581.0
44,2591,1,433.8,576.0
44,2591,1,199.8,582.0
44,2591,0,79.3,637.5
44,2591,0,465.5,541.5
44,2592,1,437.5,572.0
44,2592,1,201.2,580.5
44,2592,0,529.0,640.0
44,2593,1,437.5,571.0
44,2593,1,198.8,582.0
44,2593,1,198.4,582.0
44,2593,0,551.5,490.0
44,2594,1,437.2,576.0
44,2594,1,195.2,586.5
44,2594,0,62.9,639.5
44,2594,1,530.5,638.5
44,2595,1,440.5,580.5
44,2595,0,56.8,638.0
44,2595,1,195.5,589.5
44,2595,0,595.5,495.5
44,2596,1,445.0,586.5
44,2596,0,481.5,622.5
44,3193,0,230.8,478.5
44,3193,1,52.5,512.0
44,3193,0,245.9,449.2
44,3193,0,262.0,426.5
44,3193,0,253.1,442.0
44,3193,0,183.5,567.0
44,3193,1,388.0,482.8
44,3193,0,380.2,473.5
44,3193,0,354.2,424.2
44,3193,0,426.0,559.5
44,3193,0,253.5,436.5
44,3193,0,367.8,421.0
44,3194,0,229.9,475.2
44,3194,1,48.9,509.5
44,3194,1,47.8,511.5
44,3194,1,388.0,487.5
44,3194,0,245.1,449.0
44,3194,0,181.0,567.5
44,3194,0,251.8,442.0
44,3194,0,260.8,425.2
44,3194,1,218.9,492.5
44,3194,0,247.8,443.2
44,3195,1,49.3,507.5
44,3195,0,230.8,473.5
44,3195,0,181.8,568.0
44,3195,0,253.6,440.5
44,3195,0,245.6,449.5
44,3195,0,262.0,425.5
44,3195,0,381.5,473.5
44,3195,0,355.5,425.0
44,3195,1,389.8,483.5
44,3195,1,48.5,509.0
44,3195,1,220.0,492.5
44,3195,0,124.6,635.0
44,3196,0,122.4,634.0
44,3196,1,390.0,488.5
44,3196,0,230.4,476.0
44,3196,1,44.2,509.5
44,3196,0,180.5,570.5
44,3196,0,261.5,427.2
44,3196,0,253.1,442.2
44,3196,0,245.2,449.8
44,3196,0,381.5,476.2
44,3196,0,253.0,442.5
44,3196,1,219.2,493.2
44,3196,0,246.9,445.0
44,3197,0,230.5,478.0
44,3197,0,179.0,572.0
44,3197,0,245.8,451.5
44,3197,0,120.4,634.5
44,3197,0,253.4,442.5
44,3197,0,253.0,443.2
44,3197,1,391.0,489.0
44,3197,0,262.0,427.0
44,3197,0,356.0,425.8
44,3197,1,219.2,500.5
44,3197,0,244.5,456.0
44,3198,0,231.4,485.0
44,3198,0,177.4,587.5
44,3198,0,248.4,458.5
44,3198,0,388.5,481.0
44,3198,0,374.8,423.2
44,3198,1,41.6,476.0
44,3198,1,574.0,468.0
44,3198,1,397.5,492.0
44,3198,0,255.5,445.5
44,3198,1,265.0,430.8
44,3198,0,360.8,426.8
44,3199,0,178.9,584.5
44,3199,0,233.2,488.0
44,3199,0,256.8,442.8
44,3199,0,248.2,464.0
44,3199,0,266.5,428.5
44,3199,0,390.2,477.5
44,3199,0,112.4,636.0
44,3199,1,43.1,475.0
44,3199,1,577.0,472.5
44,3199,0,361.8,426.0
44,3199,1,266.5,429.0
44,3199,0,498.8,639.5
44,3199,0,370.5,420.0
44,3199,0,10.2,529.0
44,3199,0,376.8,421.2
44,3199,1,221.1,497.0
44,3200,0,177.8,586.5
44,3200,0,257.0,441.5
44,3200,0,248.5,464.0
44,3200,0,390.5,479.5
44,3200,0,233.5,488.5
44,3200,0,267.0,427.5
44,3200,0,377.5,421.0
44,3200,1,42.8,475.5
44,3200,0,363.0,425.0
44,3200,0,249.0,448.8
44,3200,0,371.8,420.5
44,3201,0,231.0,483.0
44,3201,0,107.5,637.0
44,3201,0,248.2,458.5
44,3201,0,6.6,536.5
44,3201,0,175.8,590.0
44,3201,0,389.0,480.5
44,3201,0,376.0,424.0
44,3201,0,369.8,424.0
44,3201,0,389.5,483.0
44,3201,0,360.8,427.0
44,3201,0,255.5,445.2
44,3201,1,265.2,430.5
44,3201,1,219.2,497.0
44,3201,0,247.0,465.2
44,3202,0,106.8,639.0
44,3202,0,232.2,482.5
44,3202,0,248.5,461.5
44,3202,0,390.5,482.5
44,3202,0,176.2,591.5
44,3202,0,377.0,422.2
44,3202,0,256.1,446.2
44,3202,1,266.0,431.0
44,3202,0,6.0,537.5
44,3202,0,266.0,429.0
44,3202,0,362.0,428.0
44,3203,0,106.2,638.0
44,3203,0,175.5,591.0
44,3203,0,231.5,485.0
44,3203,0,248.6,461.0
44,3203,1,40.6,519.5
44,3203,0,391.0,484.2
44,3203,0,377.5,424.0
44,3203,0,256.2,447.0
44,3203,1,266.0,431.0
44,3203,0,251.2,451.8
44,3203,0,362.0,427.5
44,3203,0,254.9,451.2
44,3204,0,247.8,463.5
44,3204,0,231.2,485.8
44,3204,0,103.1,638.0
44,3204,0,174.2,594.0
44,3204,0,390.5,483.8
44,3204,0,256.2,447.2
44,3204,0,377.0,422.5
44,3204,0,361.5,428.2
44,3204,1,266.0,432.2
44,3204,1,219.5,503.0
44,3204,1,38.6,519.5
44,3204,0,371.5,422.5
44,3205,0,230.2,489.5
44,3205,0,101.6,638.0
44,3205,0,248.5,459.0
44,3205,0,173.5,594.0
44,3205,0,390.8,487.0
44,3205,1,37.5,525.0
44,3205,1,218.9,505.0
44,3205,0,377.0,424.0
44,3205,0,254.9,447.5
44,3205,0,361.5,429.5
44,3205,0,371.0,423.8
44,3205,0,246.9,468.5
44,3205,0,408.8,527.5
44,3205,0,229.0,490.0
44,3205,1,265.5,433.0
44,3206,0,229.5,491.5
44,3206,0,248.0,470.5
44,3206,0,392.5,492.5
44,3206,1,35.2,529.5
44,3206,1,218.0,510.5
44,3206,0,378.0,431.0
44,3206,0,362.5,434.0
44,3206,1,266.0,436.5
44,3206,1,401.5,505.8
44,3206,0,255.5,454.0
44,3206,0,372.5,430.5
44,3206,0,172.0,602.0
44,3206,0,246.5,473.0
44,3207,0,395.0,491.8
44,3207,1,36.9,530.5
44,3207,0,380.2,430.0
44,3207,0,249.0,471.2
44,3207,0,257.8,445.0
44,3207,0,231.5,495.5
44,3207,1,404.5,507.0
44,3207,0,97.4,639.0
44,3207,0,365.2,433.2
44,3207,1,268.0,433.8
44,3208,0,250.5,473.2
44,3208,0,259.8,442.0
44,3208,0,232.0,497.5
44,3208,0,397.5,489.5
44,3208,1,269.5,435.0
44,3208,0,248.8,475.5
44,3208,0,382.0,425.0
44,3208,0,260.0,453.2
44,3209,0,248.5,473.5
44,3209,1,217.2,510.0
44,3209,0,257.1,453.0
44,3209,1,268.5,436.5
44,3209,0,397.0,491.0
44,3209,0,230.4,486.5
44,3209,0,418.2,537.0
44,3210,1,216.0,518.0
44,3210,0,248.2,474.0
44,3210,0,257.0,452.5
44,3210,1,268.5,436.5
44,3210,0,230.0,493.0
44,3211,0,248.0,473.5
44,3211,1,214.2,523.5
44,3211,1,213.2,525.0
44,3211,1,267.8,436.0
44,3211,0,256.5,454.8
44,3211,0,420.0,537.5
44,3211,0,382.2,423.5
44,3211,0,397.8,489.5
44,3211,0,256.5,448.5
44,3212,0,244.2,467.5
44,3212,0,253.8,453.0
44,3212,0,156.0,623.0
44,3212,0,396.5,492.5
44,3212,0,406.2,507.5
44,3212,0,381.5,436.5
44,3212,1,210.0,529.0
44,3212,0,539.0,639.0
44,3212,1,15.9,480.5
44,3212,0,58.9,639.0
44,3212,1,264.0,437.2
44,3213,1,213.8,523.5
44,3213,0,248.1,473.5
44,3213,1,267.8,434.5
44,3213,0,256.5,453.5
44,3213,0,385.0,426.5
44,3213,0,400.8,494.8
44,3213,1,17.9,473.0
44,3214,1,211.8,525.5
44,3214,1,165.5,439.5
44,3214,0,247.2,469.2
44,3214,0,385.5,426.5
44,3214,1,267.5,434.0
44,3214,0,154.2,636.5
44,3214,0,401.5,493.0
44,3214,0,255.2,453.5
44,3214,0,369.0,430.5
44,3214,0,378.2,421.5
44,3215,0,252.8,455.0
44,3215,0,38.6,504.0
44,3215,0,243.0,465.0
44,3215,1,205.8,531.0
44,3215,1,264.0,437.0
44,3215,1,162.5,444.2
44,3215,0,382.5,426.0
44,3215,0,222.8,504.2
44,3215,0,380.5,426.5
44,3215,0,400.2,496.0
44,3215,0,149.8,636.5
44,3215,0,366.2,429.5
44,3215,0,222.4,508.5
44,3216,1,264.0,438.0
44,3216,0,30.5,636.5
44,3216,1,203.0,530.0
44,3216,0,252.2,457.0
44,3216,0,242.0,466.2
44,3216,1,162.2,445.5
44,3216,0,366.2,431.0
44,3216,0,382.5,425.8
44,3217,1,615.0,509.5
44,3217,1,201.6,528.0
44,3217,1,263.2,439.0
44,3217,0,240.0,476.0
44,3217,0,251.0,458.5
44,3217,1,160.8,445.5
44,3217,0,400.5,503.0
44,3217,0,18.8,640.0
44,3217,0,366.0,434.2
44,3217,0,384.0,434.0
44,3217,0,382.0,431.2
44,3217,0,263.0,438.0
44,3218,1,616.5,508.5
44,3218,0,17.5,639.0
44,3218,0,251.2,456.2
44,3218,1,200.2,528.0
44,3218,0,238.8,482.0
44,3218,0,400.5,502.5
44,3218,1,201.8,532.0
44,3218,0,383.0,431.8
44,3218,0,262.5,437.0
44,3219,1,263.5,438.5
44,3219,0,384.5,430.5
44,3219,0,402.0,503.5
44,3219,0,11.8,640.0
44,3219,0,250.8,457.0
44,3219,0,238.8,481.5
44,3219,0,366.2,431.8
44,3219,0,572.0,639.5
44,3219,0,377.5,428.5
44,3219,1,201.6,535.5
44,3219,1,203.8,532.0
44,3220,1,199.5,529.5
44,3220,0,252.2,458.5
44,3220,0,10.8,639.5
44,3220,0,387.0,436.0
44,3220,0,404.5,505.0
44,3220,1,161.5,444.5
44,3220,0,368.0,435.8
44,3220,0,241.9,473.0
44,3220,1,264.0,439.5
44,3221,1,202.0,537.5
44,3221,1,264.0,439.5
44,3221,0,403.8,504.0
44,3221,0,386.5,435.0
44,3221,0,252.1,458.2
44,3221,1,199.8,539.5
44,3221,0,368.0,433.5
44,3221,1,415.5,523.5
44,3222,1,631.0,481.5
44,3222,1,200.8,539.5
44,3222,0,386.8,433.5
44,3222,1,263.5,439.5
44,3222,0,238.4,480.5
44,3222,0,251.2,459.5
44,3222,0,405.0,506.8
44,3222,0,368.0,435.8
44,3222,0,263.0,437.0
44,3223,0,248.5,462.0
44,3223,1,198.5,547.5
44,3223,1,261.0,441.2
44,3223,0,385.5,442.2
44,3223,0,237.2,481.5
44,3223,0,404.0,510.5
44,3223,1,632.0,498.5
44,3223,1,631.5,501.0
44,3223,0,366.5,435.0
44,3224,0,249.5,463.0
44,3224,1,198.6,550.0
44,3224,1,262.5,442.5
44,3224,0,387.2,438.5
44,3224,0,405.2,511.0
44,3224,1,634.0,519.5
44,3224,0,237.2,486.2
44,3224,0,367.8,437.0
44,3224,0,215.8,520.0
44,3224,1,34.4,71.4
44,3225,0,248.5,465.0
44,3225,1,195.2,551.0
44,3225,0,386.5,442.0
44,3225,1,261.0,445.0
44,3225,0,236.2,486.0
44,3225,0,405.0,514.0
44,3225,1,635.5,539.0
44,3225,0,366.5,440.2
44,3225,1,196.5,555.0
44,3225,0,7.4,485.0
44,3225,0,213.5,520.0
44,3225,1,418.0,533.5
44,3226,0,246.5,467.5
44,3226,0,8.3,518.0
44,3226,0,386.0,442.0
44,3226,0,235.0,489.5
44,3226,0,404.5,516.5
44,3226,1,259.8,444.5
44,3226,1,193.5,575.0
44,3226,1,417.5,536.5
44,3227,0,247.5,469.0
44,3227,0,9.5,520.0
44,3227,0,387.0,445.0
44,3227,0,367.5,441.5
44,3227,0,235.2,488.0
44,3227,1,260.8,446.5
44,3227,0,212.0,529.5
44,3227,0,406.0,517.0
44,3227,1,193.8,574.5
44,3228,0,246.4,468.8
44,3228,0,386.5,444.0
44,3228,1,258.9,447.0
44,3228,0,366.5,442.5
44,3228,0,406.0,518.5
44,3228,1,191.5,568.0
44,3229,0,245.5,470.5
44,3229,0,386.5,447.0
44,3229,1,188.1,558.0
44,3229,1,257.4,449.0
44,3229,0,436.0,583.5
44,3229,0,232.0,487.2
44,3229,0,207.4,532.5
44,3230,0,245.8,468.5
44,3230,0,388.5,444.5
44,3230,1,188.5,558.0
44,3230,0,368.0,441.5
44,3230,1,259.1,443.5
44,3230,0,378.5,440.0
44,3230,1,580.0,471.5
44,3230,1,422.5,545.0
44,3231,0,245.2,470.8
44,3231,0,389.0,449.2
44,3231,1,593.5,487.0
44,3231,1,187.5,567.0
44,3231,0,231.6,494.5
44,3231,0,367.5,444.5
44,3231,0,378.5,436.5
44,3231,1,423.0,546.5
44,3231,1,258.5,446.5
44,3231,0,542.0,467.5
44,3231,0,206.0,535.5
44,3231,1,423.5,547.0
44,3232,1,599.0,496.5
44,3232,1,185.2,575.5
44,3232,0,388.0,451.2
44,3232,0,243.0,477.0
44,3232,0,378.0,439.0
44,3232,1,257.0,450.5
44,3232,0,229.8,490.5
44,3232,1,423.0,553.0
44,3232,1,366.0,447.0
44,3232,0,204.2,541.0
44,3232,1,423.0,553.0
44,3233,0,389.0,454.0
44,3233,0,242.5,482.2
44,3233,1,183.2,582.5
44,3233,1,424.0,560.5
44,3233,0,229.1,501.5
44,3233,1,610.0,504.5
44,3233,0,367.0,450.5
44,3233,0,378.5,443.5
44,3233,0,202.5,549.0
44,3233,1,256.8,455.2
44,3234,0,389.2,454.5
44,3234,0,241.5,485.0
44,3234,1,180.8,587.5
44,3234,1,426.5,565.0
44,3234,0,378.8,444.8
44,3234,1,256.6,457.8
44,3234,0,444.5,610.5
44,3234,1,367.5,450.0
44,3234,0,368.0,450.5
44,3234,0,201.2,555.0
44,3235,0,390.2,455.0
44,3235,0,241.6,487.8
44,3235,1,180.5,588.0
44,3235,1,257.1,459.0
44,3235,0,380.0,450.0
44,3235,0,72.4,526.5
44,3235,1,427.8,568.0
44,3235,1,368.0,454.0
44,3235,0,569.0,490.5
44,3236,1,180.9,592.5
44,3236,0,68.9,526.0
44,3236,0,394.0,460.5
44,3236,0,244.0,485.5
44,3236,0,381.8,452.2
44,3236,1,258.5,459.0
44,3236,1,370.0,455.8
44,3236,0,230.0,513.0
44,3236,0,103.8,490.0
44,3237,0,396.2,465.0
44,3237,0,244.6,489.0
44,3237,0,103.6,497.5
44,3237,1,180.0,600.5
44,3237,1,434.2,578.5
44,3238,0,199.8,569.0
44,3238,0,395.0,466.0
44,3238,0,241.2,492.0
44,3238,1,176.0,605.5
44,3238,0,156.2,624.0
44,3238,1,433.0,582.0
44,3238,0,382.5,452.0
44,3238,0,636.0,564.0
44,3238,1,370.2,459.8
44,3238,1,257.2,464.5
44,3238,0,452.5,632.5
44,3238,0,56.0,540.5
44,3239,1,177.8,605.5
44,3239,0,396.5,466.0
44,3239,0,243.5,490.0
44,3239,1,436.5,582.5
44,3239,0,55.5,547.5
44,3239,0,157.5,528.5
44,3239,0,200.8,562.0
44,3240,0,398.5,464.8
44,3240,0,244.4,488.0
44,3240,1,177.2,606.0
44,3240,1,438.5,583.0
44,3240,0,200.5,566.5
44,3240,0,156.2,624.5
44,3240,0,461.0,636.0
44,3240,0,387.0,458.5
44,3240,1,260.0,462.2
44,3241,1,436.2,585.0
44,3241,0,396.0,463.2
44,3241,0,241.0,491.8
44,3241,1,172.5,603.0
44,3241,0,152.5,630.5
44,3241,0,198.0,567.0
44,3242,0,398.5,464.5
44,3242,1,440.0,588.0
44,3242,1,174.2,607.5
44,3242,0,243.1,491.8
44,3242,0,199.8,571.0
44,3242,0,153.5,631.0
44,3242,0,99.8,497.0
44,3242,0,387.0,456.0
44,3242,0,228.0,516.0
44,3243,1,170.6,609.0
44,3243,1,438.2,590.0
44,3243,0,396.5,464.0
44,3243,1,254.8,468.5
44,3243,0,33.3,506.0
44,3243,0,148.9,531.0
44,3243,0,240.0,496.5
44,3244,0,398.2,469.0
44,3244,1,441.0,594.0
44,3244,1,170.9,611.5
44,3244,0,240.8,495.0
44,3244,0,30.8,511.0
44,3244,1,257.2,466.5
44,3244,0,386.8,461.5
44,3245,0,398.2,468.5
44,3245,1,168.8,620.0
44,3245,1,442.5,596.5
44,3245,0,43.7,512.5
44,3245,0,240.0,497.5
44,3245,0,94.9,502.5
44,3245,0,146.9,619.0
44,3246,1,168.5,621.0
44,3246,0,400.0,482.0
44,3246,0,43.3,510.5
44,3246,0,240.8,499.0
44,3246,0,94.8,503.0
44,3246,1,257.5,466.0
44,3246,0,597.5,444.5
44,3246,0,146.0,626.0
44,3246,0,388.0,463.5
44,3247,1,168.0,622.0
44,3247,0,241.6,497.0
44,3247,0,603.0,444.0
44,3247,0,389.0,458.5
44,3247,0,602.5,442.0
44,3247,0,402.2,467.5
44,3247,0,95.1,502.5
44,3247,0,619.0,463.2
44,3247,0,589.0,443.5
44,3247,0,19.3,556.0
44,3248,1,169.2,621.0
44,3248,0,243.0,493.8
44,3248,0,611.5,445.2
44,3248,0,630.0,464.5
44,3248,0,404.2,479.0
44,3248,0,612.5,441.2
44,3248,1,449.5,599.0
44,3248,0,630.5,483.0
44,3248,0,599.0,437.5
44,3248,1,259.6,465.5
44,3248,0,390.8,455.5
44,3248,0,474.0,639.0
44,3248,0,145.2,628.0
44,3248,0,378.8,457.5
44,3248,0,96.3,501.8
44,3248,0,571.0,605.0
44,3249,1,170.8,622.0
44,3249,0,245.5,491.0
44,3249,0,406.0,464.2
44,3249,1,452.0,599.0
44,3249,1,261.8,462.5
44,3249,0,620.0,441.0
44,3249,1,262.0,464.0
44,3249,0,635.0,489.2
44,3249,0,198.0,578.0
44,3249,0,98.6,499.5
44,3249,0,146.9,629.0
44,3249,0,394.2,459.8
44,3250,1,166.5,622.0
44,3250,0,242.1,493.0
44,3250,0,403.8,460.0
44,3250,1,451.0,601.0
44,3250,0,95.4,498.0
44,3250,0,580.0,635.0
44,3250,0,626.0,446.0
44,3250,0,140.8,630.5
44,3250,0,40.2,505.0
44,3251,1,167.8,619.0
44,3251,0,405.0,465.8
44,3251,0,243.2,491.0
44,3251,1,454.0,605.0
44,3251,0,633.0,453.0
44,3251,0,40.8,504.0
44,3251,0,585.5,637.0
44,3251,1,259.1,463.5
44,3251,0,6.7,524.0
44,3251,0,98.4,498.5
44,3251,0,479.5,640.0
44,3252,0,245.0,490.5
44,3252,1,167.0,623.0
44,3252,1,455.5,607.0
44,3252,0,39.0,501.5
44,3252,0,99.4,496.5
44,3252,0,482.8,639.0
44,3252,0,406.2,452.8
44,3252,1,260.8,461.5
44,3252,0,591.0,640.0
44,3252,0,140.6,631.0
44,3252,0,8.0,472.0
44,3253,0,245.1,489.5
44,3253,1,166.2,622.0
44,3253,1,458.5,608.0
44,3253,0,39.8,516.5
44,3253,1,261.5,459.5
44,3253,0,99.9,494.5
44,3253,0,140.6,538.0
44,3254,1,164.2,625.0
44,3254,0,37.7,506.5
44,3254,1,459.2,609.5
44,3254,0,244.1,489.0
44,3254,0,96.0,496.0
44,3254,1,261.0,461.5
44,3254,0,410.5,482.5
44,3254,0,396.0,460.5
44,3254,1,261.0,462.5
44,3255,0,245.0,488.5
44,3255,0,37.4,507.0
44,3255,1,163.6,624.0
44,3255,1,462.5,611.0
44,3255,0,94.4,496.0
44,3255,1,261.8,459.5
44,3255,0,397.8,454.0
44,3255,0,492.2,639.5
44,3255,1,262.0,461.0
44,3256,0,244.8,491.2
44,3256,0,35.4,510.0
44,3256,1,261.8,460.0
44,3256,0,494.2,639.0
44,3256,1,464.0,613.0
44,3256,0,92.0,501.8
44,3256,0,398.0,454.8
44,3257,0,245.5,492.5
44,3257,0,36.3,510.5
44,3257,1,162.5,633.0
44,3257,1,466.0,617.0
44,3257,1,262.5,461.5
44,3257,1,262.8,462.5
44,3257,0,497.5,640.0
44,3258,0,244.8,494.2
44,3258,0,32.9,511.8
44,3258,1,467.0,619.0
44,3258,1,262.0,461.5
44,3258,0,414.5,480.0
44,3258,0,399.5,461.0
44,3258,0,190.0,588.5
44,3259,0,30.4,518.0
44,3259,0,242.8,494.5
44,3259,1,466.0,620.5
44,3259,0,187.9,589.5
44,3259,1,157.4,640.0
44,3259,0,498.2,640.0
44,3259,0,398.5,455.5
44,3260,0,242.4,496.5
44,3260,1,155.5,639.0
44,3260,0,399.0,463.5
44,3260,1,467.2,625.0
44,3260,0,27.1,514.0
44,3260,0,125.1,639.0
44,3260,0,86.6,505.0
44,3260,0,413.5,467.2
44,3260,0,186.2,589.5
44,3260,0,398.5,457.2
44,3261,1,154.2,639.0
44,3261,0,241.0,497.5
44,3261,0,24.9,542.5
44,3261,1,469.8,628.5
44,3261,0,399.0,461.5
44,3261,0,121.9,639.0
44,3261,0,412.5,454.0
44,3261,0,221.2,527.0
44,3261,0,501.5,639.0
44,3261,1,259.1,465.5
44,3261,0,185.0,595.0
44,3262,1,152.0,640.0
44,3262,0,22.7,541.0
44,3262,0,412.5,451.0
44,3262,0,241.2,497.0
44,3262,0,221.1,524.5
44,3262,0,184.8,596.0
44,3262,1,471.0,628.5
44,3262,0,399.5,458.0
44,3262,0,120.2,639.0
44,3263,1,150.5,640.0
44,3263,1,473.0,630.0
44,3263,0,219.8,525.5
44,3263,0,20.4,513.0
44,3263,0,412.5,449.0
44,3263,1,259.0,459.0
44,3263,0,240.5,497.0
44,3263,0,399.0,454.0
44,3263,0,116.4,639.5
44,3264,1,151.2,640.0
44,3264,0,242.6,494.0
44,3264,0,415.0,446.5
44,3264,0,185.0,597.5
44,3264,0,402.5,457.0
44,3264,1,261.0,462.5
44,3264,1,475.5,631.5
44,3264,1,261.1,461.0
44,3264,0,18.3,543.0
44,3264,0,221.5,527.0
44,3265,1,147.8,640.0
44,3265,0,18.8,532.5
44,3265,0,415.0,448.5
44,3265,0,241.0,497.2
44,3265,0,219.9,529.0
44,3265,1,478.5,632.0
44,3265,0,402.5,457.5
44,3265,1,259.0,465.2
44,3265,1,259.2,463.0
44,3266,1,147.5,639.5
44,3266,0,18.4,521.5
44,3266,0,242.0,497.0
44,3266,1,479.5,632.0
44,3266,0,403.5,452.8
44,3266,0,220.5,527.0
44,3266,1,261.5,461.5
44,3266,1,261.2,460.2
44,3266,0,417.2,447.8
44,3267,1,143.9,639.0
44,3267,0,15.2,506.0
44,3267,1,478.5,637.0
44,3267,0,219.0,530.5
44,3267,0,415.5,444.5
44,3267,0,402.8,456.5
44,3267,0,240.2,494.2
44,3267,1,259.9,458.5
44,3267,0,107.6,639.0
44,3267,0,179.2,596.0
44,3268,1,143.0,640.0
44,3268,0,218.2,526.5
44,3268,0,403.2,457.2
44,3268,1,481.0,636.5
44,3268,0,13.9,511.0
44,3268,1,259.0,456.5
44,3268,0,239.5,492.0
44,3268,0,416.0,445.5
44,3268,0,178.2,597.0
44,3269,1,141.1,639.5
44,3269,0,11.5,510.5
44,3269,0,404.2,457.0
44,3269,0,218.5,526.5
44,3269,1,484.0,639.0
44,3269,0,418.5,447.0
44,3269,0,240.0,490.5
44,3269,0,177.8,598.0
44,3269,1,259.2,452.5
44,3270,1,139.0,640.0
44,3270,0,405.0,474.0
44,3270,0,8.7,494.0
44,3270,1,483.5,639.0
44,3270,0,238.8,490.0
44,3270,0,216.5,528.0
44,3270,1,258.5,455.2
44,3270,0,175.5,598.0
44,3270,0,100.5,639.0
44,3270,0,456.0,594.0
44,3270,0,418.0,446.5
44,3271,1,136.8,640.0
44,3271,0,174.9,600.5
44,3271,1,486.2,640.0
44,3271,0,404.5,458.0
44,3271,0,632.0,597.0
44,3271,0,237.9,490.5
44,3271,0,418.5,445.0
44,3271,0,215.0,526.0
44,3271,0,389.0,457.5
44,3271,0,7.0,493.0
44,3271,1,258.0,451.0
44,3272,1,134.8,640.0
44,3272,0,172.8,601.0
44,3272,1,488.5,639.0
44,3272,0,419.5,444.5
44,3272,0,405.0,456.0
44,3272,0,238.0,488.8
44,3272,0,214.2,527.0
44,3272,1,258.5,454.5
44,3272,0,5.9,488.8
44,3272,1,388.2,452.8
44,3273,1,132.2,640.0
44,3273,0,405.5,456.0
44,3273,0,420.5,444.5
44,3273,1,490.5,639.0
44,3273,0,171.5,605.5
44,3273,0,237.8,490.2
44,3273,0,213.9,526.0
44,3273,0,405.0,449.5
44,3273,1,258.0,453.0
44,3274,1,130.6,640.0
44,3274,0,237.5,493.0
44,3274,0,214.0,530.5
44,3274,0,171.2,610.0
44,3274,0,406.8,459.0
44,3274,0,422.0,446.2
44,3274,1,494.0,639.5
44,3274,1,258.2,454.2
44,3274,0,406.5,451.5
44,3275,1,125.7,640.0
44,3275,0,236.1,493.5
44,3275,0,406.0,458.8
44,3275,0,212.0,532.5
44,3275,0,168.2,613.5
44,3275,0,421.5,447.8
44,3275,1,257.2,455.5
44,3275,1,494.0,640.0
44,3275,0,80.1,638.0
44,3276,1,124.6,640.0
44,3276,0,236.8,494.8
44,3276,0,212.5,535.0
44,3276,0,167.2,615.0
44,3276,0,408.0,462.8
44,3276,0,422.8,451.5
44,3276,1,257.8,454.5
44,3276,0,467.0,604.0
44,3277,0,236.1,493.2
44,3277,1,122.8,640.0
44,3277,0,211.9,534.0
44,3277,0,166.2,619.0
44,3277,0,407.0,459.5
44,3277,1,257.6,458.0
44,3277,0,423.0,451.5
44,3277,0,467.5,607.0
44,3278,0,208.4,538.0
44,3278,0,234.0,496.5
44,3278,1,118.9,640.0
44,3278,0,406.5,462.5
44,3278,0,422.5,456.0
44,3278,0,162.4,618.5
44,3278,1,498.0,640.0
44,3279,0,208.2,538.5
44,3279,1,116.6,640.0
44,3279,0,234.5,495.0
44,3279,0,424.2,460.0
44,3279,0,470.0,609.0
44,3279,0,408.0,456.2
44,3279,0,162.0,618.5
44,3279,1,256.2,456.8
44,3280,0,233.0,498.0
44,3280,1,113.4,640.0
44,3280,0,207.0,544.5
44,3280,0,424.2,461.0
44,3280,1,504.5,640.0
44,3280,0,409.2,466.5
44,3280,0,471.8,613.5
44,3280,0,617.0,485.2
44,3280,1,254.1,459.0
44,3280,0,626.0,640.0
44,3281,1,112.5,639.0
44,3281,0,233.8,499.8
44,3281,0,207.8,546.0
44,3281,0,426.0,465.0
44,3281,0,623.5,472.0
44,3281,0,409.5,461.5
44,3281,1,256.2,457.5
44,3282,1,107.9,639.0
44,3282,0,231.8,503.5
44,3282,0,425.5,471.0
44,3282,0,205.8,548.0
44,3282,0,408.5,465.0
44,3282,0,156.9,637.0
44,3282,0,474.0,620.0
44,3283,1,107.9,639.0
44,3283,0,232.9,505.5
44,3283,0,410.5,469.5
44,3283,0,431.2,542.5
44,3283,0,206.2,551.0
44,3283,0,158.0,636.0
44,3283,0,428.0,481.2
44,3283,0,477.0,622.0
44,3284,1,103.8,638.5
44,3284,0,431.5,537.5
44,3284,0,231.0,504.5
44,3284,0,204.1,547.5
44,3284,0,409.5,472.5
44,3284,0,154.0,633.0
44,3284,1,253.0,464.5
44,3285,1,102.4,638.0
44,3285,0,231.0,504.0
44,3285,0,433.8,547.0
44,3285,0,204.0,547.5
44,3285,0,411.5,476.0
44,3285,1,515.5,640.0
44,3285,0,153.6,636.0
44,3285,1,252.2,470.0
44,3286,0,432.5,550.5
44,3286,0,228.2,508.5
44,3286,0,200.8,553.5
44,3286,1,516.5,640.0
44,3286,0,409.8,477.5
44,3286,1,252.0,469.0
44,3286,1,95.4,640.0
44,3286,1,250.8,471.5
44,3286,0,149.2,638.0
44,3286,1,388.5,471.8
44,3287,0,229.2,508.2
44,3287,1,96.6,639.0
44,3287,1,520.0,639.5
44,3287,0,411.0,478.0
44,3287,0,433.8,556.0
44,3287,0,201.5,552.5
44,3287,1,252.0,472.5
44,3288,0,232.1,509.5
44,3288,0,204.2,550.5
44,3288,0,414.5,478.5
44,3288,0,438.5,563.5
44,3288,1,526.0,639.5
44,3288,1,96.4,639.0
44,3288,1,254.0,474.5
44,3288,0,151.0,636.5
44,3289,1,89.9,640.0
44,3289,0,436.0,550.0
44,3289,0,146.2,639.0
44,3289,0,200.6,556.5
44,3289,0,228.5,512.0
44,3289,0,411.5,478.0
44,3289,1,523.0,640.0
44,3289,1,251.4,476.0
44,3289,1,251.9,474.0
44,3290,1,89.4,639.5
44,3290,0,147.1,639.0
44,3290,0,414.5,475.2
44,3290,0,438.8,551.0
44,3290,0,229.8,514.5
44,3290,1,530.0,639.0
44,3290,0,200.5,564.5
44,3290,1,253.0,467.5
44,3290,1,529.0,640.0
44,3290,1,252.5,471.5
44,3291,1,528.5,640.0
44,3291,1,81.8,640.0
44,3291,0,436.8,561.5
44,3291,0,413.5,481.0
44,3291,0,140.5,637.5
44,3291,0,227.0,520.0
44,3291,0,197.4,567.5
44,3291,1,252.0,479.5
44,3291,1,250.8,482.5
44,3291,0,396.5,479.8
44,3292,1,74.6,639.0
44,3292,1,536.5,640.0
44,3292,0,439.2,565.0
44,3292,0,414.5,486.5
44,3292,0,611.0,639.5
44,3292,0,226.4,528.0
44,3292,1,250.9,483.8
44,3292,0,195.0,573.0
44,3292,0,397.0,484.0
44,3293,1,66.9,640.0
44,3293,0,441.5,569.5
44,3293,1,250.0,486.0
44,3293,0,620.0,640.0
44,3293,0,131.5,637.5
44,3293,0,499.8,640.0
44,3293,1,64.1,470.5
44,3293,1,391.2,481.5
44,3293,0,193.0,581.5
44,3293,0,224.5,527.0
44,3293,0,397.0,484.5
44,3294,1,59.0,640.0
44,3294,0,445.0,577.0
44,3294,0,630.0,639.0
44,3294,1,250.5,487.5
44,3294,0,224.5,531.0
44,3294,0,191.0,581.5
44,3294,1,394.0,489.0
44,3295,1,44.6,639.0
44,3295,0,446.2,581.5
44,3295,0,221.0,536.5
44,3295,0,119.9,639.5
44,3295,1,249.0,491.5
44,3295,0,222.0,536.0
44,3295,1,41.8,483.5
44,3295,0,419.0,496.5
44,3296,1,34.5,639.0
44,3296,0,113.4,640.0
44,3296,0,449.2,580.0
44,3296,1,247.2,493.5
44,3296,0,219.5,533.5
44,3296,0,421.8,535.0
44,3296,1,30.6,489.2
44,3296,0,400.5,492.5
44,3296,0,184.8,594.5
44,3296,0,115.3,640.0
44,3297,1,25.4,639.5
44,3297,0,449.5,586.0
44,3297,1,244.9,495.5
44,3297,0,216.2,539.0
44,3297,0,421.5,536.0
44,3297,1,19.7,494.5
44,3297,0,400.2,500.0
44,3297,0,448.0,558.0
44,3298,1,9.9,640.0
44,3298,1,244.9,497.0
44,3298,0,215.0,544.5
44,3298,0,453.5,585.0
44,3298,1,97.1,480.0
44,3298,0,425.0,541.0
44,3298,0,35.6,522.0
44,3299,1,242.1,500.5
44,3299,0,211.4,545.5
44,3299,0,454.0,587.0
44,3299,0,424.5,539.5
44,3299,0,400.5,493.5
44,3299,1,91.8,506.5
44,3300,1,241.4,502.0
44,3300,0,457.2,596.0
44,3300,1,88.8,502.0
44,3300,1,617.0,567.0
44,3300,0,427.0,542.0
44,3300,1,619.0,536.5
44,3300,0,209.5,552.0
44,3301,1,240.0,504.5
44,3301,0,458.8,605.0
44,3301,1,85.4,496.5
44,3301,0,207.8,554.0
44,3301,1,86.3,496.5
44,3301,0,428.0,549.5
44,3302,1,237.5,500.5
44,3302,1,79.9,480.5
44,3302,0,203.8,552.5
44,3302,1,81.4,478.0
44,3302,0,461.5,604.0
44,3302,0,427.0,554.0
44,3302,1,235.5,501.0
44,3303,1,238.8,499.0
44,3303,0,204.5,555.0
44,3303,1,400.0,502.0
44,3303,1,357.0,352.2
44,3304,0,199.5,559.5
44,3304,0,471.0,590.0
44,3304,1,236.6,500.0
44,3305,0,197.0,561.5
44,3306,0,194.5,560.0
44,3306,0,480.5,596.5
44,3306,0,434.5,556.5
44,3306,1,233.2,500.0
44,3307,1,570.5,501.5
44,3307,1,232.5,504.5
44,3307,0,434.0,565.0
44,3308,1,231.9,502.5
44,3308,0,437.5,569.0
44,3308,0,411.0,507.5
44,3308,1,573.5,502.0
44,3309,0,442.0,572.0
44,3309,1,583.0,500.5
44,3309,0,499.0,610.5
44,3309,1,406.0,508.2
44,3309,1,234.0,504.5
44,3310,0,188.5,581.0
44,3310,1,232.5,510.0
44,3310,0,444.5,584.0
44,3310,0,416.5,522.5
44,3310,1,406.8,511.0
44,3311,0,186.1,581.0
44,3311,0,419.2,518.0
44,3311,1,62.1,499.0
44,3311,1,231.5,505.0
44,3311,0,449.2,583.0
44,3311,1,59.5,454.8
44,3312,0,179.5,601.0
44,3312,1,228.6,524.0
44,3312,1,49.9,497.0
44,3312,0,450.0,583.0
44,3312,0,420.0,524.5
44,3313,0,179.5,606.5
44,3313,0,26.4,526.0
44,3313,1,229.4,529.5
44,3313,1,49.1,525.5
44,3313,0,422.0,535.0
44,3313,1,595.0,449.0
44,3314,0,172.8,615.0
44,3315,0,634.0,639.5
44,3315,0,171.8,622.5
44,3315,0,427.5,547.5
44,3315,1,226.6,535.5
44,3316,0,167.0,629.0
44,3316,0,459.5,618.0
44,3316,1,610.0,519.5
44,3316,1,360.5,358.5
44,3316,1,224.8,322.5
44,3316,0,427.5,551.0
44,3317,0,161.8,634.0
44,3317,0,429.8,546.5
44,3317,1,30.3,516.0
44,3317,1,222.0,541.0
44,3318,1,28.1,531.0
44,3319,1,14.3,547.5
44,3319,0,438.8,570.0
44,3319,1,216.5,548.0
44,3319,1,213.8,321.0
44,3319,0,147.0,639.0
44,3319,1,360.0,355.5
44,3320,1,9.1,555.5
44,3320,0,441.0,570.0
44,3320,0,598.0,640.0
44,3320,1,214.8,543.0
44,3321,1,4.3,568.5
44,3321,0,130.6,640.0
44,3321,1,211.4,568.0
44,3322,1,359.0,357.0
44,3322,1,206.2,568.5
44,3322,0,119.2,639.5
44,3323,1,202.5,575.0
44,3323,1,432.0,568.0
44,3324,1,432.0,571.0
44,3324,0,96.9,596.0
44,3324,1,359.2,355.0
44,3325,0,27.5,545.0
44,3325,1,434.5,582.0
44,3325,1,194.5,580.0
44,3326,0,461.0,615.0
44,3326,1,193.2,590.5
44,3326,1,189.8,383.5
44,3327,1,184.2,598.5
44,3327,1,185.6,596.0
44,3328,1,180.0,621.0
44,3328,1,181.0,612.0
44,3329,1,177.6,615.0
44,3329,1,178.4,614.0
44,3329,1,174.0,362.5
44,3329,1,451.2,608.0
44,3330,1,163.5,541.0
44,3330,1,166.2,618.0
44,3330,1,452.8,371.5
44,3331,1,162.8,640.0
44,3331,1,163.0,593.0
44,3331,1,471.5,623.0
44,3331,1,463.8,625.0
44,3332,1,151.5,640.0
44,3332,1,466.0,633.0
44,3332,1,465.5,634.0
44,3332,1,467.5,631.0
44,3333,1,144.0,640.0
44,3333,1,465.0,640.0
44,3333,0,501.8,639.0
44,3334,1,141.4,640.0
44,3335,1,134.8,638.0
44,3335,0,522.9,640.0
44,3335,1,132.6,528.0
44,3335,1,228.8,409.0
44,3336,1,121.2,640.0
44,3336,0,530.0,640.0
44,3336,0,539.0,640.0
44,3337,1,111.4,640.0
44,3337,0,539.5,638.0
44,3337,0,58.8,639.0
44,3338,1,99.6,639.0
44,3338,1,486.5,639.0
44,3338,1,95.4,494.0
44,3339,1,99.4,639.0
44,3339,1,496.5,639.0
44,3339,1,495.8,639.5
44,3339,1,95.0,495.0
44,3339,0,26.7,639.0
44,3340,1,85.5,640.0
44,3340,1,500.5,638.5
44,3340,1,81.8,591.0
44,3341,1,83.5,638.0
44,3341,1,502.5,636.5
44,3341,0,524.5,473.5
44,3341,1,79.1,578.0
44,3342,1,78.9,638.0
44,3342,1,507.0,638.0
44,3342,1,83.5,640.0
44,3343,1,82.5,638.0
44,3343,1,521.0,639.5
44,3344,1,78.1,637.5
44,3344,1,529.0,637.0
44,3344,0,558.0,493.2
44,3344,1,83.6,640.0
44,3345,1,73.1,639.0
44,3345,1,535.0,639.0
44,3345,1,77.2,640.0
44,3346,1,72.6,640.0
44,3347,1,67.4,640.0
44,3347,1,548.0,639.5
44,3347,1,548.5,595.5
44,3348,1,61.8,640.0
44,3348,1,552.5,640.0
44,3348,1,65.9,634.5
44,3349,1,59.5,640.0
44,3349,1,558.5,640.0
44,3349,1,64.1,631.5
44,3350,1,56.3,640.0
44,3350,1,564.0,640.0
44,3350,1,60.6,640.0
44,3351,1,44.4,640.0
44,3351,1,568.0,638.0
44,3351,1,50.8,640.0
44,3352,1,43.2,640.0
44,3352,1,571.5,639.5
44,3352,1,50.3,640.0
44,3352,1,233.8,413.5
44,3353,1,40.9,640.0
44,3353,1,577.5,640.0
44,3354,1,585.0,639.5
44,3354,1,30.2,640.0
44,3354,1,37.8,640.0
44,3355,1,19.7,640.0
44,3355,1,599.0,639.0
44,3355,1,20.3,639.0
44,3355,1,234.0,416.5
44,3355,1,23.4,640.0
44,3355,1,14.2,601.5
44,3356,1,13.8,640.0
44,3356,1,606.0,640.0
44,3356,1,14.2,638.5
44,3356,1,9.9,617.0
44,3357,1,613.0,640.0
44,3357,1,7.2,640.0
44,3357,1,232.5,368.0
44,3357,1,6.8,640.0
44,3358,1,618.5,640.0
44,3358,1,369.0,353.0
44,3358,1,233.0,366.0
44,3358,1,34.8,68.2
44,3359,1,627.0,640.0
44,3359,1,233.8,414.5
44,3360,1,629.5,640.0
44,3360,1,628.5,519.5
44,3361,1,368.0,352.5
44,3361,1,230.8,363.0
44,3362,1,368.0,352.5
44,3362,1,230.8,363.0
44,3363,1,232.8,358.5
44,3363,1,369.2,345.0
44,3364,1,249.8,340.0
44,3364,1,372.2,342.0
44,3365,1,231.2,349.5
44,3365,1,369.5,335.5
44,3366,1,233.2,346.2
44,3366,0,152.2,174.2
44,3366,1,630.5,639.5
44,3368,0,152.8,177.0
44,3368,1,232.5,348.0
44,3368,1,370.5,336.0
44,3369,0,153.2,181.9
44,3370,0,150.8,175.6
44,3371,1,233.5,346.8
44,3371,0,153.9,174.4
44,3372,1,234.0,341.2
44,3372,1,373.8,338.5
44,3373,1,232.8,350.2
44,3373,0,153.4,177.5
44,3374,1,233.6,346.5
44,3374,1,373.5,337.5
44,3375,1,233.2,350.5
44,3375,1,373.5,340.0
44,3376,1,233.5,353.2
44,3376,1,249.4,336.0
44,3376,1,374.0,342.0
44,3376,1,166.2,314.5
44,3376,0,152.2,175.0
44,3377,1,234.2,349.0
44,3377,0,153.4,179.0
44,3377,1,375.5,345.5
44,3377,1,249.8,334.5
44,3378,0,152.0,186.4
44,3379,0,152.5,183.8
44,3379,1,232.8,357.5
44,3380,0,152.4,175.2
44,3381,0,149.8,170.5
44,3383,0,150.5,175.2
44,3383,1,231.8,357.8
44,3383,1,373.8,341.0
44,3384,0,149.2,181.8
44,3385,1,231.2,358.2
44,3385,1,247.9,338.5
44,3386,0,149.9,178.2
44,3386,1,247.6,339.5
44,3387,1,230.9,359.0
44,3387,1,373.0,345.5
44,3387,1,247.1,338.0
44,3388,1,374.0,351.5
44,3388,1,231.2,361.0
44,3388,1,247.9,341.0
44,3389,1,232.0,365.5
44,3389,1,375.5,347.0
44,3390,1,374.0,351.5
44,3390,1,230.6,365.0
44,3391,1,231.5,366.2
44,3391,1,375.0,352.8
44,3392,0,151.0,184.0
44,3393,1,229.8,359.2
44,3393,0,151.2,181.2
44,3394,0,152.6,181.0
44,3394,1,247.2,339.0
44,3395,1,229.2,360.0
44,3396,1,229.2,362.5
44,3396,0,148.5,181.0
44,3397,1,376.5,350.2
44,3398,0,148.5,179.8
44,3398,1,230.1,371.0
44,3398,1,374.5,350.0
44,3399,1,374.0,351.0
44,3399,1,228.8,362.5
44,3399,0,147.4,182.6
44,3400,0,147.6,180.6
44,3400,1,376.0,352.0
44,3400,1,230.1,366.5
44,3401,0,148.5,181.8
44,3401,1,40.8,568.5
44,3401,1,227.6,362.0
44,3402,1,230.0,364.0
44,3402,0,148.9,181.8
44,3403,1,375.0,344.5
44,3403,1,227.8,359.2
44,3404,1,228.0,360.5
44,3404,1,375.5,343.0
44,3405,1,228.0,358.0
44,3406,1,225.0,359.8
44,3406,1,372.5,342.5
44,3407,1,220.9,361.2
44,3407,1,369.2,343.0
44,3407,1,148.5,311.5
44,3408,1,364.5,337.8
44,3409,1,205.5,354.2
44,3409,1,131.8,306.5
44,3409,0,124.5,163.8
44,3409,1,222.2,329.0
44,3410,1,194.2,355.5
44,3410,1,118.2,300.5
44,3410,1,345.5,332.5
44,3410,1,211.2,324.5
44,3411,1,181.8,361.5
44,3411,1,333.2,327.5
44,3411,1,103.1,295.8
44,3412,1,160.2,338.5
44,3412,1,316.5,322.2
44,3412,1,178.2,314.8
44,3412,1,80.4,288.5
44,3412,0,72.2,133.5
44,3413,1,303.0,320.2
44,3413,1,162.8,308.5
44,3413,1,144.0,330.8
44,3413,1,62.8,282.5
44,3414,1,56.6,279.2
44,3414,1,139.2,329.5
44,3414,1,298.5,319.2
44,3414,1,157.5,307.0
44,3415,1,114.5,327.5
44,3415,1,133.8,305.8
44,3415,1,29.2,278.2
44,3416,1,95.9,324.5
44,3416,1,8.2,274.8
44,3416,1,115.5,303.5
44,3416,1,264.0,313.0
44,3417,1,74.0,314.0
44,3417,1,95.2,297.5
44,3417,1,246.6,307.0
44,3418,1,56.1,311.0
44,3418,1,233.2,304.5
44,3418,1,78.1,290.8
44,3419,1,28.1,307.5
44,3419,1,51.9,293.8
44,3419,1,212.5,306.0
44,3420,1,169.5,312.0
44,3421,1,146.1,320.2
44,3801,1,200.1,604.5
44,3801,0,293.8,411.5
44,3803,1,179.9,635.0
44,3803,1,265.5,448.2
44,3804,1,177.0,635.0
44,3805,1,177.8,636.0
44,3805,1,264.0,446.0
44,3806,1,174.2,639.0
44,3806,1,264.0,446.5
44,3807,1,163.5,640.0
44,3808,1,158.1,639.5
44,3809,1,151.8,638.5
44,3809,1,255.0,452.2
44,3810,1,141.6,639.5
44,3811,1,136.2,640.0
44,3811,1,251.2,457.0
44,3812,1,249.5,463.0
44,3812,1,127.6,640.0
44,3813,1,118.0,639.5
44,3813,1,245.8,466.0
44,3814,1,101.9,640.0
44,3814,1,240.8,468.5
44,3815,1,242.2,476.2
44,3816,1,84.9,640.0
44,3816,1,241.5,470.5
44,3817,1,76.8,640.0
44,3817,1,241.0,469.0
44,3818,1,79.9,640.0
44,3818,1,250.8,473.2
44,3819,1,249.9,478.0
44,3819,1,64.1,640.0
44,3820,1,247.8,476.8
44,3820,1,585.5,100.1
44,3821,1,249.5,471.0
44,3821,1,41.2,640.0
44,3822,1,250.2,467.5
44,3823,1,251.8,470.8
44,3824,1,6.3,487.5
44,3825,1,285.0,413.0
44,3826,1,249.5,473.0
44,3827,1,250.0,475.8
44,3827,1,86.9,467.0
44,3828,1,248.2,476.0
44,3829,1,247.5,476.5
44,3829,0,282.5,416.0
44,3830,1,245.4,479.8
44,3831,1,245.1,486.0
44,3832,1,244.8,487.5
44,3832,1,281.2,423.8
44,3833,1,242.0,494.5
44,3834,1,242.0,495.5
44,3835,1,243.4,496.0
44,3835,0,282.0,427.0
44,3836,1,240.4,499.5
44,3837,1,240.9,501.0
44,3837,1,281.0,431.8
44,3838,1,237.8,499.5
44,3839,1,238.0,502.0
44,3840,1,238.2,503.5
44,3841,1,277.8,434.0
44,3841,1,237.0,503.0
44,3842,1,236.8,501.5
44,3843,1,238.8,505.2
44,3843,1,281.0,431.5
44,3844,1,235.5,508.5
44,3845,1,234.8,511.0
44,3845,1,278.0,433.5
44,3846,1,233.2,515.0
44,3846,1,277.0,435.0
44,3847,1,232.2,515.0
44,3847,1,277.0,435.0
44,3848,1,231.2,515.0
44,3848,1,276.5,435.2
44,3849,1,231.8,516.5
44,3849,1,277.2,435.5
44,3850,1,228.9,518.0
44,3850,1,275.0,434.0
44,3851,1,231.5,518.5
44,3851,1,277.0,435.5
44,3852,1,229.5,521.5
44,3852,1,276.5,435.5
44,3853,1,276.0,438.0
44,3853,1,228.0,525.0
44,3854,1,230.5,527.0
44,3855,1,228.6,527.0
44,3856,1,230.4,525.0
44,3856,1,279.2,436.0
44,3857,1,229.2,528.0
44,3857,1,279.0,435.5
44,3858,1,228.8,528.0
44,3859,1,228.8,529.0
44,3859,1,280.0,433.5
44,3860,1,280.0,434.0
44,3860,1,228.2,530.0
44,3861,1,280.0,433.5
44,3861,1,8.3,144.6
44,3863,1,280.5,436.0
44,3864,1,278.8,433.8
44,3864,1,4.2,639.5
44,3864,1,224.5,538.5
44,3865,1,280.0,434.8
44,3865,1,224.5,537.0
44,3866,1,277.5,433.8
44,3866,1,222.5,535.0
44,3867,1,224.0,540.0
44,3867,1,280.0,436.0
44,3868,1,278.5,434.5
44,3868,1,222.5,541.0
44,3869,1,278.8,435.0
44,3870,1,280.0,439.8
44,3870,1,146.0,640.0
44,3871,1,219.8,552.0
44,3871,1,279.2,440.2
44,3871,1,143.6,639.0
44,3872,1,280.5,443.5
44,3872,1,220.0,553.0
44,3872,1,314.0,341.5
44,3873,1,218.0,556.5
44,3873,1,279.0,441.5
44,3873,0,262.0,467.0
44,3873,1,136.9,640.0
44,3874,1,217.8,557.5
44,3874,1,279.8,441.8
44,3875,1,281.0,444.2
44,3875,1,219.0,556.5
44,3875,1,314.0,339.5
44,3875,0,15.0,529.0
44,3876,1,214.5,559.5
44,3876,0,6.9,501.5
44,3876,1,126.1,638.0
44,3876,1,279.0,442.2
44,3876,0,261.2,470.0
44,3877,1,214.1,564.5
44,3877,0,262.2,471.5
44,3877,1,121.1,640.0
44,3878,1,213.9,568.0
44,3879,1,210.2,567.5
44,3879,1,277.0,442.8
44,3879,0,40.3,223.0
44,3880,1,208.5,566.0
44,3880,1,276.0,439.5
44,3881,1,206.2,567.5
44,3881,1,275.0,440.0
44,3882,1,204.9,570.0
44,3882,1,274.8,441.0
44,3883,1,205.2,575.5
44,3883,1,276.0,442.5
44,3884,1,203.8,581.0
44,3884,1,276.0,443.2
44,3885,1,201.6,586.5
44,3885,1,275.5,444.0
44,3886,1,201.8,590.0
44,3886,1,276.2,446.0
44,3887,1,199.0,592.5
44,3888,1,197.0,600.0
44,3888,1,313.5,339.5
44,3889,1,195.2,606.0
44,3889,1,25.7,472.0
44,3889,1,275.0,455.5
44,3890,1,273.2,457.0
44,3890,1,192.8,600.0
44,3892,1,186.0,621.0
44,3892,0,10.1,495.0
44,3893,1,184.0,625.0
44,3893,0,63.4,527.5
44,3893,1,272.5,456.8
44,3894,1,180.0,633.0
44,3895,1,180.8,637.0
44,3895,0,131.1,205.9
44,3895,1,616.0,56.8
44,3895,1,272.8,460.0
44,3896,1,173.8,639.0
44,3897,1,172.1,636.5
44,3897,1,268.5,463.0
44,3897,1,309.0,348.2
44,3898,1,170.2,412.2
44,3898,1,169.6,638.5
44,3898,1,268.8,462.0
44,3898,1,633.5,46.2
44,3899,1,169.0,408.0
44,3899,1,169.5,640.0
44,3900,1,164.5,640.0
44,3900,1,309.0,344.5
44,3901,1,164.2,640.0
44,3901,0,22.2,77.8
44,3901,1,269.2,460.5
44,3902,1,267.2,461.5
44,3902,1,158.0,638.5
44,3902,1,157.8,412.0
44,3903,1,153.8,640.0
44,3903,1,152.5,415.5
44,3903,1,265.0,463.5
44,3904,1,267.8,466.0
44,3904,1,152.2,420.5
44,3905,1,149.5,639.5
44,3905,1,145.6,439.5
44,3905,1,267.0,472.0
44,3905,0,196.5,555.0
44,3906,1,144.4,639.5
44,3906,1,265.0,475.0
44,3907,1,142.5,639.5
44,3907,1,139.6,438.2
44,3907,1,264.5,476.8
44,3908,1,135.0,440.0
44,3908,1,137.5,639.0
44,3908,1,264.5,479.2
44,3909,1,134.5,638.5
44,3909,1,131.9,442.5
44,3909,1,264.8,478.8
44,3910,1,131.0,639.0
44,3910,1,127.5,440.8
44,3910,1,263.5,481.0
44,3911,1,129.9,639.0
44,3911,1,125.7,445.0
44,3912,1,125.6,638.5
44,3912,1,123.1,445.5
44,3913,1,122.4,639.0
44,3913,1,118.5,445.5
44,3913,0,177.9,639.5
44,3914,1,118.9,446.0
44,3914,1,121.9,639.0
44,3914,0,28.1,639.5
44,3914,0,178.8,639.0
44,3914,1,309.0,347.5
44,3915,1,114.0,639.5
44,3915,0,175.5,627.5
44,3915,1,261.2,477.5
44,3915,0,177.0,595.0
44,3915,1,306.0,348.5
44,3916,0,175.2,628.0
44,3916,1,112.1,640.0
44,3916,1,111.0,464.2
44,3916,1,113.8,640.0
44,3916,1,262.0,478.2
44,3916,1,110.9,488.5
44,3917,0,174.0,592.0
44,3917,1,110.0,639.0
44,3917,1,261.0,477.5
44,3917,1,109.1,640.0
44,3917,1,109.0,467.0
44,3918,0,172.8,591.5
44,3918,1,108.1,638.5
44,3918,1,104.9,448.5
44,3918,1,260.5,477.0
44,3918,1,306.0,348.5
44,3918,1,106.6,640.0
44,3919,0,172.0,589.5
44,3919,1,104.7,639.0
44,3919,1,104.2,442.5
44,3919,1,261.2,475.5
44,3920,1,98.2,442.5
44,3920,1,101.4,639.5
44,3920,0,169.6,590.0
44,3920,0,168.1,619.5
44,3920,1,260.0,473.0
44,3920,0,219.0,568.0
44,3921,1,98.8,640.0
44,3921,0,169.0,591.0
44,3921,1,97.1,444.5
44,3921,1,260.8,474.0
44,3922,1,96.1,640.0
44,3922,0,167.2,595.0
44,3922,1,261.5,473.5
44,3923,0,162.5,597.0
44,3923,1,88.8,447.2
44,3923,0,215.8,574.5
44,3923,1,88.2,640.0
44,3923,1,258.2,474.0
44,3923,1,88.9,640.0
44,3924,1,81.8,638.0
44,3924,0,157.6,603.5
44,3924,1,81.9,487.5
44,3924,1,256.5,475.5
44,3924,1,82.2,640.0
44,3924,0,211.8,582.0
44,3925,1,79.4,638.5
44,3925,0,156.8,603.5
44,3925,1,78.2,541.5
44,3925,0,211.9,583.5
44,3926,1,77.2,638.0
44,3926,1,76.9,515.0
44,3926,0,156.0,603.0
44,3926,1,77.7,639.0
44,3926,1,256.6,476.5
44,3927,1,71.9,640.0
44,3927,0,151.5,607.5
44,3928,0,151.8,609.0
44,3928,1,67.9,570.0
44,3928,1,256.0,475.0
44,3928,1,107.1,437.5
44,3929,0,145.6,603.0
44,3929,1,61.1,548.0
44,3929,1,253.8,473.5
44,3929,1,58.8,639.0
44,3930,0,143.5,608.0
44,3930,1,55.6,640.0
44,3930,1,56.5,519.0
44,3930,1,253.2,475.0
44,3930,1,56.0,639.0
44,3930,0,206.0,581.0
44,3931,1,54.0,640.0
44,3931,0,143.5,635.0
44,3931,1,254.0,475.5
44,3931,0,206.2,585.0
44,3932,0,141.8,618.0
44,3932,1,50.3,639.5
44,3932,0,206.0,582.0
44,3932,1,253.5,478.8
44,3932,1,49.5,527.0
44,3932,1,304.0,342.5
44,3933,1,42.1,640.0
44,3933,0,136.1,620.5
44,3933,1,251.6,479.5
44,3934,1,41.4,640.0
44,3934,0,141.5,635.0
44,3934,0,207.4,586.5
44,3935,1,37.0,640.0
44,3935,0,137.5,635.0
44,3936,1,31.6,490.5
44,3936,0,133.6,638.0
44,3936,1,31.2,516.5
44,3936,1,255.2,477.0
44,3937,1,20.5,640.0
44,3937,0,131.2,636.0
44,3937,1,254.4,478.0
44,3937,1,21.2,638.5
44,3938,1,18.3,640.0
44,3938,0,130.0,637.0
44,3938,1,255.0,479.5
44,3938,1,19.2,506.8
44,3939,1,11.3,640.0
44,3939,0,124.0,639.0
44,3939,1,11.0,538.5
44,3939,1,252.0,479.8
44,3940,0,121.2,639.0
44,3940,1,252.6,480.0
44,3940,1,7.4,526.0
44,3940,1,8.1,639.5
44,3941,1,6.5,532.0
44,3941,0,120.5,635.5
44,3941,1,252.9,477.5
44,3941,1,6.8,639.0
44,3942,0,118.8,638.0
44,3942,1,253.4,475.8
44,3942,1,4.4,539.0
44,3942,1,305.2,333.8
44,3943,0,113.2,637.5
44,3944,0,106.6,638.0
44,3945,0,102.4,639.0
44,3945,0,188.0,616.0
44,3946,0,95.4,638.0
44,3947,0,90.6,619.5
44,3948,0,82.4,632.0
44,3948,0,75.8,639.0
44,3948,0,177.5,625.0
44,3949,0,79.8,639.0
44,3950,0,75.4,639.0
44,3951,0,173.8,631.0
44,3952,0,64.6,640.0
44,3952,1,299.0,344.5
44,3952,0,172.0,632.0
44,3953,0,56.5,640.0
44,3956,0,157.8,636.0
44,3957,1,49.2,468.0
44,3957,1,227.6,517.0
44,3957,0,151.0,640.0
44,3962,1,285.0,368.0
44,3963,1,11.8,544.5
44,3963,1,284.5,365.5
44,3963,1,210.5,542.0
44,3964,1,5.8,559.0
44,3964,1,208.0,545.5
44,3964,1,284.8,359.0
44,3965,1,282.5,359.0
44,3966,1,68.6,640.0
44,3966,1,281.0,358.5
44,3967,1,195.0,556.0
44,3967,0,142.5,639.0
44,3967,1,279.0,358.0
44,3968,0,128.2,636.0
44,3968,1,188.6,570.0
44,3969,0,126.0,638.5
44,3970,0,123.2,639.5
44,3970,1,186.5,563.0
44,3971,0,119.1,639.0
44,3972,0,120.5,639.0
44,3973,0,119.4,639.0
44,3975,0,115.1,639.0
44,3975,1,183.5,564.5
44,3976,0,103.2,636.0
44,3977,1,172.6,573.5
44,3978,1,170.5,575.0
44,3978,0,88.3,636.0
44,3979,0,80.6,638.5
44,3979,1,279.8,344.5
44,3980,0,79.8,640.0
44,3980,1,168.2,585.0
44,3980,1,170.9,591.0
44,3981,1,173.0,586.0
44,3982,0,51.5,639.5
44,3982,1,168.5,605.0
44,3983,1,161.5,615.0
44,3983,0,30.7,640.0
44,3984,1,4.6,640.0
44,3984,1,154.0,617.5
44,3985,1,149.8,640.0
44,3986,1,140.5,640.0
44,3987,1,134.5,609.5
44,3987,1,136.0,640.0
44,3988,1,150.8,373.2
44,3988,1,122.4,640.0
44,3989,1,110.9,639.5
44,3989,1,149.5,368.2
44,3990,1,95.2,623.0
44,3991,1,148.2,358.5
44,3991,1,70.8,640.0
44,3992,1,149.5,362.5
44,3992,1,66.8,640.0
44,3993,1,41.2,640.0
44,3993,1,147.5,365.5
44,3994,1,143.8,367.2
44,3995,1,145.6,367.0
44,3996,1,142.8,370.5
44,3996,1,73.2,329.2
44,3996,1,285.5,358.0